제목,원제,개봉연도,장르,러닝타임(분),관람연령,줄거리,구독,대여,소장,감독,주요배우,내별점,내코멘트,코멘트작성일,poster_url,backdrop_url
끝이 없는 스칼렛,果てしなきスカーレット,2025,애니메이션 / 드라마,111,12세,"아버지를 살해당하고, 복수에 실패한 왕녀・스칼렛은 ""죽은 자의 나라""에서 깨어난다.
광기가 넘치는 이 세계에서, 숙적에게 복수를 달성하고,
""끝이 없는 곳""에 도달하지 않으면, <허무>가 되어 존재가 사라져 버린다.

상상을 초월한 모험.
끝이 없는 투쟁.
시공을 넘어선 운명의 만남.

끝이 없는 여로의 끝에서, 스칼렛은 살아갈 길을 찾을 수 있을까?",왓챠,"5,500원~","10,890원~",호소다 마모루,,2.0,그래서 하늘에 용은 왜 날아다니는건데,2026-05-21,https://an2-img.amz.wtchn.net/image/v2/rEuZeDHWGX1vnP1TlB7dsQ.jpg?jwt=ZXlKaGJHY2lPaUpJVXpJMU5pSjkuZXlKdmNIUnpJanBiSW1SZk5Ea3dlRGN3TUhFNE1DSmRMQ0p3SWpvaUwzWXlMM04wYjNKbEwybHRZV2RsTHpVMk9UTTJPRGsyT0RJNU5qSXhJbjAueF80UnJFRnRGV1ZzY0JGNU1DZXBFSTkzNHE1R1g3ZEVTQzUwNzVUNE9lRQ==,https://an2-img.amz.wtchn.net/image/v2/kv_49Hy6Rqgu0VKfyYF9GA.webp?jwt=ZXlKaGJHY2lPaUpJVXpJMU5pSjkuZXlKdmNIUnpJanBiSW1SZk5EY3dlREkyTkhFNE1DSmRMQ0p3SWpvaUwzWXlMM04wYjNKbEwybHRZV2RsTHpFNU56azRPVFF5TVRVMk16STFORE1pZlEuMDA4RTVLWjlrWEZYck5tSjBOY2x4dEtxRkJIdXdENFFoampGYUtzaUctTQ==
에너미 앳 더 게이트,Enemy at the Gates,2001,전쟁 / 액션 / 드라마 / 스릴러,131,15세,제2차 세계대전 당시 소련이 미국의 동맹국으로 독일에게 강력히 저항하게 되자 독일은 소련을 장악하기 위하여 소련의 마지막 보루인 '스탈린그라드'의 침공을 강행하게 된다. 그러자 이 '스탈린그라드'는 전쟁의 최고 격전지가 되고 독일군의 파상 공세에 소련군은 점차 위기에 몰리게 된다. 이때 소련군 선전장교 다닐로프(조셉 파인즈 분)는 선전 전단을 뿌리기 위하여 전장의 한복판에 뛰어들었다가 소련 병사 바실리(쥬드 로 분)의 기막힌 사격 솜씨를 목격하게 된다.  그렇게 그의 탁월한 사격술을 발견한 다닐로프는 패배감에 젖어 사기가 저하된 소련군에게 승전할 수 있다는 희망을 주기 위하여 바실리를 영웅으로 만들어 소련군의 사기를 올려주어야겠다는 생각을 떠올리게 된다. 벼랑 끝에 몰린 러시아에게 있어 마지막 방어지인 스탈린그라드에서의 전투는 물러설 수 없는 것이어서 스탈린은 흐루시초프(밥 호스킨스)를 현지 책임자로 파견한다. 다닐로프의 계획에 의해 바실리는 하루하루 나찌 장교들을 처단하는 저격수로 변하게 되고 평범했던 그는 어느새 전설적인 소련의 영웅으로 재탄생하게 되는데.,웨이브,"1,500원~","5,500원~",장 자크 아노,주드 로 / 조셉 파인즈,3.0,내가 본 베드씬 중 역대 탑이라고 감히 말할 수 있다.,2026-05-21,https://an2-img.amz.wtchn.net/image/v2/M5IpsixX_sdu96co2e935Q.jpg?jwt=ZXlKaGJHY2lPaUpJVXpJMU5pSjkuZXlKdmNIUnpJanBiSW1SZk5Ea3dlRGN3TUhFNE1DSmRMQ0p3SWpvaUwzWXhMM3BrZERGcGIzbDZjRFJyYUhwc05uTmpZbVZxSW4wLkJNckVmTVJUdXAwejdpWTRjOFZLS2Z6MEphSWZWa1ZYdU82eXV0b2JDRGs=,https://an2-img.amz.wtchn.net/image/v2/BntR_Bcy-8omAznoJcw6aQ.webp?jwt=ZXlKaGJHY2lPaUpJVXpJMU5pSjkuZXlKdmNIUnpJanBiSW1SZk5EY3dlREkyTkhFNE1DSmRMQ0p3SWpvaUwzWXhMMlJ6YlhocmFuVnNhM0ZuYTJVM05YVTFkbWh3SW4wLlFZNjlIai1CLVBFQWNlbHRoTWY0czhTUEQ5dkw1S19qZjZMNndtWDJTVFk=
친구,,2001,액션 / 범죄,,청불,"준석(유오성), 동수(장동건), 상택(서태화), 중호(정운택) 네 친구는 초등학교 때부터 친했던 친구들. 고등학교에 갔을 때 모범생이 된 상택과 달리 준석과 동수는 학교에서 가장 잘 싸우는 녀석들이 됐다. 아버지가 왕년에 폭력조직 보스였던 준석은 또래에서 맏형 노릇을 하고 장의사집 아들 동수는 준석의 든든한 오른팔이 된다. 어느 날 영화관에서 준석과 동수는 떼로 몰려드는 타학교 학생들과 혈전을 벌이고 퇴학당한다. 자기 때문에 벌어진 싸움이건만 평소 모범생이던 자신만 유기정학을 당하자 상택은 가출을 결심한다. 준석은 그런 상택을 만류하고 고등학교를 졸업하면서 네 친구는 각자 다른 길을 걷게 되는데...",왓챠,,,곽경택,유오성 / 장동건,4.5,이 영화를 본 엄마아빠들이 아무말도 없었던걸 보니 그 당시 유오성 정도로 겉늙은 고딩들이 많았나보다,2026-05-21,https://an2-img.amz.wtchn.net/image/v2/bAoEWBsoXnIILe6HKb3VJQ.jpg?jwt=ZXlKaGJHY2lPaUpJVXpJMU5pSjkuZXlKdmNIUnpJanBiSW1SZk5Ea3dlRGN3TUhFNE1DSmRMQ0p3SWpvaUwzWXhMM2RqWW1Wd1kySnVkRFJ2TVhkcWRXeDRkelJwSW4wLmt2MjZoMnJrczRaRGNjdC1KNkdBcy1jM2htNFRBSVVWUWFldEQ1WVpfeVU=,https://an2-img.amz.wtchn.net/image/v2/S4nMfOQ93f1xxc8HJAxP3Q.webp?jwt=ZXlKaGJHY2lPaUpJVXpJMU5pSjkuZXlKdmNIUnpJanBiSW1SZk5EY3dlREkyTkhFNE1DSmRMQ0p3SWpvaUwzWXhMMlJsY2pocWFqaHBiV0YyYkhkek5IVjNiSGgxSW4wLlpOc2cxa0VtOHMxTUsxcm0zSmhpWjBtRFJmcnUxb2I1djAtZXVYQ1psQlU=
"파리, 13구","Les Olympiades, Paris 13e",2021,드라마 / 코미디 / 로맨스,105,청불,"화려함 속에 가려진 외로운 도시, 파리 13구. 낭만을 잃었다 생각한 그 곳에서 불현듯 사랑을 만났다.

사랑을 원하는 에밀리
사랑이 두려운 노라
사랑이 값비싼 앰버 스위트
사랑을 몰랐던 카미유

흔들리고 불안했던 그 사랑이, 우리는 전부라 생각했다.

여전히 사랑을 믿는 도시
<파리, 13구>",왓챠,"2,750원~","6,050원~",자크 오디아르,루시 장 / 노에미 멜랑 / 마키타 삼바 / 제니 베스,3.5,어디가서 좋아하는 배우 이름이라고 하기 어렵지만 노에미 멜랑이 좋아서 봤습니다,2026-05-21,https://an2-img.amz.wtchn.net/image/v2/Di-AfQ1DFH6nvc7gcgXTOA.jpg?jwt=ZXlKaGJHY2lPaUpJVXpJMU5pSjkuZXlKdmNIUnpJanBiSW1SZk5Ea3dlRGN3TUhFNE1DSmRMQ0p3SWpvaUwzWXlMM04wYjNKbEwybHRZV2RsTHpFMk5EazNOREUxTlRrM01qRTJOak01TkRZaWZRLkI4RmFMYWxDOFdGOHlWVHkydjItZEJzelczUzdzWUFpMFM1dEtMem9hLWc=,https://an2-img.amz.wtchn.net/image/v2/ca8hhxf3xRYxx0hOc8Jizw.webp?jwt=ZXlKaGJHY2lPaUpJVXpJMU5pSjkuZXlKdmNIUnpJanBiSW1SZk5EY3dlREkyTkhFNE1DSmRMQ0p3SWpvaUwzWXlMM04wYjNKbEwybHRZV2RsTHpFMk5Ea3lNamsyT0RneU5Ea3dOemN5TXpZaWZRLnpaMGZoRGVnNDJsU1V2RHlYRGpXal9Vdm1DTjRCckFENkRyaXBpRzZfNE0=
버킷 리스트: 죽기전에 꼭 하고싶은것들,The Bucket List,2007,드라마 / 코미디,97,12세,"자동차 정비사 카터(모건 프리먼)는 대학 신입생 시절, 철학교수가 과제로 내주었던 ‘버킷 리스트’를 떠올린다. 하지만 46년이 지난 지금, 죽기 전에 꼭 하고 싶은 일들을 적어보는 ‘버킷 리스트’는 잃어버린 꿈이 남긴 쓸쓸한 추억에 불과하다.

재벌 사업가 에드워드(잭 니콜슨)는 돈 안 되는 ‘리스트’ 따위에는 관심 없다. 기껏해야 최고급 커피 맛보는 것 외에 자신이 원하는 게 무엇인지 생각할 수도 없다. 우연히 같은 병실을 쓰게 된 두 남자는 너무나 다른 서로에게서 너무나 중요한 공통점을 발견하게 된다. ‘나는 누구인가’를 정리할 필요가 있다는 것, 얼마 남지 않은 시간 동안 ‘하고 싶던 일’을 다 해야겠다는 것!

‘버킷 리스트’를 실행하기 위해 두 사람은 병원을 뛰쳐나가 여행길에 오른다. -세렝게티에서 사냥하기, 문신하기, 카레이싱과 스카이 다이빙, 눈물 날 때까지 웃어 보기, 가장 아름다운 소녀와 키스하기, 화장한 재를 깡통에 담아 경관 좋은 곳에 두기… - 목록을 지워나가기도 하고 더해 가기도 하면서 두 사람은 많은 것을 나누게 된다. 인생의 기쁨, 삶의 의미, 웃음, 통찰, 감동, 우정까지….",,"1,320원~","4,950원~",롭 라이너,잭 니콜슨 / 모건 프리먼,2.5,좋아하는 할아버지 둘이 나오지만 뻔한 영화랄까 ?,2026-05-21,https://an2-img.amz.wtchn.net/image/v2/V8NvvEllLHqAgdDPKfCowA.jpg?jwt=ZXlKaGJHY2lPaUpJVXpJMU5pSjkuZXlKdmNIUnpJanBiSW1SZk5Ea3dlRGN3TUhFNE1DSmRMQ0p3SWpvaUwzWXhMMlZ1TjNCbGFIcHROblZ6T1d0dmMyVm5jMmRrSW4wLnNrSHo0ZndCc0g4RDdRVGtQX2gxa2tiRDNVc1l4N0dOUi1TT0YzQ05ENmc=,https://an2-img.amz.wtchn.net/image/v2/C54SBKSlKbZ4-IRVIRLa5w.webp?jwt=ZXlKaGJHY2lPaUpJVXpJMU5pSjkuZXlKdmNIUnpJanBiSW1SZk5EY3dlREkyTkhFNE1DSmRMQ0p3SWpvaUwzWXhMMjFxYjJOMFlpMHhPREF4TkNKOS5kSWt3bkIxQ3VwQVFOMmJHQ2U3LXlLaW1MUFRFY1R5dFoweGxrbndjQXlB
레이디 버드,Lady Bird,2017,코미디 / 드라마,94,15세,"안녕 내 이름은 “레이디 버드”라고 해. 다른 이름이 있지만, 내가 나에게 이름을 지어줬지. 모두가 나에게 잘 살아보라고 충고로 위장한 잔소리를 해. 하지만 지금 이 모습이 내 최고의 모습이라면?

날 좀 그냥 내버려 둬!",왓챠,"2,750원~","5,500원~",그레타 거윅,시얼샤 로넌,3.5,언젠가 엄마가 될 모든 딸들을 위한 영화,2026-05-18,https://an2-img.amz.wtchn.net/image/v2/-IRXY8WRgdaNrNH0dRhkDw.jpg?jwt=ZXlKaGJHY2lPaUpJVXpJMU5pSjkuZXlKdmNIUnpJanBiSW1SZk5Ea3dlRGN3TUhFNE1DSmRMQ0p3SWpvaUwzWXhMMnRxYVhGbmJHVjNlWEZoWldoNGVuQm5jWGt6SW4wLnk1ajAyWXBZRGJVNGhqLUJwNmxQZzNmTElXZHBvbHAxaWltdDBUaHdFTjQ=,https://an2-img.amz.wtchn.net/image/v2/xcSQgtvcw5tNwUWm6n6Zqw.webp?jwt=ZXlKaGJHY2lPaUpJVXpJMU5pSjkuZXlKdmNIUnpJanBiSW1SZk5EY3dlREkyTkhFNE1DSmRMQ0p3SWpvaUwzWXhMM0JzWXpocmVIcDZiMnhzTW5Gdk5tcGxlbVJpSW4wLlI2cTZlajA0WnNIc2cweFJYTWRMRjNJcWhyNGR1N0szRjh5bUNYeVVfR0U=
파더 마더 시스터 브라더,Father Mother Sister Brother,2025,코미디 / 드라마,110,12세,"<파더 마더 시스터 브라더>는 3부작 형식으로 정교하게 구성된 장편영화이다. 

세 편의 이야기는 모두 성인 자녀들과, 다소 거리를 둔 부모(또는 부모들), 그리고 서로 간의 관계를 다룬다. 또한, 세 편의 이야기는 현재를 배경으로 하지만, '파더'는 미국 북동부에서, '마더'는 아일랜드 더블린에서, '시스터 브라더'는 프랑스 파리에서 각각 벌어진다.",왓챠,"5,500원~","10,890원~",짐 자무쉬,톰 웨이츠 / 아담 드라이버 / 마임 비아릭 / 샬럿 램플링 / 케이트 블란쳇,3.5,안 웃겨도 좋은 반복의 리듬감. 헛헛한 가족사에는 이만한 박자가 없다.,2026-05-11,https://an2-img.amz.wtchn.net/image/v2/Suk9i5S5f_ko701chfyXqA.jpg?jwt=ZXlKaGJHY2lPaUpJVXpJMU5pSjkuZXlKdmNIUnpJanBiSW1SZk5Ea3dlRGN3TUhFNE1DSmRMQ0p3SWpvaUwzWXlMM04wYjNKbEwybHRZV2RsTHpJM056TXdPVFE0TkRRNE5URTVJbjAuZkplaG1CTHY0enV1RzEwLTREWlJySEZmQjljd1B3bUx3R2dxNWh4Nm5mNA==,https://an2-img.amz.wtchn.net/image/v2/g0A2upUsPfqay0Uu0-tZWw.webp?jwt=ZXlKaGJHY2lPaUpJVXpJMU5pSjkuZXlKdmNIUnpJanBiSW1SZk5EY3dlREkyTkhFNE1DSmRMQ0p3SWpvaUwzWXlMM04wYjNKbEwybHRZV2RsTHpNNE1qTXdNek15TURVeU9UWTFJbjAubngtMHlCRU5HU0tMY3UwaEFNTzFkRjFHLXRucjR3WnpDRkZvNDdNWHN6RQ==
이노센스,イノセンス,2004,애니메이션 / 스릴러 / 드라마,99,12세,"2032년, 인간과 기계의 경계가 무너진 시대. 가이노이드가 사람을 살해한 사건이 발생하자 공안 9과의 바토와 토구사는 수사에 나선다. 그러나 사건은 단순한 기체 결함이 아닌 거대한 음모로 이어지고, 두 사람은 존재의 본질을 뒤흔드는 진실과 맞닥뜨리게 되는데...",왓챠,"2,750원~","7,200원~",오시이 마모루,,3.0,"점점 깊어지고 복잡해지는 철학, 대사들도 결국 메인 테마송 하나 만으로 용서가 되어버림",2026-05-11,https://an2-img.amz.wtchn.net/image/v2/RiKYWOiJjL6CLAkxMUIPKw.jpg?jwt=ZXlKaGJHY2lPaUpJVXpJMU5pSjkuZXlKdmNIUnpJanBiSW1SZk5Ea3dlRGN3TUhFNE1DSmRMQ0p3SWpvaUwzWXlMM04wYjNKbEwybHRZV2RsTHpjeU16RTRNamd5TkRFMk16Y3hPRE1pZlEuc1UteGRneWxSVE95am9oUlNoNWpUcTROSE5EQ3I2b1JNSkJfZ1B2dHdTVQ==,https://an2-img.amz.wtchn.net/image/v2/QOuUxApcYqVyt48feUEEjw.webp?jwt=ZXlKaGJHY2lPaUpJVXpJMU5pSjkuZXlKdmNIUnpJanBiSW1SZk5EY3dlREkyTkhFNE1DSmRMQ0p3SWpvaUwzWXlMM04wYjNKbEwybHRZV2RsTHpJME5UUTNNVFkyT1RBMU5URTRPRE1pZlEuNUFSMEVJcmpnNDRqS3pXcVQyM1laNzg0MGFDVmpNRFczMnJ6NmlpM0wzMA==
정점,Apex,2026,액션 / 스릴러,95,청불,그녀는 극한의 모험을 추구하며 산다. 그는 사냥의 스릴을 맛보기 위해 살인을 저지른다. 호주의 황야에서 마주친 두 사람은 결국 깨닫게 된다. 누가 포식자이고 누가 먹잇감인지.,,,,발타자르 코루마쿠르,샤를리즈 테론,2.5,빡빡이에 호주 억양을 쓰는 태런 애저튼이 점점 귀여워 보이는 영화,2026-05-11,https://an2-img.amz.wtchn.net/image/v2/FfLo19Y714Cq0HnpkJzG_A.jpg?jwt=ZXlKaGJHY2lPaUpJVXpJMU5pSjkuZXlKdmNIUnpJanBiSW1SZk5Ea3dlRGN3TUhFNE1DSmRMQ0p3SWpvaUwzWXlMM04wYjNKbEwybHRZV2RsTHpZeU5UUTJOVFV4TkRjeE5EWTNNeUo5LmRvdFVlUFAzQmFTZU5RR3lPZUczcHAtUHBVcndQTEVHbEhuX1FXQldJcWs=,https://an2-img.amz.wtchn.net/image/v2/K6RcrMdwdFB93B3oNHb7kA.webp?jwt=ZXlKaGJHY2lPaUpJVXpJMU5pSjkuZXlKdmNIUnpJanBiSW1SZk5EY3dlREkyTkhFNE1DSmRMQ0p3SWpvaUwzWXlMM04wYjNKbEwybHRZV2RsTHprME1UUXpOREk1TlRjNE1qWTFNQ0o5LjdJWW1hNEN1S1dvN2M0ak5WN1pmYzZ4R2QwUmNDWGRtdmhPSE93VXpUU1k=
미스터 & 미세스 스미스,Mr. & Mrs. Smith,2005,액션 / 코미디 / 범죄 / 스릴러,119,15세,"두 일급킬러의 잘못된 만남
5~6년 전, 콜롬비아 보고타에서 우연히 만난 존(브래드 피트)과 제인(안젤리나 졸리). 살인사건으로 검문당하던 제인은 존의 도움으로 무사히 빠져나가고 둘은 첫눈에 반해 사랑에 빠진다. 완벽한 외모와 성품을 가진 최고의 배우자를 만났다고 기뻐하는 두 사람. 그러나, 그것은 사상 최악의 잘못된 만남이었으니… 바로 두 사람은 경쟁조직에 속한 일급킬러들이었던 것이다. 하지만 두 사람은 서로의 정체를 전혀 눈치채지도 못한 채 결혼에 골인한다. 그리고 5~6년 후…

킬러부부에게도 권태기는 있다
겉보기엔 평온한 부부생활을 즐기는 존과 제인 부부. 매일 저녁 7시엔 꼭 함께 저녁식사를 하고, 정원을 가꾸고, 아침이 되면 나란히 차를 타고 출근한다. 하지만 그들이 회사에서 보내는 하루일과는 암살로 시작해 암살로 끝난다. 때로 야근에 특근도 있고 출장도 잦다. 이처럼 평범치 않은 신분의 존과 제인에게 아주 평범한(?) 위기가 닥친다. 바로 권태기에 빠지게 된 것. 처음 만났을때의 설레임은 도무지 찾아볼수가 없고 섹스도 거의 없는 이 부부는 이 심각한 상황을 벗어나기 위해 상담도 해보지만 별 소용이 없다.

천생연분, 하루 아침에 적이 되다
그러던 중 조직으로부터 임무를 부여 받은 두 사람은 암살현장에서 예기치 않은 방해꾼을 발견한다. 그리고 상대를 제거하기 위해 총구를 겨눈 순간, 상대 킬러가 바로 자신의 배우자임을 알게 된다. 이 충격적인 사실로 혼돈스러운 것도 잠시, 임무실패에 대한 책임으로 두 사람은 각각 조직으로부터 48시간 내에 상대 킬러를 죽이라는 명령을 받는다.이제 어제의 부부가 오늘 적이 되어 수단과 방법을 가리지 않고 서로를 죽이기 위해 쫓고 쫓기는 게임을 시작하는데…",,,"5,500원~",더그 라이만,브래드 피트 / 안젤리나 졸리,3.0,걍 둘 얼굴 보고만 있어도 흐믓해서 3점은 먹고 들어가는 영화라니 인생 참 편하겠다,2026-05-11,https://an2-img.amz.wtchn.net/image/v2/dV-mUaICJz8MYUWzx7kz4g.jpg?jwt=ZXlKaGJHY2lPaUpJVXpJMU5pSjkuZXlKdmNIUnpJanBiSW1SZk5Ea3dlRGN3TUhFNE1DSmRMQ0p3SWpvaUwzWXhMMjV1TW5oMWN6WjFhV1pxTldObVpuUnhZblo2SW4wLjF0ZGg1WmZjUDJtaG1TQkc1NlhPMHQ1eTBzaTg4dUM2VjRJQjlqM0tTVDg=,https://an2-img.amz.wtchn.net/image/v2/S34w8U34xC08XLJrDcuV3g.webp?jwt=ZXlKaGJHY2lPaUpJVXpJMU5pSjkuZXlKdmNIUnpJanBiSW1SZk5EY3dlREkyTkhFNE1DSmRMQ0p3SWpvaUwzWXhMM0kwZFdsb2FUWjVlR2QxWjNFeGQyZDRkVGhxSW4wLkNYejJyb3pGNWozVnN3bGNPWXFLeENqSjVrTWlvX0tNMWR4QkY5TThDMUk=
엽문,葉問,2008,액션 / 전기 / 드라마,106,12세,"이소룡이 존경했던 단 한 사람
 1930년대 중국, 수많은 무술가들의 메카가 된 불산. 그 곳에서 ‘엽문’은 빠른 스피드와 강력한 힘을 자랑하는 영춘권
 의 고수이자, 백전불패를 자랑하는 신화와 같은 실력으로 중국 전역에 명성을 떨친다. 그러던 어느 날, 일본이 중국대
 륙을 침략해 중일전쟁이 발발하고 불산은 일본의 식민지배 하에 놓이게 된다. 일본은 먼저 ‘민족혼 말살정책’의 일환
 으로 불산의 무술가들을 비열한 방법으로 하나하나 격파해 나간다. 심지어 이로 인해 죽음에 이르는 무술가들이 늘어가
 자 엽문은 큰 충격에 빠진다. 그 후 엽문은 제자를 받아들이지 않겠다던 자신의 신념을 버리고 국민들이 일본으로부터  자신의 몸을 지킬 수 있도록 무예를 가르치며, 중국의 자존심을 되찾기 위해 자신의 무술로 일본에 저항하는데...",왓챠,,,엽위신,견자단 / 슝다이린 / 임달화,3.5,찰지다 라는 표현이 가장 잘어울리는 액션 영화,2026-05-11,https://an2-img.amz.wtchn.net/image/v2/R93nrv6_jxGl__qAUnPSPg.jpg?jwt=ZXlKaGJHY2lPaUpJVXpJMU5pSjkuZXlKdmNIUnpJanBiSW1SZk5Ea3dlRGN3TUhFNE1DSmRMQ0p3SWpvaUwzWXhMM0IxWTJwc1pXSnFlWFZ0ZDJsMGVYUmpaMnR2SW4wLnhzQUN2Ymc5OG1RU2c1YUxHcUxUNFo1LXBZX3pwVjQ1NVB3SEE4emRZZTA=,https://an2-img.amz.wtchn.net/image/v2/BYFrsFw5zc6HWDebN9J2rA.webp?jwt=ZXlKaGJHY2lPaUpJVXpJMU5pSjkuZXlKdmNIUnpJanBiSW1SZk5EY3dlREkyTkhFNE1DSmRMQ0p3SWpvaUwzWXhMMjFyZERnd2VDMHhNakUySW4wLjRWVVQ0cVVsVjZ4Q2NuNTJ4UjdVY0dQQ0VrLXNacXEtZlM0Nk8wdG4xYUE=
코코,Coco,2017,애니메이션 / 모험 / 가족 / 판타지 / 음악 / 미스터리 / 코미디 / 스릴러,105,전체,영원히 기억하고 싶은 황홀한 모험이 시작된다. 뮤지션을 꿈꾸는 소년 미구엘은 전설적인 가수 에르네스토의 기타에 손을 댔다 ‘죽은 자들의 세상’에 들어가게 된다. 그리고 그곳에서 만난 의문의 사나이 헥터와 함께 상상조차 못했던 모험을 시작하게 되는데… 과연 ‘죽은 자들의 세상’에 숨겨진 비밀은? 그리고 미구엘은 무사히 현실로 돌아올 수 있을까?,디즈니+,,"7,150원~",리 언크리치,,5.0,"잊히는 것보다 사랑하는 이의 기억에서 지워지는 것이 더 큰 죽음임을.
나 또한 누군가에게 끝없이 불려올 따뜻한 기억이고 싶게 만든다.",2026-05-06,https://an2-img.amz.wtchn.net/image/v2/wzuqNxn7SM_gszcPLe6INw.jpg?jwt=ZXlKaGJHY2lPaUpJVXpJMU5pSjkuZXlKdmNIUnpJanBiSW1SZk5Ea3dlRGN3TUhFNE1DSmRMQ0p3SWpvaUwzWXhMMlZ2WW5odGEzY3paV1ZuYnpNNWRXUmpZVGcySW4wLlZnQlMtZ1NQN1ZVRUlGMFd6MzgzWlY2R1ZJbENNdzdfMEQyLXd3OGJ4ZGc=,https://an2-img.amz.wtchn.net/image/v2/iRvXbLDAmCWWAQrdUts78g.webp?jwt=ZXlKaGJHY2lPaUpJVXpJMU5pSjkuZXlKdmNIUnpJanBiSW1SZk5EY3dlREkyTkhFNE1DSmRMQ0p3SWpvaUwzWXhMM3B3ZVhobmNHWjZNbUptYjJKdmVXZHlkSG96SW4wLjk2MXhfMkRXNXMyVW1Ea1JnejlJUlhlU1BPc1BFRnNkMWpYTmlVck1MRU0=
가수들,The Singers,2025,음악 / 드라마 / 단편,18,청불,"[2026 문화다양성 주간 / 카이]
과연 ‘가수’란 무엇일까요. 과거에는 단순히 노래를 잘하는 사람이 가수라 여겼습니다. 그러나 이제는 ‘노래라는 도구를 통해 삶을 고백하는 사람’이라 생각하게 되었습니다. 영화 속 인물들처럼, 누구나 자신의 방식으로 삶을 표현할 권리가 있으며, 그것이 곧 노래가 되고 우리 모두는 한 명의 가수다라는 생각을 얻었습니다.



허름한 술집에서 즉석 노래 대결이 벌어지면서, 외로운 밤이 진심을 나누는 화음의 순간으로 변한다. 오스카상 후보에 오른 단편 영화.",,,,샘 데이비스,마이클 영 / 크리스 스미더 / 주다 켈리 / 윌 해링턴 / 맷 코커런,2.5,아니 그냥 다들 노래로 돈을 버시는게 나을것같은데 ..,2026-05-06,https://an2-img.amz.wtchn.net/image/v2/unaoNzvMSCq-Loe1AcP-pA.jpg?jwt=ZXlKaGJHY2lPaUpJVXpJMU5pSjkuZXlKdmNIUnpJanBiSW1SZk5Ea3dlRGN3TUhFNE1DSmRMQ0p3SWpvaUwzWXlMM04wYjNKbEwybHRZV2RsTHpFeU9UQTRPREEyT0RJMk16RTFPRGtpZlEuSzVBZE5nS2gzeFFETXc5TlhoSHVUS3MzdEtaM2FFUDVPSzk3UTFHVUVlSQ==,https://an2-img.amz.wtchn.net/image/v2/NW7Rg3nxzzh_3hJjCa-EEg.webp?jwt=ZXlKaGJHY2lPaUpJVXpJMU5pSjkuZXlKdmNIUnpJanBiSW1SZk5EY3dlREkyTkhFNE1DSmRMQ0p3SWpvaUwzWXlMM04wYjNKbEwybHRZV2RsTHpnNE1ETTRPVEV4TmpjNE5UWTNPU0o5LmlEbUdmSm5PQjBLTHJVZjJIbjRHakFreTBTTERQbVNCMXRIaWJ5d0k3QmM=
하우스메이드,The Housemaid,2025,미스터리 / 스릴러,131,청불,"전 세계 350만 부 이상 판매된 고자극 반전 스릴러!
뉴욕타임스 130주, 아마존 83주 연속 베스트셀러 원작!

과거를 숨긴 채 상류층의 저택에서 일하게 된 수상한 가정부 밀리. 화려한 저택에 입주해 살게 됐다는 기쁨도 잠시, 처음에는 친절했지만 점점 이상한 행동을 하는 비밀스러운 아내 니나에게 질려간다. 그리고 그때마다 자신을 도와주는 이상적인 남편 앤드루에게 호감을 갖기 시작한다. 완벽한 저택 안에서 세 사람의 관계는 은밀하게 얽히고, 점차 닫힌 문 뒤 숨겨져 있던 거짓이 드러나기 시작하는데…",왓챠,"5,500원~","10,890원~",폴 페이그,시드니 스위니 / 아만다 사이프리드,2.0,인형의 집 나오길래 유전같은 오컬트 영화인줄 알았으나 ... 현실은 이빨 뽑히고 탈탈 털리는 영구없다 남편이라니요,2026-05-06,https://an2-img.amz.wtchn.net/image/v2/6LUrkTC2-9rzH5Reqk4O5A.jpg?jwt=ZXlKaGJHY2lPaUpJVXpJMU5pSjkuZXlKdmNIUnpJanBiSW1SZk5Ea3dlRGN3TUhFNE1DSmRMQ0p3SWpvaUwzWXlMM04wYjNKbEwybHRZV2RsTHpFMk5UQTNNVEV3TVRrek56TXpOaUo5LldQcVdHeDlfQzlidEJTQ3RodEdIUGFmcW1Zc2ljVDF3REtVZlc0TXVWUmc=,https://an2-img.amz.wtchn.net/image/v2/6Ychve37z4I1W4Haht5lEg.webp?jwt=ZXlKaGJHY2lPaUpJVXpJMU5pSjkuZXlKdmNIUnpJanBiSW1SZk5EY3dlREkyTkhFNE1DSmRMQ0p3SWpvaUwzWXlMM04wYjNKbEwybHRZV2RsTHpFNE56TTRPRFV3T1RFM016Z3pPVFVpZlEuZzQ5NjhJNnlyamFsY003d1VGaUV5czR2RFA4MG1EblNZVnlNd2Rydm5NWQ==
싸이코,Psycho,1960,공포 / 스릴러,109,청불,"마리온 크레인(쟈넷 리)는 그녀의 애인 샘(존 개빈)과 결혼하길 원하지만 샘은 빚을 갚을 때까지 기다리라고 말한다. 그래서 그녀는 자신이 다니고 있는 회사 사장이 은행에 입금하라고 맡긴 돈을 들고 도망친다. 도주 첫날 밤 묵게 된 도로변의 낡은 모텔 주인인 노만 베이츠(앤소니 퍼킨스)는 그녀에게 친절하게 대해주며 자신은 모텔 바로 뒤쪽 저택에서 몸이 불편한 어머니와 함께 살고 있다고 말한다. 잠자리에 들기 전 마리온이 샤워를 하는 도중, 난데없이 검은 형상이 욕실에 나타나고 마리온은 실종된다. 마리온을 찾기 위해 그녀의 언니 릴라(베라 마일즈)와 샘, 그리고 보험회사 측에서 고용한 탐정 등 세 사람이 추적에 나서는데...",왓챠,,,알프레드 히치콕,안소니 퍼킨스 / 베라 마일즈 / 자넷 리 / 존 게빈,4.0,60년도에 나온 영화라고요?,2026-05-06,https://an2-img.amz.wtchn.net/image/v2/7Oz6Dbf9Amq9gvGab8kvSA.jpg?jwt=ZXlKaGJHY2lPaUpJVXpJMU5pSjkuZXlKdmNIUnpJanBiSW1SZk5Ea3dlRGN3TUhFNE1DSmRMQ0p3SWpvaUwzWXlMM04wYjNKbEwybHRZV2RsTHpFMk1qZ3lNemN4TmpZNU5UTTFORGMzTXpVaWZRLnoyNnBvUGNrenVPX19DaVFEOWxnbHlhQU5FdmJKRGRCUmRCVmNkYlZFb1E=,https://an2-img.amz.wtchn.net/image/v2/YAbe0fc2ncelg3Lmtjtc3w.webp?jwt=ZXlKaGJHY2lPaUpJVXpJMU5pSjkuZXlKdmNIUnpJanBiSW1SZk5EY3dlREkyTkhFNE1DSmRMQ0p3SWpvaUwzWXlMM04wYjNKbEwybHRZV2RsTHpFMk1qWTVOalF4TlRFNE5qazNOalF6T1RJaWZRLnNSUjBROGRVLWJFZ3owUTBNX1BaTG11X3dobHhMMDZqekhtMnN5dGNValk=
슈퍼맨,Superman,2025,액션 / 모험 / 판타지,129,12세,"세상의 희망인가, 위협인가?

‘슈퍼맨’은 오늘도 세계 곳곳의 위협에 맞서 싸우지만, 시민들의 반응은 극과 극으로 갈린다. 한편, ‘렉스 루터’는 ‘슈퍼맨’을 무너뜨릴 비밀을 손에 넣고 역대 최강의 슈퍼-빌런들과 함께 총 공격에 나선다. ‘슈퍼맨’은 첫 패배와 함께 이들의 계속된 공세에 직면하고 모든 것을 바로잡기 위해 슈퍼독 ‘크립토’와 함께 맞서게 되는데... 과연 그는 이 전례 없는 위기에서 다시 날아오를 수 있을까?

올여름, 가장 강력한 슈퍼히어로 블록버스터가 온다!",쿠팡플레이,"2,750원~","7,150원~",제임스 건,데이빗 코렌스웻,3.5,스건이형 버전의 그린랜턴 빨리 내주세요,2026-05-06,https://an2-img.amz.wtchn.net/image/v2/nElSAlqEyB0i7HeLNzR4BQ.jpg?jwt=ZXlKaGJHY2lPaUpJVXpJMU5pSjkuZXlKdmNIUnpJanBiSW1SZk5Ea3dlRGN3TUhFNE1DSmRMQ0p3SWpvaUwzWXlMM04wYjNKbEwybHRZV2RsTHpRNE1qVXlNak00TWpNM05qYzVOamtpZlEueFgwQ0hiZlNOS2JPRTl0Y09pQWdEVlZQTTZOcXowNnpETElBSkRydWlSTQ==,https://an2-img.amz.wtchn.net/image/v2/1KTew9eeqZqbEIutLk2KXQ.webp?jwt=ZXlKaGJHY2lPaUpJVXpJMU5pSjkuZXlKdmNIUnpJanBiSW1SZk5EY3dlREkyTkhFNE1DSmRMQ0p3SWpvaUwzWXlMM04wYjNKbEwybHRZV2RsTHpFeU1URXpOVFV5TWpVMU9EQTBNeklpZlEubUg1YUtjZlFBNjhXY2p0TVo1Z0VwNDh4NG54REV4Mi1obDlIci1pQnBLQQ==
28년 후: 뼈의 사원,28 Years Later: The Bone Temple,2026,공포 / 스릴러,109,청불,"분노 바이러스에 점령당한 본토에서 삶과 죽음의 경계에 내몰린 ‘스파이크’는 생존을 위해 미스터리한 생존자 집단 ‘지미스’의 일원이 된다. 그러나 광기 어린 지도자 ‘지미’와 그의 추종자들이 저지르는 끔찍한 악행을 목격하며 감염보다 더 큰 공포를 경험하게 되고 이들로부터 벗어나기 위해 필사적으로 몸부림친다. 한편, 뼈의 사원에서 죽은 자들을 기리며 바이러스를 연구해 온 ‘켈슨 박사’는 알파 감염자 ‘삼손’을 통해 인류의 미래를 뒤흔들 거대한 변화를 포착하게 되는데...",왓챠,"5,500원~","10,890원~",니아 다코스타,레이프 파인즈 / 알피 윌리엄스 / 잭 오코넬,3.0,하루빨리 켈슨 박사 콘서트 싱어롱 버전을 출시하라,2026-05-06,https://an2-img.amz.wtchn.net/image/v2/eMRUoC8rDTcmC0C8q_iLBQ.jpg?jwt=ZXlKaGJHY2lPaUpJVXpJMU5pSjkuZXlKdmNIUnpJanBiSW1SZk5Ea3dlRGN3TUhFNE1DSmRMQ0p3SWpvaUwzWXlMM04wYjNKbEwybHRZV2RsTHpFME56azBNek15T1RrME5URTVNVFFpZlEuWWxmYlZfYkt5S3U0Xzk5LWRNYWp6OXBTNWZQSnN2X254SHh5R2dWNnNQaw==,https://an2-img.amz.wtchn.net/image/v2/dXI6f0Nda4OkNAces_quUQ.webp?jwt=ZXlKaGJHY2lPaUpJVXpJMU5pSjkuZXlKdmNIUnpJanBiSW1SZk5EY3dlREkyTkhFNE1DSmRMQ0p3SWpvaUwzWXlMM04wYjNKbEwybHRZV2RsTHpVMk9ESTVPRE0xTURJMk5UWTJNekFpZlEuWVFkanV0WE9BRmxJS1Q2YmVHcENic2dMazNZam5KNDZYOGFSZ1YwS3RVdw==
하이파이브,,2025,판타지 / 코미디,,15세,"평범과 비범 사이! 우리가 누구? ‘하이파이브’

태권소녀 ‘완서’, 작가 지망생 ‘지성’, 프레시 매니저 ‘선녀’,
FM 작업반장 ‘약선’ 그리고 힙스터 백수 ‘기동’.
의문의 장기기증자로부터 각각 심장과 폐, 신장, 간, 각막을 이식받은 다섯 사람.

그런데 건강해진 몸과 함께 생각지도 못한 초능력이 덤으로 딸려왔다! 자신만의 표식을 통해 서로의 존재를 확인하고 한 팀을 결성하기로 의기투합하지만 능력도 성격도 취향도 제각각, 모이기만 하면 다툼과 사고가 끊이지 않는다. 한편, 췌장을 이식받고 마찬가지로 특별한 능력을 얻게 된 새신교 교주 ‘영춘’은 평생 꿈꿔온 절대자가 되기 위해 나머지 이식자들을 찾아 나서는데…",디즈니+,"2,500원~","6,500원~",강형철,이재인 / 안재홍 / 유아인 / 라미란 / 김희원,2.5,"기분 좋게 유치하고 발칙하다. 다만, 나만 본 것으로 족하다",2026-05-06,https://an2-img.amz.wtchn.net/image/v2/Ca6wEyq2KuzZr__TRiE2kw.jpg?jwt=ZXlKaGJHY2lPaUpJVXpJMU5pSjkuZXlKdmNIUnpJanBiSW1SZk5Ea3dlRGN3TUhFNE1DSmRMQ0p3SWpvaUwzWXlMM04wYjNKbEwybHRZV2RsTHpFNE5Ea3dNRFEzTWpnM01EUWlmUS5qcUwycE00OEdneG9yVEt1cFFjWTJGZTZmR2RMTDkzM2N5cmVFRXFQeTJn,https://an2-img.amz.wtchn.net/image/v2/AgW2ZtVyuUe63D2c4eYqag.webp?jwt=ZXlKaGJHY2lPaUpJVXpJMU5pSjkuZXlKdmNIUnpJanBiSW1SZk5EY3dlREkyTkhFNE1DSmRMQ0p3SWpvaUwzWXlMM04wYjNKbEwybHRZV2RsTHpFMk56UTBOelU1TVRJME56SXpORFUxTVRZaWZRLkhGVGZ2SFVyN3RrSzNtdGVfbnZUUC0ySW1oZmxXRkJDeExiWlZjcGVqbm8=
큐어,CURE,1997,스릴러 / 미스터리,111,15세,"도쿄 지역에서 동일한 방식의 엽기적인 연쇄 살인사건이 발생한다. 놀라운 것은 체포된 범인들이 하나같이 회사원, 교사, 경찰, 의사 등 평범한 사람들이라는 것. 평소 아무 문제가 없던 사람들이 똑같은 방식으로 살인을 저지른 것에 의문을 품은 다카베 형사(야쿠쇼 코지)는 이들이 모두 한 남자를 만난 후 범행을 저질렀다는 사실을 알게 된다.",쿠팡플레이,,,구로사와 기요시,야쿠쇼 코지 / 하기와라 마사토,4.5,실내에서 담배피는 놈은 피하는게 상책,2026-04-29,https://an2-img.amz.wtchn.net/image/v2/pZefrzMPaZUBQAywndLPDA.jpg?jwt=ZXlKaGJHY2lPaUpJVXpJMU5pSjkuZXlKdmNIUnpJanBiSW1SZk5Ea3dlRGN3TUhFNE1DSmRMQ0p3SWpvaUwzWXlMM04wYjNKbEwybHRZV2RsTHpFMk5UVXpPVEU1TWpVM05UY3dPVFkyT1RraWZRLm9sTHJjR21ZS3pNZnlLUGtGYklvYmJlRnRVajBEMTE4VFFtLXEtZnBvTlE=,https://an2-img.amz.wtchn.net/image/v2/u3LJLw1kiuIf6zYv_gLzyg.webp?jwt=ZXlKaGJHY2lPaUpJVXpJMU5pSjkuZXlKdmNIUnpJanBiSW1SZk5EY3dlREkyTkhFNE1DSmRMQ0p3SWpvaUwzWXlMM04wYjNKbEwybHRZV2RsTHpFMk5EZzJOelF3TlRRd01URXpNalE1T1RNaWZRLmFyaXpidUliN3RhdjBLMExGaks4bnpOX3lfaVM0WTNCS2JQZHU2cHNLZUU=
블루 발렌타인,Blue Valentine,2010,드라마 / 로맨스,114,청불,영원한 사랑을 꿈꾸는 의대생 신디. 어느 날 그녀의 앞에 솔직하고 다정한 남자 딘이 나타난다. 자신의 모든 걸 받아주고 안아주는 그에게 사랑을 느낀 신디는 딘과 결혼을 선택하지만 시간이 흐르면서 점점 현실적인 문제들로 지쳐간다.운명적 사랑을 믿는 이삿짐센터 직원 딘. 병원에서 우연히 만난 신디에게 반해버린 그는 그녀에게 안식처 같은 남자가 돼주겠다고 약속한다. 하지만 점점 지쳐가는 그녀의 모습에 그는 사랑을 되찾을 방법을 고민하기 시작하는데…,,,,데릭 시엔프랜스,라이언 고슬링 / 미셸 윌리엄스,3.5,플래시백의 달콤함이 현재의 비극을 완성한다. 라이언 고슬링의 벗겨진 머리만큼이나 되돌릴 수 없는 관계의 파국이 속상할 뿐.,2026-04-27,https://an2-img.amz.wtchn.net/image/v2/QwSVYfwxPAsn5LsG-SgrJA.jpg?jwt=ZXlKaGJHY2lPaUpJVXpJMU5pSjkuZXlKdmNIUnpJanBiSW1SZk5Ea3dlRGN3TUhFNE1DSmRMQ0p3SWpvaUwzWXhMMk41TjNacmJIZHVOV1I1TVdKb09EUjFlWFoxSW4wLkJ1eGhacHU1REJzZDRFTmFFeEpsZ3YyamZfRzhtWHhKaHBkRUlrazBncDg=,https://an2-img.amz.wtchn.net/image/v2/FrrSHVVsKsBBDPLsOx-S-A.webp?jwt=ZXlKaGJHY2lPaUpJVXpJMU5pSjkuZXlKdmNIUnpJanBiSW1SZk5EY3dlREkyTkhFNE1DSmRMQ0p3SWpvaUwzWXhMMjEzTldkNGJ5MDJNVGszSW4wLm0wQVlRanlSa2l2QnZhZHEwbGg5dlN1TkRuc3FuZTZaQk5hRE03VnJ5OU0=
우연과 상상,偶然と想像,2021,드라마 / 로맨스,121,15세,"“마법보다 더 불확실한 걸 믿어볼 생각 있어?”

‘메이코’는 집으로 돌아가는 택시 안에서 친구에게 새로운 연애 상대 이야기를 듣는다. 여대생 ‘나오’는 교수 앞에서 그가 쓴 소설의 일부를 낭독한다. 20년 만에 고향을 찾은 ‘나츠코’는 그토록 만나고 싶던 동창생과 재회한다.

우연이 만들어내는, 조용히 아주 크게 움직이는 인생의 순간들이 있다. 이 영화는 그에 대한 상상의 결과물이다.",왓챠,"1,320원~","6,050원~",하마구치 류스케,후루카와 코토네 / 나카지마 아유무 / 현리 / 모리 카츠키 / 시부카와 키요히코,4.5,필연으로 쌓아온 삶을 단숨에 무너뜨리는 건 결국 한순간의 우연. 정적인 대화만으로 공기의 밀도를 기어이 바꿔놓고야 마는 하마구치 류스케.,2026-04-27,https://an2-img.amz.wtchn.net/image/v2/X9j3C9YdPGnl6ymc9fVzng.jpg?jwt=ZXlKaGJHY2lPaUpJVXpJMU5pSjkuZXlKdmNIUnpJanBiSW1SZk5Ea3dlRGN3TUhFNE1DSmRMQ0p3SWpvaUwzWXlMM04wYjNKbEwybHRZV2RsTHpFMk5URTJOREUyTlRjNU9EQTBOemN5TURVaWZRLjRDX3U0RjZrazV2eFVFTndPV21idDFXb3BaQ1YtdnBBLVJ1czJMTTdNSkU=,https://an2-img.amz.wtchn.net/image/v2/AKpJ1GGCmqEjCbbRym4Vvg.webp?jwt=ZXlKaGJHY2lPaUpJVXpJMU5pSjkuZXlKdmNIUnpJanBiSW1SZk5EY3dlREkyTkhFNE1DSmRMQ0p3SWpvaUwzWXlMM04wYjNKbEwybHRZV2RsTHpFMk5UQTFNRGsyTkRVMk5UZ3hOemM0TmpBaWZRLkxnM0hLREYxNjhDZVVHVmxPNVBhOHd2N0VJM25JVzFjTDBBYmRveHk3VjA=
프로젝트 Y,,2025,범죄 / 드라마,,15세,"화려한 도시 한가운데에서 다른 내일을 꿈꾸며 살아가던 미선과 도경. 하지만 그 희망마저 빼앗기고 벼랑 끝까지 내몰린 상황, 두 사람은 우연히 알게 된 검은 돈과 숨겨진 금괴를 훔쳐 새로운 기회를 만들고 돈과 금괴에 얽힌 이들이 미선과 도경을 뒤쫓기 시작하는데…",,"5,500원~","10,890원~",이환,한소희 / 전종서 / 김신록 / 정영주 / 이재균,1.5,아니 그래서 왜 프로젝트 Y인거니?,2026-04-27,https://an2-img.amz.wtchn.net/image/v2/Eq3s-J_A9rOqA_bVhhSHaw.jpg?jwt=ZXlKaGJHY2lPaUpJVXpJMU5pSjkuZXlKdmNIUnpJanBiSW1SZk5Ea3dlRGN3TUhFNE1DSmRMQ0p3SWpvaUwzWXlMM04wYjNKbEwybHRZV2RsTHpFNE56STROREl6T0RFd05EQTNOemNpZlEuRkxFekhLT0FxMk56ZDMxRm9uTmtSWlhwbHk0VEdnZUJaVUw0cF9sWThPMA==,https://an2-img.amz.wtchn.net/image/v2/cBqmiDcdK233slwya9AQCw.webp?jwt=ZXlKaGJHY2lPaUpJVXpJMU5pSjkuZXlKdmNIUnpJanBiSW1SZk5EY3dlREkyTkhFNE1DSmRMQ0p3SWpvaUwzWXlMM04wYjNKbEwybHRZV2RsTHpFNE1EUXlOakUwTkRZME1UUXhOQ0o5LnlNSERzOEUtQWt3eGhSODh6QkpHWm4zeVVBbzJudTBVaWY2M05qU1BmT00=
다즐링 주식회사,The Darjeeling Limited,2007,드라마 / 코미디,104,15세,"시끌벅적한 형제들의 신비스러운 인도여행이 시작된다  3人 3色 휘트먼 형제의 행복찾기 프로젝트!  아버지의 갑작스런 사망소식을 전하기 위해 인도에 있는 엄마를 찾아 1년 만에 뭉친 3형제.  맏형 프랜시스는 이번 여행을 계기로 서먹한 형제 사이가 돈독해지길 바란다. 항상 이혼생각에 잠겨있던 찰라 아내가 임신하자 구체적으로 이혼을 계획하는 둘째 피터, 헤어진 애인에게 병적으로 집착하는 막내 잭. 선로가 있어도 길을 잃어버리는 대책 없는 인도기차 ‘다즐링 주식회사’를 탄 채 세 형제의 사고만발 인도여행이 시작되는데…",,,"5,500원~",웨스 앤더슨,애드리언 브로디 / 오웬 윌슨 / 제이슨 슈왈츠먼 / 아마라 캐런 / 월레스 월로다르스키,3.0,웨스 앤더슨의 필모그래피 중 가장 선명한 목소리를 들은 기분,2026-04-27,https://an2-img.amz.wtchn.net/image/v2/dtztUYKCL0sEPt1gqnQQUA.jpg?jwt=ZXlKaGJHY2lPaUpJVXpJMU5pSjkuZXlKdmNIUnpJanBiSW1SZk5Ea3dlRGN3TUhFNE1DSmRMQ0p3SWpvaUwzWXhMMnRxWm5Od2NYRmtNbXM0ZERaMVpYWjFZbUoxSW4wLnhFRU96MV9RRndwN1lfMWJyOFNFS2RXRHY4ZlU5eTVGZXp4bjFFcm8ydWc=,https://an2-img.amz.wtchn.net/image/v2/-X9qOixFoztpdQp5eg8GvA.webp?jwt=ZXlKaGJHY2lPaUpJVXpJMU5pSjkuZXlKdmNIUnpJanBiSW1SZk5EY3dlREkyTkhFNE1DSmRMQ0p3SWpvaUwzWXhMM2N5Y25ScWVtZDJhekJrYUdOdlpteDZhV3RuSW4wLlh3TnRFeU1ZcjF3RWpZejkzRUJDd0w3Q1l2RXAzRVN0cEF0ZnRzRDhSU1U=
메소드 연기,,2020,코미디 / 단편,,15세,"거식증 환자 박경수 역을 맡은 배우 이동휘. 촬영 내내 금식을 하며 메소드 연기를 펼쳐 주변의 찬사를 듣는다. 마지막 촬영까지 잘 참아왔지만, 식욕 본능은 인간 이동휘와 배우 이동휘를 대치하게 만든다. 배우로서의 자의식 과잉처럼 비치는 메소드 연기에 대한 풍자가 시종 긴장감 있고 코믹하게 펼쳐진다. ‘이동휘’의 이름을 그대로 사용한 이동휘의 연기가 리얼함을 배가 시킨다. (이화정)[제24회 부천국제판타스틱영화제]",왓챠,,,이기혁,이동휘 / 정순원 / 김휘규 / 김인경 / 이하음,3.0,메소드 연기의 완성은 양치질,2026-04-27,https://an2-img.amz.wtchn.net/image/v2/LvDXAeQyfH6_KVhqXCegVg.jpg?jwt=ZXlKaGJHY2lPaUpJVXpJMU5pSjkuZXlKdmNIUnpJanBiSW1SZk5Ea3dlRGN3TUhFNE1DSmRMQ0p3SWpvaUwzWXlMM04wYjNKbEwybHRZV2RsTHpFMk5UY3hOemM1TXpnd016WXlNRFEwTlRVaWZRLmpkTmNNWEVlanZrOEF2VTBrOWQzT0RKUi1CQnlZalhaMDNoR3F6czZBcFE=,https://an2-img.amz.wtchn.net/image/v2/oOvLdHChNcgPfZqxYLxT5g.webp?jwt=ZXlKaGJHY2lPaUpJVXpJMU5pSjkuZXlKdmNIUnpJanBiSW1SZk5EY3dlREkyTkhFNE1DSmRMQ0p3SWpvaUwzWXhMMkptWlhoeWFtdDBOWGQ1T1hwek9YQjVaRFl3SW4wLlpWRFE3LXBoLXVmMVRwWUozMlU5blgyNm1zenBfLUdETWVjc21OdWZVdzg=
소공녀,,2017,드라마,,15세,"“집은 없어도, 생각과 취향은 있어!""

하루 한 잔의 위스키와 한 모금의 담배 그리고 사랑하는 남자친구만 있다면 더 바라는 것이 없는 3년 차 프로 가사도우미 ‘미소’. 새해가 되자 집세도 오르고 담배와 위스키 가격마저 올랐지만 일당은 여전히 그대로다. 좋아하는 것들이 비싸지는 세상에서 포기한 건 단 하나, 바로 ‘집’.

집만 없을 뿐 일도 사랑도 자신만의 방식대로 살아가는 사랑스러운 현대판 소공녀 ‘미소’의 도시 하루살이가 시작된다.",,,,전고운,이솜 / 안재홍,3.5,최소한의 품위를 위해 안식처를 포기한 미소. 그 확고한 가치관이 부럽다가도 현실 앞에선 고개를 갸우뚱하게 된다. 살아보니 정말 정답을 더 모르겠다.,2026-04-27,https://an2-img.amz.wtchn.net/image/v2/8DKB86poYxjpiU-t6T3JKg.jpg?jwt=ZXlKaGJHY2lPaUpJVXpJMU5pSjkuZXlKdmNIUnpJanBiSW1SZk5Ea3dlRGN3TUhFNE1DSmRMQ0p3SWpvaUwzWXhMM0IyYW01cGIyNW1iblptY214blptdzFZakYySW4wLkM2a19nTXJPanlCaGxtcHdUUHU1MkVVYTEycGJxb1dVNDM3QjEzcnFvaDg=,https://an2-img.amz.wtchn.net/image/v2/nuOiU90tKJMn-xYnoIus-A.webp?jwt=ZXlKaGJHY2lPaUpJVXpJMU5pSjkuZXlKdmNIUnpJanBiSW1SZk5EY3dlREkyTkhFNE1DSmRMQ0p3SWpvaUwzWXhMM2czWkdZd2J6UnhhWFF4TW5Cc2NHTjZlSEZxSW4wLjBoV3lvMHpmNTYtdnkwbHQ5RVRPMzI0S2hIRHhNaGZRSmRvRVhyLW9mVDg=
스래시: 상어의 습격,Thrash,2026,스릴러,83,청불,해안 마을을 강타한 엄청난 허리케인. 고립된 주민들은 급격히 불어나는 물속에서 굶주린 상어 떼를 피해 생존해야만 한다.,,,,토미 비르콜라,피비 디네버 / 휘트니 피크 / 자이먼 운수,0.5,Trash,2026-04-27,https://an2-img.amz.wtchn.net/image/v2/QkPsop1yEEXOAhh4P2CBUQ.jpg?jwt=ZXlKaGJHY2lPaUpJVXpJMU5pSjkuZXlKdmNIUnpJanBiSW1SZk5Ea3dlRGN3TUhFNE1DSmRMQ0p3SWpvaUwzWXlMM04wYjNKbEwybHRZV2RsTHpNM01Ea3pNekF3TkRZeE1qYzRJbjAuNHE3dGN4T1hzLVA0Vm01X3J0dDk3eVljck5YMVVsOWFSSnJSV2Q2eTdxUQ==,https://an2-img.amz.wtchn.net/image/v2/Ll8KPed_YmjfWQ8wbPDv3A.webp?jwt=ZXlKaGJHY2lPaUpJVXpJMU5pSjkuZXlKdmNIUnpJanBiSW1SZk5EY3dlREkyTkhFNE1DSmRMQ0p3SWpvaUwzWXlMM04wYjNKbEwybHRZV2RsTHpFNU9EZ3dOVFkwT1RRNE5UQWlmUS5Vbnh2WGJmY25OMlpQeHFjR2lUV2d5R1B2Uk11Vm85MUI2a3B3eXVVZ3FZ
주먹이 운다,,2005,드라마 / 액션,,15세,"왕년엔 복싱스타. 지금은 매맞는 남자.
이제 더 이상 물러설 곳이 없다!!

한때 아시안 게임 은메달리스트로 잘 나가던 태식, 현재 그는 길거리 한복판에서 돈을 받고 사람들에게 매맞아 주는 일을 한다. 도박으로 진 빚과 공장의 화재로 인해, 가진 것을 모두 날린 후, 생계를 위해 어쩔 수 없이 거리의 매맞는 복서로 나서게 된 것. 그에게 유일하게 남은 것은 아내와 사랑하는 아들뿐. 이제, 그를 찾는 것은 소문을 듣고 전국 각지에서 몰려든 구경꾼들과 빚쟁이뿐인 처량한 신세다. 몸과 마음이 모두 피폐해진 그에게 설상가상으로 아내는 이혼을 요구해 오고, 삶의 유일한 희망인 아들 ‘서진’이와 함께 살 수 없게 되자 태식은 깊은 절망감에 빠지게 된다. 이제 더 이상 물러 설 곳도, 잃을 것도 없는 인생 막장의 늙은 복서 태식은 다시금 희망을 품고 신인왕 전 출전을 결심하게 되는데… 한편, 패싸움과 삥듣기가 하루 일과인 상환. 어느 날 큰 패싸움에 휘말려 합의금이 필요하자 동네 유지의 돈을 노린 강도 사고를 벌이게 되고 이 사건으로 상환은 소년원에 수감된다. 수감 첫날부터, 권투부 짱 ‘권록’과 한판 싸움을 벌이고 독방에 갇히고 순조롭지 않은 생활이 시작된다. 권록과의 싸움을 눈 여겨 본 교도 주임은 상환에게 권투부 가입을 권한다. 하고 싶은 것도 되고 싶었던 것도 없던 19살의 상환에게 권투는 처음으로 무언가 할 수 있다는 의지와 기쁨을 깨달아 간다. 그러던 어느 날, 공사장에서 일 하던 아버지가 갑작스런 사고로 돌아가시고 할머니 마저 쓰려졌다는 청천벽력 같은 소식이 전해져 온다. 쇼크에 쌓인 상환은 아버지를 잃은 슬픔을 잊고 할머니가 하루빨리 깨어 날수 있도록 신인왕 전에 출전해 결승의 꿈을 이뤄보려는 전의를 불태우는데…",,,,류승완,최민식 / 류승범,4.0,최악과 최악이 만나 최선의 삶을 향해 뻗는 주먹,2026-04-17,https://an2-img.amz.wtchn.net/image/v2/WI6uQFvwmVuJ8kzEKobG-A.jpg?jwt=ZXlKaGJHY2lPaUpJVXpJMU5pSjkuZXlKdmNIUnpJanBiSW1SZk5Ea3dlRGN3TUhFNE1DSmRMQ0p3SWpvaUwzWXhMMjgzZVRKb05UUmpabVp5WTJscmRXVmlaMnM0SW4wLmI5ZE1NcF9Pd0toejJQdE1HcXZ1TWdmbkJUejNwVXFyTGphQnZDc2dHQ1E=,https://an2-img.amz.wtchn.net/image/v2/RTQAfR8nvOVuOcw2S2zEiA.webp?jwt=ZXlKaGJHY2lPaUpJVXpJMU5pSjkuZXlKdmNIUnpJanBiSW1SZk5EY3dlREkyTkhFNE1DSmRMQ0p3SWpvaUwzWXlMM04wYjNKbEwybHRZV2RsTHpFMk5UZzBOakExTnpNek5EZ3dPREk0TlRjaWZRLjU5NFVwMkkyeF9rZGYxcnVKZ0w5SEN2RjRVYmxmNGN0YURqdWVoRWRJc1k=
라이프 오브 파이,Life of Pi,2012,판타지 / 드라마 / 모험,126,전체,"[2025 문화다양성 주간 / 터키출신 언론인 알파고 시나씨]
인도 소년 파이가 태평양에서 벵갈호랑이와 함께 살아남는 여정을 통해 이 영화는 종교, 신념, 생명에 대한 다양한 관점을 섬세하게 그려냅니다. 서로 다른 문화와 믿음이 공존할 수 있음을 아름다운 영상미 속에 담아낸 감성적인 모험입니다.

“지금부터 엄청난 이야기를 들려 드리죠.
아마 믿기 힘들지도 모르겠지만.”

인도에서 동물원을 운영하던 ‘파이’의 가족은 동물들을 싣고 이민을 떠나는 도중 거센 폭풍우를 만나고 배는 침몰한다. 혼자 살아남은 파이는 가까스로 구명보트에 올라 타지만 다친 얼룩말과 굶주린 하이에나, 그리고 오랑우탄과 함께 표류하게 된다. 하지만 모두를 놀라게 만든 진짜 주인공은 바로 보트 아래에 몸을 숨기고 있던 벵골 호랑이 ‘리처드 파커’! 배고픔에 허덕이는 동물들은 서로를 공격하고 결국 파이와 리처드 파커만이 배에 남게 되는데… 

끝없이 펼쳐진 수평선, 거대하게 빛나는 고래
바다를 빛으로 물들인 해파리, 미어캣이 사는 신비의 섬까지, 파이와 리처드 파커 앞에
그 누구도 보지 않고서는 믿을 수 없는 놀라운 광경이 펼쳐진다!",디즈니+,,"5,500원~",이안,수라즈 샤르마,3.0,"미어캣처럼 순응할 것인가, 파이처럼 노를 저을 것인가",2026-04-17,https://an2-img.amz.wtchn.net/image/v2/jcFAJfMOzRth2t3fI0oH-A.jpg?jwt=ZXlKaGJHY2lPaUpJVXpJMU5pSjkuZXlKdmNIUnpJanBiSW1SZk5Ea3dlRGN3TUhFNE1DSmRMQ0p3SWpvaUwzWXlMM04wYjNKbEwybHRZV2RsTHpFMk5EazFPVGswTkRZMU1qRXlNekkxTmpraWZRLldBQ3B0TG5Vak5OMWFqZU9fYjl3bWtmaWh3amcxVVdDMkR0NzktWmNDalU=,https://an2-img.amz.wtchn.net/image/v2/UEWhiyXEXvPs2n9GTLD8ew.webp?jwt=ZXlKaGJHY2lPaUpJVXpJMU5pSjkuZXlKdmNIUnpJanBiSW1SZk5EY3dlREkyTkhFNE1DSmRMQ0p3SWpvaUwzWXhMM1owZDI1eFlXazVjV3c0Ykc1dFlXczNkR3hwSW4wLkcxSDdXdU5DZm14OVBBdzFkYWtqR0JJc3docUdSSHZJdlFzY0NVdFRzNzQ=
셰이프 오브 워터: 사랑의 모양,The Shape of Water,2017,모험 / 스릴러 / 판타지 / 로맨스 / 드라마,123,청불,"[2025 문화다양성 주간 / 가수 이상순] 
‘나와 다른 존재’를 어떻게 대해야 할지, 소수자에 대한 배척을 다시 한 번 생각하게 만드는 영화입니다. 우리 사회의 경계를 넘어선 이해와 소통을 그린 작품입니다. 	

모든 것을 초월한 단 하나의 사랑
“그를 사랑하는 나도 괴물인가요?”

우주 개발 경쟁이 한창인 1960년대, 미 항공우주 연구센터의 비밀 실험실에서 일하는 언어장애를 지닌 청소부 엘라이자(샐리 호킨스)의 곁에는 수다스럽지만 믿음직한 동료 젤다(옥타비아 스펜서)와 서로를 보살펴주는 가난한 이웃집 화가 자일스(리차드 젠킨스)가 있다. 어느 날 실험실에 온몸이 비늘로 덮인 괴생명체가 수조에 갇힌 채 들어오고, 엘라이자는 신비로운 그에게 이끌려 조금씩 다가가게 된다. 음악을 함께 들으며 서로 교감하는 모습을 목격한 호프스테틀러 박사(마이클 스털버그)는 그 생명체에게 지능 및 공감 능력이 있다는 사실을 알게 되고, 실험실의 보안책임자인 스트릭랜드(마이클 섀넌)는 그를 해부하여 우주 개발에 이용하려 한다. 이에 엘라이자는 그를 탈출시키기 위한 계획을 세우게 되는데…",디즈니+,,"5,500원~",기예르모 델 토로,샐리 호킨스 / 더그 존스 / 마이클 섀넌,4.0,기예르모 델 토로라는 장르를 다시 한번 믿어봐도 좋을 것 같다,2026-04-15,https://an2-img.amz.wtchn.net/image/v2/ydiNbQQz3u8tSkxl_1PwWw.jpg?jwt=ZXlKaGJHY2lPaUpJVXpJMU5pSjkuZXlKdmNIUnpJanBiSW1SZk5Ea3dlRGN3TUhFNE1DSmRMQ0p3SWpvaUwzWXhMMnRyWkhGMmQybGlhbVJ4TjJjMmFUVnpjREYxSW4wLndZcmdDZ1Z1OC1yNnE3OUJhUkdyZlFCTDdBbmx6TU01N2FvUUpBMFRCYlE=,https://an2-img.amz.wtchn.net/image/v2/vNLJbgYmaxZfsBSpi-HQGw.webp?jwt=ZXlKaGJHY2lPaUpJVXpJMU5pSjkuZXlKdmNIUnpJanBiSW1SZk5EY3dlREkyTkhFNE1DSmRMQ0p3SWpvaUwzWXhMMlp5Wm1ocmNubDBkSGx1YlhaMWFXOXVlV2w1SW4wLnBkcEFyNWVBaE9peGhuSS0xd0RFUHVFbFRqOFY3Ri0yYXBmYks4bFN0eDg=
혹성 탈출,Planet of the Apes,1968,모험 / SF,100,15세,"지구 시각 2673년 3월 26일, 삭막해진 세상에 모든 미련을 버린 테일러 일행을 태운 우주선이 1년 6개월만에 어느 행성의 바다에 불시착한다. 그들은 이곳이 지구에서 320광년 떨어져 있고, 오리온좌의 태양 주위를 돌고 있는 어느 이름 모를 행성으로 추측한다.  행성의 생명체 유무를 위해 사막 위의 긴나긴 탐사 여행을 하던 그들은 곧 원시인의 무리를 발견하지만, 곧 말을 타고 총을 쏘아대는 원숭이들 무리에 쫓기게 된다. 이 행성은 바로 원숭이들의 지배 하에 있었고, 인간의 모습과 거의 비슷한 원시인들은 야생 동물처럼 살고 있었다.",디즈니+,,,프랭크린 J. 샤프너,찰턴 헤스턴 / 로디 맥도웰 / 킴 헌터 / 모리스 에반스 / 제임스 휘트모어,4.0,반전을 알고 봐버린 내자신 용서할 수 없다 ..,2026-04-15,https://an2-img.amz.wtchn.net/image/v2/cU6Fp6R1yjM6FHZPrz1GYg.jpg?jwt=ZXlKaGJHY2lPaUpJVXpJMU5pSjkuZXlKdmNIUnpJanBiSW1SZk5Ea3dlRGN3TUhFNE1DSmRMQ0p3SWpvaUwzWXhMM1JpTlhab2QzVjJNamw1ZFdOeU5tTjFZV3B2SW4wLnhCM0stSVNvVlptNS1UYTUtUFNxRC10d2NYWFM5d3NURTdKS1k5aGVlbzg=,https://an2-img.amz.wtchn.net/image/v2/pHfGW2kARGllvTe9b2TXtg.webp?jwt=ZXlKaGJHY2lPaUpJVXpJMU5pSjkuZXlKdmNIUnpJanBiSW1SZk5EY3dlREkyTkhFNE1DSmRMQ0p3SWpvaUwzWXhMMjF1WkdGMlpTMHlNamN6T0NKOS53S1Y0VXJPUGJhTXpCX1dBTlVyal9pUTdQRGFwMjlnRko4RjNpWG8yeUZ3
아나콘다,,2025,액션 / 모험 / 코미디,,,"중년의 위기를 겪고 있는 친구들이 젊은 시절 가장 좋아했던 영화를 재현하기 위해 열대우림으로 떠난다. 그러나 그들은 자연 재해, 거대한 뱀, 그리고 폭력적인 범죄자들과 맞서 싸우며 생존을 위한 사투를 벌이게 된다.",,,,톰 고미칸,폴 러드 / 잭 블랙,0.5,톰 고미칸? 초면에 죄송하지만 진짜 디지고 싶습니까?,2026-04-15,https://an2-img.amz.wtchn.net/image/v2/sd0im3rQg2YVibfK9aLASQ.jpg?jwt=ZXlKaGJHY2lPaUpJVXpJMU5pSjkuZXlKdmNIUnpJanBiSW1SZk5Ea3dlRGN3TUhFNE1DSmRMQ0p3SWpvaUwzWXlMM04wYjNKbEwybHRZV2RsTHpFME1qYzROalU0TmpjNE5qVTJOallpZlEud0QtaGZHcElRVndDRGd1aVZSM1lDSkttT2FxN1N5Y0JBQmhDSnp6VUdSNA==,
극장판 파워 디지몬 더 비기닝,,2023,애니메이션 / 모험 / 가족 / 키즈,,,"모험의 날로부터 10년이 지난 2012년. 선택받은 아이들과 파트너 디지몬은 변함없는 우정을 지켜왔다. 그러던 어느 날, 도쿄 상공에 나타난 디지몬 알이 전 세계로 메시지를 보낸다. 

“모두에게 친구를, 세상 모든 사람에게 디지몬을”

전 세계가 주목하는 가운데, ‘산해’와 친구들 앞에 자신이 최초의 선택받은 아이라고 주장하는 ‘루이’가 나타나는데… 선택받은 아이의 탄생의 비밀에는 어린 시절 ‘루이’의 단 하나의 소원이 숨겨져 있었다. 과거와 현재, 그리고 모든 것이 연결될 때, 디지몬 사상 최대의 위기가 찾아온다!

지금, 어른이 된 선택받은 아이들의 새로운 모험의 문이 열린다!",,,,타구치 토모히사,,1.5,디지몬과 다시 멀어지기 ...,2026-04-15,https://an2-img.amz.wtchn.net/image/v2/BOmPJPiu5u2dkCpBL0yeJQ.jpg?jwt=ZXlKaGJHY2lPaUpJVXpJMU5pSjkuZXlKdmNIUnpJanBiSW1SZk5Ea3dlRGN3TUhFNE1DSmRMQ0p3SWpvaUwzWXlMM04wYjNKbEwybHRZV2RsTHpFM01EQXdNamcwTXpneU5qWXhNamd5TkRVaWZRLmI5U1RfOEZZSXNpVHdQSlRfc29XUWhjWWdMZXZBZ19rcWlYXzNXcmxmNVE=,
휴민트,,2025,액션 / 스릴러,,,"동남아에서 벌어진 국제 범죄를 추적하던 국정원 블랙 요원, 조 과장(조인성)은 자신의 휴민트 작전에서 희생된 정보원이 남긴 단서를 쫓아 블라디보스토크로 향한다. 그곳에서 북한 식당 종업원 채선화(신세경)와 접촉한 조 과장은 새로운 휴민트 작전의 정보원으로 그녀를 선택한다.

한편, 국경 지역에서 발생한 실종 사건을 조사하기 위해 블라디보스토크로 파견된 보위성 조장 박건(박정민)은 해당 사건의 배후에 북한 총영사 황치성(박해준)이 연루되어 있음을 알게 된다.

서로 다른 목적으로 블라디보스토크에서 충돌하게 된 사람들.
짙어지는 의심과 불확실한 진실, 각자의 선택은 돌이킬 수 없는 길을 향하는데...",,,,류승완,조인성 / 박정민 / 박해준 / 신세경,1.0,박정민 버블 붕괴의 신호탄,2026-04-10,https://an2-img.amz.wtchn.net/image/v2/EuMoxrcVOvSadkqqsdIGBg.jpg?jwt=ZXlKaGJHY2lPaUpJVXpJMU5pSjkuZXlKdmNIUnpJanBiSW1SZk5Ea3dlRGN3TUhFNE1DSmRMQ0p3SWpvaUwzWXlMM04wYjNKbEwybHRZV2RsTHpjNE5ERXpNVEEwTXpBMU1EazBNQ0o5Lll1OWtxMDdxRW54UEVjOFFxd0g2dFFvR3Fna3RNejZEUGFDUUFMZExjams=,
라스트 듀얼: 최후의 결투,,2021,드라마 / 역사 / 액션,,,"부조리한 권력과 야만의 시대, 14세기 프랑스. 유서 깊은 `카루주`가의 부인 `마르그리트`는 남편 `장`이 집을 비운 사이, 불시에 들이닥친 장의 친구 `자크`에게 씻을 수 없는 모욕을 당한다. 

용서받지 못할 짓을 저지른 자크는 마르그리트에게 침묵을 강요하지만, 마르그리트는 자신이 입을 여는 순간 감내해야 할 불명예를 각오하고 용기를 내어 자크의 죄를 고발한다.

권력을 등에 업은 자크는 강력하게 자신의 결백을 주장하고, 가문과 자신의 명예를 지키기 위한 장은 승리하는 사람이 곧 정의로 판정 받게 되는 결투 재판을 요청하기에 이른다. 장이 결투에서 패할 경우, 마르그리트는 즉시 사형에 처해지는 운명에 놓이게 되는데…

숨이 멎을 듯한 152분! 압도적인 마지막 20분!  
10월, 단 한번의 결투가 세 사람의 운명을 가른다!",,,,리들리 스콧,맷 데이먼 / 아담 드라이버 / 조디 코머,4.0,호감 가는 캐릭터가 단 한 명도 없는 신기한 영화,2026-04-10,https://an2-img.amz.wtchn.net/image/v2/DtcG_1pDfASICtZouG3Cbw.jpg?jwt=ZXlKaGJHY2lPaUpJVXpJMU5pSjkuZXlKdmNIUnpJanBiSW1SZk5Ea3dlRGN3TUhFNE1DSmRMQ0p3SWpvaUwzWXlMM04wYjNKbEwybHRZV2RsTHpFMk16STROekk0T0RreE9Ea3dNVFl6TlRBaWZRLnZGb0lFMWJodEg3RFNtdDZNZy11cGdzc21NMEY4MTRadnJhWEVpS0Z4T0E=,
물랑 루즈,,2001,뮤지컬 / 로맨스,,,"1899년 파리. 지상에서 가장 화려한 세계, 물랑 루즈 카바레의 최고의 뮤지컬 가수 샤틴(니콜 키드먼)은 사랑을 얻기보다는 돈을 얻는게 더 나은 또는 더 안전하고 확실한 것으로 생각한다. 하지만 한편으로는 진정한 배우가 되기를 꿈꾸기도 한다. 신분 상승과 성공을 위해 투자자를 구하던 샤틴은 우연히 사랑을 찾아 몽마르트로 흘러온 영국의 낭만파 시인 크리스티앙(이완 맥그리거)을 만나게 된다. 샤틴에게서 운명적 사랑을 느낀 크리스티앙은 그녀가 있는 물랑 루즈라는 신비의 세계에 발을 들여놓는다. 하지만 그 둘 사이에 거역할 수 없는 슬픈 운명이 서서히 다가오는데...",,,,바즈 루어만,니콜 키드먼 / 이완 맥그리거,3.5,"하얗게 분칠한 쉰내나는 아저씨들 얼굴들만 잘 견뎌낸다면, 나름대로 볼거리가 풍성한 영화",2026-04-10,https://an2-img.amz.wtchn.net/image/v2/IP90AFRaZ3Z-R258jOaffA.jpg?jwt=ZXlKaGJHY2lPaUpJVXpJMU5pSjkuZXlKdmNIUnpJanBiSW1SZk5Ea3dlRGN3TUhFNE1DSmRMQ0p3SWpvaUwzWXhMMkZwYURRemNIZ3hPR2h5WTJGdU0yWmtNRzk2SW4wLm1UajBUcFRyU2dFZFJRM29CX1pWV0p5bzJVU1BBVVdlNjVESUsxUjQwZHM=,
가위손,,1990,드라마 / 판타지 / 로맨스,,,"[2026 문화다양성 주간 / 싱어송라이터 단편선]
양손이 모두 가위인 탓에 무언가를 만질 수 없는 한 피조물에 관한 이야기입니다. ‘프랑켄슈타인’이 떠오르기도 하지만 그보다 훨씬 귀여운 이야기고 전형적인 플롯을 따라 가지만 곳곳에 팀 버튼 특유의 악취미적인 취향이 묻어나는 영화입니다. 이리 고딕-호러적인 가족영화라니, 볼 때야 즐겁지만 생각해보면 기이하죠.



화장품 외판원 펙(다이안 웨스트)은 마을 언덕 외딴 성에서 상처투성이 창백한 얼굴과 날카로운 가위손 때문에 외롭게 살고 있는 에드워드(조니 뎁)를 만나 자신의 집으로 데려온다. 평범한 일상에 무료해하던 마을 사람들에게 큰 관심거리가 된 에드워드, 펙의 딸 킴(위노라 라이더)을 만나 첫눈에 사랑에 빠지지만 그녀의 남자친구 질투와 이웃들의 편견으로 도둑으로 몰리며 더 큰 오해에 빠지게 되는데..",,,,팀 버튼,조니 뎁 / 위노나 라이더 / 다이안 위스트 / 안소니 마이클 홀 / 케시 베이커,4.0,상처 줄까 봐 물러서는 마음이 얼마나 깊을 수 있는지,2026-04-10,https://an2-img.amz.wtchn.net/image/v2/t6vPnd51_pW0se7Y6F3uMw.jpg?jwt=ZXlKaGJHY2lPaUpJVXpJMU5pSjkuZXlKdmNIUnpJanBiSW1SZk5Ea3dlRGN3TUhFNE1DSmRMQ0p3SWpvaUwzWXhMMjF1ZVRkdWR6Vm5kakEyYkhaNE0ydGplbXBqSW4wLlZ2c3FXWVJrSHptUG9CWEFXdEZvcTJkb0E3MTFlemxSMXhFU0dKRGVBRFU=,
퇴마록,,2024,애니메이션 / 판타지,,,"삼백이 반으로 나뉘고, 다섯이 모자랄 때
불씨가 하늘을 모두 태우리라""

수백 년간 은거하던 해동밀교의 145대 교주가 생명을 제물로 바쳐 절대 악(惡)의 힘을 얻기 위한 의식을 시작한다. 해동밀교의 다섯 호법들은 그를 막기 위해 힘을 보태줄 새로운 인물을 찾아나서고, 파문 당한 신부 박윤규, 무공을 위해 밀교를 찾은 현암, 사건의 중심에 있는 예언의 아이 준후가 합세해 거대한 악에 맞서는데...

하늘이 불타던 날,
새로운 전설이 시작된다!",,,,김동철,,3.0,코리안 아케인 등장,2026-04-06,https://an2-img.amz.wtchn.net/image/v2/S4rTFlJEQzAfVNTgHOIn4A.jpg?jwt=ZXlKaGJHY2lPaUpJVXpJMU5pSjkuZXlKdmNIUnpJanBiSW1SZk5Ea3dlRGN3TUhFNE1DSmRMQ0p3SWpvaUwzWXlMM04wYjNKbEwybHRZV2RsTHpJNU5USTBOVGswT1RVeU5qazRPQ0o5LmlDQ1hINldTYlpUMnRubVR6QWlWV2cwSGd5N29oZ2lVMTh4SzFpUEIwQkE=,
윗집 사람들,,2025,드라마 / 코미디,,,"세상의 부부들은 정말 밤마다 사랑을 나눌까?
너희도 솔직해지고 싶지 않아?

불같던 결혼 생활은 사라지고 무미건조한 일상만 남은 정아(공효진)와 현수(김동욱). 요즘 두 사람을 가장 괴롭히는 건, 매일 밤 지나치게 활기찬 소리를 내는 윗집 부부 김 선생(하정우)과 수경(이하늬)이다. 정아는 이사 공사 소음을 참아준 윗집 부부를 위해 예의상 저녁 식사 자리를 마련하고 그날 저녁, 식탁에 마주 앉은 윗집 부부는 정아와 현수에게 전혀 예상하지 못한 제안을 하게 되는데…

이것은 소음인가 신호인가
위아래 없는 섹다른 영화가 온다!",,,,하정우,하정우 / 공효진 / 김동욱 / 이하늬,2.5,스크린이 아닌 무대 위의 연극을 보는 듯한 이질감이 크다. 대사와 유머가 영화적이지 못하고 겉도는 느낌.,2026-04-06,https://an2-img.amz.wtchn.net/image/v2/JoO9LlJzEaNutul8ZBIB0g.jpg?jwt=ZXlKaGJHY2lPaUpJVXpJMU5pSjkuZXlKdmNIUnpJanBiSW1SZk5Ea3dlRGN3TUhFNE1DSmRMQ0p3SWpvaUwzWXlMM04wYjNKbEwybHRZV2RsTHpFeU1EWXdPRFUzTkRRNE5qVTNPVE16SW4wLmZ6S3ZObFRaUUlCWUxtd2NlTDZTU0xmTFBmM1R5blVoVjlMWUlGQm5IUzQ=,
프로젝트 헤일메리,,2026,SF / 드라마,,,"""죽어가는 태양, 종말 위기에 놓인 지구. 
인류의 운명을 건 단 하나의 미션. 
그의 마지막 임무가 시작된다!""

눈을 떠보니 아득한 우주의 한가운데에서 깨어난 중학교 과학교사 ‘그레이스’는 희미한 기억 속에서 자신이 죽어가는 태양으로부터 지구와 인류를 살릴 마지막 희망으로 이곳에 왔다는 사실을 알게 된다. 잃어버린 기억으로 인해 모든 것이 혼란스러운 상황에서 ‘그레이스’는 우연히 우주 한복판에서 같은 목적으로 온 뜻밖의 존재 ‘로키’를 만나게 되고 ‘그레이스’와 ‘로키’는 각 두 행성의 운명을 건 마지막 미션을 수행하러 떠나게 되는데…",,,,필 로드 / 크리스토퍼 밀러,라이언 고슬링,4.0,"원작을 안 보고 봤더라면 훨씬 좋았을 영화라는 생각이 든다. 책으로는 따라가기 힘들었던 과학적인 설명이나 우주 묘사를 기분 좋게 시각화해버린 연출도 무척 좋았다. 특히 텍스트만으로는 도저히 상상하기 어려웠던 로키를 두 눈으로 직접 확인하는 과정은 원작 팬으로서 정말 반가운 지점이었다.

하지만 영화적 호흡을 위해 서사의 밀도가 낮아진 점은 못내 아쉽다. 원작 특유의 처절한 고군분투와 빌드업 과정이 대거 생략되다 보니, 결정적인 순간에 느껴져야 할 감동의 농도마저 옅어진 기분이다. 여기에 스트라트와의 불필요한 러브라인 설정까지 추가된 점은 몰입을 방해하는 요소였다. 시각적인 즐거움과 로키의 존재감만으로도 충분히 매력적인 영화였지만, 역시 '모르고 봤더라면 더 좋았겠다'는 생각이 머릿속을 맴돈다.

그럼에도 이렇게 귀여운 로키를 두고 이 영화 왜 안봄.질문?",2026-04-06,https://an2-img.amz.wtchn.net/image/v2/9Mkeq9eisk77WGVwT9p60A.jpg?jwt=ZXlKaGJHY2lPaUpJVXpJMU5pSjkuZXlKdmNIUnpJanBiSW1SZk5Ea3dlRGN3TUhFNE1DSmRMQ0p3SWpvaUwzWXlMM04wYjNKbEwybHRZV2RsTHpnMU5EZzROemsxTURNME1EZzVJbjAudWNtdFRhUDgwNHNqQmNlbFBWZGVQSGlZVUtvZGFuLTBUamx4VjFPUXJjSQ==,
더 폴: 디렉터스 컷,,2006,모험 / 판타지 / 드라마,,,"[2026 문화다양성 주간 / 미디어 아티스트 이이남]
이 영화를 처음 보았을 때 ‘인간은 왜 끝없이 이미지를 꿈꾸는가’라는 생각이 들었습니다. 1분이면 고퀄리티 이미지가 생성되는 시대. 하지만 영혼을 담아 만들어진 장면 앞에서 사람의 마음이 움직이는 이유는 무엇일까? 결국 보이는 것이 전부는 아니라는 사실을 다시 생각하게 만드는 영화입니다.



무성영화 시대의 할리우드를 배경으로, 스턴트맨 ‘로이’는 같은 병원에 입원한 호기심 많은 어린 소녀 ‘알렉산드리아’와 친구가 되고, 매일 다섯 무법자의 환상적인 모험 이야기를 해준다. 이야기는 현실과 상상이 뒤섞이면서 ‘알렉산드리아’를 신비의 세계로 데려간다.

4년에 걸쳐 전 세계 24개국, NO CGI로 촬영한 믿을 수 없는 황홀경
18년 만에 4K로 부활한 영상미학의 궁극",,,,타셈 싱,리 페이스,3.5,서로의 숨통을 틔워주는 두 세계의 아름다운 공생,2026-04-06,https://an2-img.amz.wtchn.net/image/v2/llJrwKzrr8JFxbg7KpLfug.jpg?jwt=ZXlKaGJHY2lPaUpJVXpJMU5pSjkuZXlKdmNIUnpJanBiSW1SZk5Ea3dlRGN3TUhFNE1DSmRMQ0p3SWpvaUwzWXlMM04wYjNKbEwybHRZV2RsTHpJMk56ZzFPVFkwT1RjNU5UVXlNQ0o5LmxFLUFPaEhOODFvUzljTWdkLTR2TWlCVElKR1FER3BnRGNMeG5mMmlTSDg=,https://an2-img.amz.wtchn.net/image/v2/RroefJ-_ltHyDrZMYpcBDw.webp?jwt=ZXlKaGJHY2lPaUpJVXpJMU5pSjkuZXlKdmNIUnpJanBiSW1SZk5EY3dlREkyTkhFNE1DSmRMQ0p3SWpvaUwzWXlMM04wYjNKbEwybHRZV2RsTHpFek1ERXdNakkwT0RJM01qWXdORGdpZlEuZFlhTVBBU0hBYWl2RGh0ZzJnejB6aTZpZWtRcEZ0WG42UFhvS3EtLWNQVQ==
노매드랜드,,2020,드라마,,,"경제적 붕괴로 도시 전체가 무너진 후 홀로 남겨진 ‘펀’(프란시스 맥도맨드). 추억이 깃든 도시를 떠나 작은 밴과 함께 한 번도 가보지 않은 낯선 길 위의 세상으로 떠난다. 그 곳에서 ‘펀’은 각자의 사연을 가진 노매드들을 만나게 되고, 광활한 자연과 길 위에서의 삶을 스스로 선택한 그들과 만나고 헤어지며 다시 살아가기 위한 여정을 시작하는데…",,,,클로이 자오,프란시스 맥도먼드,3.5,"정착하지 않아도 결핍되지 않는 삶, 그리고 비워냄으로써 채워지는 평온",2026-04-01,https://an2-img.amz.wtchn.net/image/v2/6x0sFQ4I5JiPchuf5Rfnqw.jpg?jwt=ZXlKaGJHY2lPaUpJVXpJMU5pSjkuZXlKdmNIUnpJanBiSW1SZk5Ea3dlRGN3TUhFNE1DSmRMQ0p3SWpvaUwzWXlMM04wYjNKbEwybHRZV2RsTHpFMk1UWTVPRGMzTmpFM01USTFNREk1TWpVaWZRLjdOUmNBWXNvemNiZktFWkphSW9Vak1fWHNfc3lvN2x0RU1zVGFocDRRMWs=,https://an2-img.amz.wtchn.net/image/v2/gyDUOk7j4aKZegYADVrtvg.webp?jwt=ZXlKaGJHY2lPaUpJVXpJMU5pSjkuZXlKdmNIUnpJanBiSW1SZk5EY3dlREkyTkhFNE1DSmRMQ0p3SWpvaUwzWXhMMlYwZG5WcmQyUnRjblZtWkhCMGEzRjNibWhzSW4wLkdhbllyLTFfYUhqQUNyU2ZtWmlIekYwakZsd05aQ1lrT201OG9UMXd5Snc=
브레이브하트,,1995,전기 / 드라마 / 역사 / 전쟁,,,"13세기 말엽, 스코틀랜드와 잉글랜드 왕가는 서로 대립하고 있었다. 스코틀랜드 왕이 후계자 없이 죽자, 잉글랜드는 왕권을 요구하며 스코틀랜드에 포악한 정치의 그림자를 드리우기 시작한다. 폭정으로 스코틀랜드 사람들은 잇달아 죽음을 당하게 되고, 윌리엄 월레스(멜 깁슨)는 폭정을 피하여 멀리보내어져 양육된다. 그가 성장하여 고향에 돌아왔을때 월레스의 조국 스코틀랜드는 여전히 잉글랜드의 전제 군주 롱생크(패트릭 맥구한)의 핍박과 탄압 시달리고 있었다. 이때 윌리엄 월레스는 운명적인 사랑의 여인 머론(캐서린 맥코맥)을 만나게 되고 그와 결혼하나, 잉글랜드의 폭정에 머론은 잔인하게 처형된다. 월레스는 머론의 죽음을 복수하게되고 그 과정에서 하나 둘씩 모여드는 스코틀랜드 사람들을 모아 용맹과 투지로 무장한 저항군을 이끄는 지도자가 되는데...",,,,멜 깁슨,멜 깁슨 / 소피 마르소 / 패트릭 맥구언,3.0,잊혀지지 않는 비주얼 : 스코티시 연개소문과 소피 마르소,2026-03-31,https://an2-img.amz.wtchn.net/image/v2/LvmIv3Ln7O20eZVsUn4jxQ.jpg?jwt=ZXlKaGJHY2lPaUpJVXpJMU5pSjkuZXlKdmNIUnpJanBiSW1SZk5Ea3dlRGN3TUhFNE1DSmRMQ0p3SWpvaUwzWXhMM2w0ZFdONllXZzBOV2xrYkdkcE5tdDNkakZtSW4wLjlhSEcyZXZpNUJzYlk1cFNudXpuNUhubkR2cEY3YzZ6NVVSSkNwbDN5NEE=,https://an2-img.amz.wtchn.net/image/v2/Iu8ohvann150wtD8s2PYPg.webp?jwt=ZXlKaGJHY2lPaUpJVXpJMU5pSjkuZXlKdmNIUnpJanBiSW1SZk5EY3dlREkyTkhFNE1DSmRMQ0p3SWpvaUwzWXhMMjQzWVdsMk5tdHNlVGhpWTJGdk4yeHRjbUp0SW4wLnVZQlVDLUlvNXRLVkdQSjZKOF8tcVU2RUZGU29tWkg0cThiWlFJNFY3Znc=
더 메뉴,,2022,코미디 / 공포 / 스릴러,,,"외딴 섬에 위치한 고급 레스토랑

디너 180만원, 단 12명에만 주어지는 특별한 초대에 참석하게 된 커플, ‘타일러’와 ‘마고’. 셰프 ‘슬로윅’의 예술의 경지에 이른 요리에 '타일러'는 환호하지만, '마고'는 무언가 심상치 않음을 느낀다. 코스 요리가 하나씩 나올 때마다 셰프가 설계한 완벽한 계획 아래 기이한 일들이 펼쳐지는데… 그들이 이곳에 초대받은 이유는 무엇일까?

숨겨졌던 위험한 비밀이 밝혀진다",,,,마크 미로드,레이프 파인즈 / 안야 테일러 조이,2.0,"하고 싶은 말은 알겠으나, 설득의 과정이 생략된 불친절한 코스 요리. 서빙은 시작됐는데 설명은 끝내 듣지 못함",2026-03-30,https://an2-img.amz.wtchn.net/image/v2/yo0H2dHwRU0jksIAXwlClQ.jpg?jwt=ZXlKaGJHY2lPaUpJVXpJMU5pSjkuZXlKdmNIUnpJanBiSW1SZk5Ea3dlRGN3TUhFNE1DSmRMQ0p3SWpvaUwzWXlMM04wYjNKbEwybHRZV2RsTHpFMk56QTFOVEk0T0RrM05EZzNOelUwTURRaWZRLlpYcUpiWURRS09kaXFTVXRMTFpoYVkxOXdxc0ZSOGNyaTA5Q1BNRDRhSXc=,https://an2-img.amz.wtchn.net/image/v2/vOjGrUPfAoSAENg5dg8alw.webp?jwt=ZXlKaGJHY2lPaUpJVXpJMU5pSjkuZXlKdmNIUnpJanBiSW1SZk5EY3dlREkyTkhFNE1DSmRMQ0p3SWpvaUwzWXlMM04wYjNKbEwybHRZV2RsTHpFMk5qUTBNalV4TURRM05qa3hOakl5TURFaWZRLjdkRkNGMUJNUUNVUTU0X1VsTndlZlhBN1c1THMxWUZ1TFFIeGNlSEdvMEE=
코메디의 왕,,1982,코미디 / 범죄 / 드라마 / 스릴러,,,"건달 루퍼트 펍킨은 스스로 타고난 코미디언이라고 생각하고 있는 배우 지망생이다. 거물 코미디언 제리 랭포드에게 접근, 화려한 데뷔를 꿈꾸는 그는 갖은 수단을 다 쓰나 별무효과. 그가 탄 자동차에 무조건 올라탄 펍킨은 '한번 연락하라'는 한마디에 벌써 유명 인사나 된듯 과대망상에 빠진다.

그러나 기회는 좀처럼 오지 않고, 마지막 수단으로 펍킨은 역시 랭포드의 열광적인 여성팬을 동원, 그를 납치한다. 랭포드에게 권총을 들이대고 협박한 펍킨은 그로 하여금 제작자에게 전화를 걸게 한다. 깜짝 놀랄 미지의 인물이 랭포드 쇼에 출연케 된다고, 혜성같이 등장할 그 코미디언의 이름은 '킹', 자칭 코미디의 왕은 기가 막힌 모습으로 데뷔한다.",,,,마틴 스콜세지,로버트 드 니로 / 제리 루이스,5.0,조커의 분장도 무색하게 만드는 맑눈광의 순수 결정체,2026-03-30,https://an2-img.amz.wtchn.net/image/v2/FlHZ5ewv8FQpDUMyfp_-rw.jpg?jwt=ZXlKaGJHY2lPaUpJVXpJMU5pSjkuZXlKdmNIUnpJanBiSW1SZk5Ea3dlRGN3TUhFNE1DSmRMQ0p3SWpvaUwzWXlMM04wYjNKbEwybHRZV2RsTHpFMk1UUTRORFl5TURnMU9EUTNNRGN5TnpnaWZRLkNQbzdyU1dwdThaYjUwdkxRY050bHAtdURId3NURFFNSlBXaENQVDJaQ1k=,https://an2-img.amz.wtchn.net/image/v2/O_vS93K_LR_lQCd58dR79g.webp?jwt=ZXlKaGJHY2lPaUpJVXpJMU5pSjkuZXlKdmNIUnpJanBiSW1SZk5EY3dlREkyTkhFNE1DSmRMQ0p3SWpvaUwzWXlMM04wYjNKbEwybHRZV2RsTHpFMk1UUTNOakk0TURjM05USXhNekU0TWpFaWZRLnNRLXRHajdrSHdDMnNBN3dGdXJGbkNaSnM3QzZPdE1LU2M2ckkyTV9jckE=
원스 어폰 어 타임 인 아메리카,,1984,범죄 / 드라마,,,"1921년, 좀도둑질을 일삼던 누들스는 맥스를 비롯한 친구들과 함께 밀수품 운반 일을 하며 돈을 벌어들인다. 누들스 무리에 위협을 느낀 벅시는 누들스의 친구를 죽이고, 이에 분노한 누들스는 벅시를 살해한 후 감옥에 들어가게 된다.

1932년, 출소한 누들스는 어린 시절 첫사랑 데보라와 밀주 사업으로 크게 성공한 맥스를 다시 만나지만, 금주법 철폐로 그들의 밀주 사업도 위기를 맞는다. 맥스는 누들스에게 연방준비은행을 털 것을 제안하지만 누들스는 거절한다.

1968년, 베일리 재단 파티에 초대 받은 누들스는 재단 창립 기념 사진 속에서 데보라를 발견하고 그녀를 찾아가 자신을 초대한 베일리 장관에 대해 묻지만 그를 찾지 말라며 경고한다. 그녀의 만류에도 누들스는 마침내 의문의 베일리 장관과 마주하게 되는데...",,,,세르지오 레오네,로버트 드 니로,2.5,내 아이에겐 보여주고 싶지 않은 '나쁜 어른들의 동화',2026-03-30,https://an2-img.amz.wtchn.net/image/v2/STd5k82LixfKWKbW0uCuOQ.jpg?jwt=ZXlKaGJHY2lPaUpJVXpJMU5pSjkuZXlKdmNIUnpJanBiSW1SZk5Ea3dlRGN3TUhFNE1DSmRMQ0p3SWpvaUwzWXhMM0ZwZUdGcmIzRTNibU40TTI5M01uRmpjVEoySW4wLmtiMzBUSXR1b3JVSWR4aXgyZ0RGN2RRcC0ydnVnbF9rWGpXLUN1RXFiOHc=,https://an2-img.amz.wtchn.net/image/v2/5wp8Oz5_EZfRTpYMIpJixw.webp?jwt=ZXlKaGJHY2lPaUpJVXpJMU5pSjkuZXlKdmNIUnpJanBiSW1SZk5EY3dlREkyTkhFNE1DSmRMQ0p3SWpvaUwzWXhMM0ZyYjJ0MWNHZHhlSG81YVRSNWEycG9iMkZ1SW4wLkNrMTBOQWtnWTY1c0RSZlBjcmRYWTZmeTBFRktXM2c1T3B0dFJBRHdzM3c=
해피엔드,,2024,드라마,,,"점멸등이 일렁이는 근미래의 도쿄.

음악에 빠진 고등학생 ‘유타’와 ‘코우’는 친구들과 함께 자유로운 나날을 보낸다. 동아리방을 찾아 늦은 밤 학교에 잠입한 그들은 교장 ‘나가이’의 고급 차량에 발칙한 장난을 치고, 분노한 학교는 AI 감시 체제를 도입한다. 그날 이후 그들을 둘러싼 모든 것이 조금씩 달라지기 시작하는데…",,,,네오 소라,구리하라 하야토 / 히다카 유키토,4.0,앞으로 못 봐도 괜찮아 그래도 꼭 다시 보자,2026-03-25,https://an2-img.amz.wtchn.net/image/v2/_iRhJrMXqga-938v81r-ww.jpg?jwt=ZXlKaGJHY2lPaUpJVXpJMU5pSjkuZXlKdmNIUnpJanBiSW1SZk5Ea3dlRGN3TUhFNE1DSmRMQ0p3SWpvaUwzWXlMM04wYjNKbEwybHRZV2RsTHpFeE9EYzROemMwT0RnNU9EUTNJbjAuemNMMmJhaElfMnhSaEVLYzEyYWY5Y08wTDFQeEdxWjhzYnVIMWdfelJjMA==,https://an2-img.amz.wtchn.net/image/v2/wUBIvvrwN4o1_1eEVB1Mjw.webp?jwt=ZXlKaGJHY2lPaUpJVXpJMU5pSjkuZXlKdmNIUnpJanBiSW1SZk5EY3dlREkyTkhFNE1DSmRMQ0p3SWpvaUwzWXlMM04wYjNKbEwybHRZV2RsTHpnME1EY3dORGsxTURnME1qZzJNalVpZlEueHBkVWMxbmZOM0pEMm9paV9JcGRzUnNhcko5cUJCblp6Zy1ZTHRFR1k2dw==
레디 오어 낫,,2019,공포 / 스릴러,,,신부의 결혼 첫날 밤이 흉흉해진다. 신랑측의 별난 식구들이 무시무시한 게임을 제안했기 때문이다.,,,,맷 베티넬리-올핀 / 타일러 질렛,사마라 위빙 / 애덤 브로디 / 마크 오브라이언 / 헨리 체르니 / 앤디 맥도웰,3.0,남의 집 귀한 딸 건드리면 안되는 이유,2026-03-24,https://an2-img.amz.wtchn.net/image/v2/2ek8qbusrzHuEReIT1EoWQ.jpg?jwt=ZXlKaGJHY2lPaUpJVXpJMU5pSjkuZXlKdmNIUnpJanBiSW1SZk5Ea3dlRGN3TUhFNE1DSmRMQ0p3SWpvaUwzWXhMM1F6Y1dzeWJYQmxjMk51ZW00elptbGxZMkpwSW4wLnNrdld4eEIyLXFiY29VeXROcG9PamJja0RQVWVBNlAtVG5TYlhHM0d4bTQ=,https://an2-img.amz.wtchn.net/image/v2/F6eC8n5jBHq5qgFXLF9lGQ.webp?jwt=ZXlKaGJHY2lPaUpJVXpJMU5pSjkuZXlKdmNIUnpJanBiSW1SZk5EY3dlREkyTkhFNE1DSmRMQ0p3SWpvaUwzWXhMM3B5WTI4eU5tdGhOVGsxZW1wb05XRmxhRGhoSW4wLlFUUmFZRmlpaEx5T1FrSGRla0JHQThNTnRfdUdYalJUYVFWOFBGZXIzc1E=
리미트리스,,2011,SF / 스릴러 / 액션 / 미스터리,,,"마감 날짜가 다가오지만 한 글자도 쓰지 못한 무능력한 작가 '에디 모라'(브래들리 쿠퍼). 애인 '린디'(애비 코니쉬)에게도 버림 받고 찌질한 하루하루를 보내던 중, 우연히 만난 전처의 동생이 준 신약 NZT 한 알을 복용한 순간 뇌의 기능이 100% 가동되고 하루 아침에 그의 인생이 바뀌어 버린다. 모든 신경이 잠에서 깨어 활동하기 시작한 그는 보고 들은 것을 모두 기억하고 하루에 한 개의 외국어를 습득하며 아무리 복잡한 수학공식이라도 순식간에 풀어버리기에 이른다. 또 하루 레슨으로 수준급의 피아노 실력을 갖추게 되고, 소설책 한 권을 쉽게 탈고하는 것은 물론 체력도 무한대가 되고, 사람들의 마음을 사로잡는 것 역시 너무나 간단해져 버린다. 놀라운 효력에 매료된 에디는 검증되지 않은 약을 계속 복용하며 능력을 지속해가고 곧 주식 투자로 수백만 달러를 벌어들인다. 그의 활약을 지켜보던 거물 '칼 밴 룬'(로버트 드 니로)으로부터 역사상 가장 큰 기업 합병을 도와달라는 제의를 받지만, 약을 빼앗으려는 자들이 나타나면서 에디는 위험에 처하게 되고 약의 치명적인 부작용도 서서히 나타나기 시작한다. 이제 에디는 얼마 남지않은 약이 다 떨어지기 전에 베일에 싸인 스토커와 적들을 물리쳐야 한다.",,,,닐 버거,브래들리 쿠퍼 / 로버트 드 니로 / 애비 코니쉬,2.5,진짜 영화만들다 약이 다 떨어졌나,2026-03-24,https://an2-img.amz.wtchn.net/image/v2/ydAO-LqfLbXdiM9WOxB22g.jpg?jwt=ZXlKaGJHY2lPaUpJVXpJMU5pSjkuZXlKdmNIUnpJanBiSW1SZk5Ea3dlRGN3TUhFNE1DSmRMQ0p3SWpvaUwzWXhMM1l5Y1hCM2FqUjBaWHBoZFhwaGJtbzRaV3czSW4wLmpWSHNkZHNkb2sxbmJrNUlNbExudkFHTERrUkk0c0N6clowWXpJMFJZMjQ=,https://an2-img.amz.wtchn.net/image/v2/vCXdjUbOIAXI-xaZAFtO2A.webp?jwt=ZXlKaGJHY2lPaUpJVXpJMU5pSjkuZXlKdmNIUnpJanBiSW1SZk5EY3dlREkyTkhFNE1DSmRMQ0p3SWpvaUwzWXhMMjFoZEdVd2JTMHpPVEEyTnlKOS4zUHE3YS1kQTBnV01vY281cEs1Y0ZSd3JlaXV1N1BaX2lRRVBURXBCNjBZ
사운드 오브 뮤직,,1965,전기 / 드라마 / 가족 / 뮤지컬 / 로맨스,,,"알프스에서 들려오는 환상의 하모니!
세상에서 가장 사랑스러운 합창이 시작된다! 다 함께 도-레-미~♪♬

음악을 사랑하는 말괄량이 견습 수녀 ‘마리아’는 원장 수녀의 권유로 해군 명문 집안 폰 트랩가의 가정교사가 된다. ‘마리아’는 좀처럼 마음의 문을 열지 않는 폰 트랩가의 일곱 아이들에게 노래를 가르치며 점차 교감하게 되고, 엄격한 ‘폰 트랩 대령’ 역시 마음의 문을 열게 된다. 그러던 어느 날, ‘마리아’는 자신이 ‘폰 트랩 대령’을 사랑하고 있다는 사실을 깨닫게 되고, 자신만의 비밀을 간직한 채 아이들의 곁을 떠나 다시 수녀원에 들어가기로 결심하는데…",,,,로버트 와이즈,줄리 앤드류스 / 크리스토퍼 플러머 / 엘리너 파커 / 리처드 헤이든,5.0,영화 한 편으로 세상이 조금 더 살만해질 수 있다는 것을 믿게 만드는 영화,2026-03-24,https://an2-img.amz.wtchn.net/image/v2/jKs2UwC3P-dz3lbgRR30hg.jpg?jwt=ZXlKaGJHY2lPaUpJVXpJMU5pSjkuZXlKdmNIUnpJanBiSW1SZk5Ea3dlRGN3TUhFNE1DSmRMQ0p3SWpvaUwzWXhMMjgwY214b1ltaHFZVEZrZW1aalpuTnRkWEJ5SW4wLm55ZDNBbTFsdjhHYjBLV0xZUllsRkY3S1g1cFliQS10b0RPaTNwZjRZN3c=,https://an2-img.amz.wtchn.net/image/v2/BgONPD4bdyoqswFAihb_bA.webp?jwt=ZXlKaGJHY2lPaUpJVXpJMU5pSjkuZXlKdmNIUnpJanBiSW1SZk5EY3dlREkyTkhFNE1DSmRMQ0p3SWpvaUwzWXlMM04wYjNKbEwybHRZV2RsTHpFMk5USTJNVGN3TXpRd01qSTJORGt6TnpnaWZRLjFraldySGZ3R1h4djVUaFViTzhnczlhRjBxbGt5Qi1lWXJtSGpibGFfODQ=
씨너스: 죄인들,,2025,드라마 / 공포 / 스릴러,,,"[2026 문화다양성 주간 / 만화가 고사리박사]
장르적 쾌감 위에 인종, 공동체, 예술이 충돌하고 융합되며 무아지경에 가까운 황홀감을 선사합니다. 모든 소요가 지나간 뒤 아침 해와 함께 ‘라스트 타임(Last Time: I Seen the Sun)’이 흘러나올 때 도무지 극장에서 나올 수가 없었습니다. 2025 최고의 영화라고 생각합니다．



1932년, 시카고 갱단의 생활을 정리하고 고향 미시시피로 돌아온 쌍둥이 형제 ‘스모크’와 ‘스택’(마이클 B. 조던)은 큰돈을 벌기 위해 술집 ‘주크 조인트’를 운영하기로 한다. 화려한 오프닝 파티가 열리는 밤, 천부적인 재능을 지닌 ‘새미’(마일스 케이턴)의 노래로 파티의 열기는 점점 뜨거워지고 초대하지 않은 불청객 일행이 찾아오는데… 

그날 밤, 우리는 악을 깨웠다!",,,,라이언 쿠글러,마이클 B. 조던,4.0,마이클 B 조던 >> 혜성처럼 등장한 뱀파이어계의 리액션 장인. 옆에서 노래 부를 때 호응해 주는 폼만 봐도 이미 영생은 따 놓은 당상,2026-03-24,https://an2-img.amz.wtchn.net/image/v2/im_ptBBGVh-OzwwEaSYBPg.jpg?jwt=ZXlKaGJHY2lPaUpJVXpJMU5pSjkuZXlKdmNIUnpJanBiSW1SZk5Ea3dlRGN3TUhFNE1DSmRMQ0p3SWpvaUwzWXlMM04wYjNKbEwybHRZV2RsTHpFNE5UazVNREU0T1RZek1UazNNRElpZlEuMmpvOXljcWhhcFNXeFZLT0pKR0t2Rmcwc0lTN0N5R2FfVENnMGx6Vkt2SQ==,https://an2-img.amz.wtchn.net/image/v2/A0QQB_0aC5P6_QJs93vMPg.webp?jwt=ZXlKaGJHY2lPaUpJVXpJMU5pSjkuZXlKdmNIUnpJanBiSW1SZk5EY3dlREkyTkhFNE1DSmRMQ0p3SWpvaUwzWXlMM04wYjNKbEwybHRZV2RsTHprMk5EZ3pNRGt6T0RZMU5Ua3dJbjAuMDdrYUtPOTVCSWRkVy1hcHkwR1ZEOHhKR3pGZ3dQYTFvd0pMUU0yaFJCcw==
주토피아 2,,2025,애니메이션 / 모험 / 코미디 / 가족,,,"더 화려해진 세계, 더 넓어진 주토피아!
디즈니의 가~~장 사랑스러운 콤비 '주디'와 '닉'이 돌아온다!

미스터리한 뱀 ‘게리’가 나타난 순간,
주토피아가 다시 흔들리기 시작했다!

혼란에 빠진 도시를 구하기 위해 
환상의 콤비 ‘주디’ & ‘닉’이 잠입 수사에 나서고 
상상 그 이상의 진실과 위협을 마주하게 되는데...!

11월, 초특급 추적 어드벤처가 펼쳐진다!",,,,자레드 부시 / 바이론 하워드,,2.0,아직도 모르겠다 주토피아 감성 ...,2026-03-20,https://an2-img.amz.wtchn.net/image/v2/XC3iO9tqlCITrWhe9-45Tw.jpg?jwt=ZXlKaGJHY2lPaUpJVXpJMU5pSjkuZXlKdmNIUnpJanBiSW1SZk5Ea3dlRGN3TUhFNE1DSmRMQ0p3SWpvaUwzWXlMM04wYjNKbEwybHRZV2RsTHprd09ERXhNekF5T0RReE5USTVOakFpZlEuS3NnblpFYzktVXIyNlVmS21GeVQyMWtKTDNiX2ZQbVEyRzRvMjVFVTZ0aw==,https://an2-img.amz.wtchn.net/image/v2/tM3YoJwJqxn7O_SEhnSVYw.webp?jwt=ZXlKaGJHY2lPaUpJVXpJMU5pSjkuZXlKdmNIUnpJanBiSW1SZk5EY3dlREkyTkhFNE1DSmRMQ0p3SWpvaUwzWXlMM04wYjNKbEwybHRZV2RsTHpZM016TTVOalExTURneE5ESTBNelVpZlEuMnZScUdQRUozVlo3ZHkydzhYWnpIR1UzQTRLM2Fsbm1VYXdLN2djUVFzWQ==
스타워즈: 라이즈 오브 스카이워커,,2019,액션 / 모험 / 판타지 / SF,,,"새로운 미래를 결정지을 운명을 건 대결,
마침내 영웅은 전설이 된다.

더욱 강력해진 포스로 돌아온 ‘레이’는 전 우주를 어둠의 힘으로 지배하려는 ‘카일로 렌’에게 대적할 유일한 히로인으로 거듭난다. 미래의 운명을 쥔 ‘레이’는 든든한 조력자이자 친구인 ‘핀’, ‘포’와 함께 새로운 미래를 위한 험난한 여정을 떠나고, 선과 악의 거대한 전쟁을 마주하게 된다. 또한 ‘카일로 렌’과의 피할 수 없는 운명적 대결을 펼치게 되는데… 

전쟁을 끝내고 새로운 전설로 탄생할, 
선택받은 영웅은 누가 될 것인가?!",,,,J.J. 에이브럼스,캐리 피셔 / 마크 해밀 / 아담 드라이버 / 데이지 리들리 / 존 보예가,1.5,도대체 레이랑 카일로 렌은 왜 키스를 한걸까? 아시는분?,2026-03-19,https://an2-img.amz.wtchn.net/image/v2/uT0vF03cJBnrWZS-bxa2MQ.jpg?jwt=ZXlKaGJHY2lPaUpJVXpJMU5pSjkuZXlKdmNIUnpJanBiSW1SZk5Ea3dlRGN3TUhFNE1DSmRMQ0p3SWpvaUwzWXhMM0YwZDJWaWVISnBhek5oYlRKNGJIRmlNWFl5SW4wLksyUV9kdlY1UTdDbFh2QkVoZ1RXcDVJNWRZYWktUW14dDlpaUJYdDBrSjA=,https://an2-img.amz.wtchn.net/image/v2/RkcYKjsk0nob_4Fqy0f37g.webp?jwt=ZXlKaGJHY2lPaUpJVXpJMU5pSjkuZXlKdmNIUnpJanBiSW1SZk5EY3dlREkyTkhFNE1DSmRMQ0p3SWpvaUwzWXhMM2sxZG5OaE1ITjJiV1JxYW10aWRIaHRiV2R6SW4wLndJa1NvbTZGWEM0cWVtRURPUGNpTlJ1NjRxbGZEcmV0R3gyUFJudnN0b0E=
스타워즈: 라스트 제다이,,2017,액션 / 모험 / 판타지 / SF,,,"악의 세력인 무자비한 퍼스트 오더가 은하계를 장악한 시대. 레아 장군(캐리 피셔)의 저항군은 힘겨운 싸움을 이어가고 있다. 그들의 유일한 희망은 마지막 제다이 루크 스카이워커(마크 해밀). 저항군은 승리의 불씨를 지필 마지막 희망을 찾아 레이를 과거의 영웅 루크에게 보낸다. 레이(데이지 리들리)는 우여곡절 끝에 루크를 찾아내지만, 자신의 잘못으로 레아의 아들 벤 솔로가 퍼스트 오더의 실세 카일로 렌이 되었다고 생각하는 루크는 함께 떠나자는 레이의 제안을 거절한다. 한편 레이는 알 수 없는 이유로 카일로 렌과 교감할 수 있게 된다.",,,,라이언 존슨,마크 해밀 / 캐리 피셔 / 아담 드라이버 / 데이지 리들리 / 존 보예가,2.0,"영상미는 우주급, 서사는 동네 마트 급",2026-03-18,https://an2-img.amz.wtchn.net/image/v2/ymxuzGtATYWOq6BqlxsKvg.jpg?jwt=ZXlKaGJHY2lPaUpJVXpJMU5pSjkuZXlKdmNIUnpJanBiSW1SZk5Ea3dlRGN3TUhFNE1DSmRMQ0p3SWpvaUwzWXhMMjFsWlhsd00yaDNhV016Y0d4NGVtZDVaWFJ1SW4wLmVhUUJ4SzFTd3JzTW5tbkNzUlZOc05aOW0ycUg1cnFna2p2WE1MU1ZHQ3c=,https://an2-img.amz.wtchn.net/image/v2/-Ap7BCMo9FJJ3rYc3m4KCw.webp?jwt=ZXlKaGJHY2lPaUpJVXpJMU5pSjkuZXlKdmNIUnpJanBiSW1SZk5EY3dlREkyTkhFNE1DSmRMQ0p3SWpvaUwzWXlMM04wYjNKbEwybHRZV2RsTHpFMk5URTFNREE0TURJME9EWTFPVEF3TWpBaWZRLm5jVWtKeG9FUjVPaFBTYVk3ZVZLV0FXVjhqUDhKdXhDZE1NeEhPZFBRUms=
스타워즈: 깨어난 포스,,2015,액션 / SF / 모험 / 판타지,,,"2번째 데스 스타가 파괴되고 다스 베이더가 사망한 지 약 30년 후,  마지막 남은 제다이인 루크 스카이워커가 사라졌다. 몰락한 은하 제국으로부터 일어난 퍼스트 오더는 루크와 공화국을 찾아내 제거하려 한다. 공화국과 루크의 쌍둥이 여동생 레이아 오르가나가 이끄는 저항군은 퍼스트 오더를 저지하고 루크의 도움을 받기 위해 루크를 찾는다. 저항군 최고의 파일럿 포 다메론은 자쿠 행성의 마을 장로를 만나 루크가 있는 장소의 지도를 얻는다. 카일로 렌이 이끄는 스톰트루퍼들은 마을을 파괴하고 포를 붙잡지만, 포의 드로이드 BB-8는 지도를 갖고 탈출하고 부랑자 레이를 만나게 된다.",,,,J.J. 에이브럼스,해리슨 포드 / 마크 해밀 / 캐리 피셔 / 아담 드라이버 / 데이지 리들리,2.5,"반가운 동창회에 갔더니, 모르는 신입생들이 분위기 다 망치고 내년에 또 보자며 억지로 약속 잡는 기분",2026-03-17,https://an2-img.amz.wtchn.net/image/v2/Phw0w-qVtBF-4Eq0tDqDmA.jpg?jwt=ZXlKaGJHY2lPaUpJVXpJMU5pSjkuZXlKdmNIUnpJanBiSW1SZk5Ea3dlRGN3TUhFNE1DSmRMQ0p3SWpvaUwzWXhMMnRuT1habmRYaDVkR3A1WTI1aGRtVXhibkI2SW4wLmUwdHdlbWs4V3BGczR3NUU4MTR5UHJGWGJYTkVaMnY5ekMwU3B6MFNkT1E=,https://an2-img.amz.wtchn.net/image/v2/jxZHzVP7JNon8pMpObtXkQ.webp?jwt=ZXlKaGJHY2lPaUpJVXpJMU5pSjkuZXlKdmNIUnpJanBiSW1SZk5EY3dlREkyTkhFNE1DSmRMQ0p3SWpvaUwzWXhMMlY2YjNKeGNUSmlOMlZ5TTNacGFITnJNMjl5SW4wLnROZ2JUSkl4d2djUGpmRkp0VWF6T1paUlpJS0pnazVYSE5JM3prcExBbk0=
한 솔로: 스타워즈 스토리,,2018,액션 / 모험 / SF,,,"돈? 복수? 뭘 원해?
목적부터 서로 다른 예측불허 문제적 ‘팀 솔로’ 결성!

최고의 파일럿을 꿈꾸던 ‘한 솔로’는 문제적 멘토 ‘베킷’의 유혹에 빠져 든든한 파트너 ‘츄바카’, 한때 연인이었던 ‘키라’와 함께 팀을 꾸려 수수께끼의 임무에 도전한다. 소문난 밀수꾼 ‘랜도’까지 합류, 미션을 수행하는 도중 상상도 못했던 위험과 마주하게 되는데…",,,,론 하워드,엘든 에런라이크 / 우디 해럴슨 / 에밀리아 클라크 / 도널드 글로버,3.0,스타워즈 스핀오프는 드로이드 맛집이 분명하다,2026-03-16,https://an2-img.amz.wtchn.net/image/v2/ag0vZJALSa-TAG2MfDb-gg.jpg?jwt=ZXlKaGJHY2lPaUpJVXpJMU5pSjkuZXlKdmNIUnpJanBiSW1SZk5Ea3dlRGN3TUhFNE1DSmRMQ0p3SWpvaUwzWXhMM04wTVdoMmJHY3pkSGhtYjJ4bmNYRXlOV293SW4wLm1LaC1vQndlcjBOZEQtQVFybGgyaTdsRjBPOWpRcVhEWDBfR25vWHlfS3c=,https://an2-img.amz.wtchn.net/image/v2/klT-UMrHaVXHgJiWRwrSUQ.webp?jwt=ZXlKaGJHY2lPaUpJVXpJMU5pSjkuZXlKdmNIUnpJanBiSW1SZk5EY3dlREkyTkhFNE1DSmRMQ0p3SWpvaUwzWXhMM2syTjI1eWNISm1jMjVuT1cxeWFHdHBPV2w2SW4wLkNoUUlUU1lkaFBUa2EweGlOYjcybVIzR3VIZW5nOWRKZGJzWldwZHdPRkE=
로그 원: 스타워즈 스토리,,2016,액션 / 모험 / SF,,,"희망이 사라진 세상. 반군 소속의 ‘진’ (펠리시티 존스)은 적의 최종병기 ‘데스 스타’ 개발에 아버지가 참여했단 과거 때문에 데스 스타의 약점을 캐내는 임무를 떠맡게 된다. 단숨에 행성 하나를 파괴할 위력을 지닌 데스 스타가 완성되기 전에 설계도를 훔쳐내야 하는 이번 작전의 성공 확률은 고작 2.4%. 생사도 모르는 아버지에 얽힌 비밀을 밝히려는 진을 비롯해 유능한 정보 요원 ‘카시안’(디에고 루나), 두 눈이 멀었지만 탁월한 무술 실력을 지닌 ‘치루트’(견자단), 전투 베테랑 ‘베이즈’, 파일럿 ‘보디’, 시니컬한 드로이드 ‘K-2SO’까지 합류, 거대한 전쟁을 끝낼 ‘로그 원’이 이끄는 가장 비밀스런 작전이 시작되는데…",,,,가렛 에드워즈,펠리시티 존스 / 디에고 루나,3.5,에일리언스러운 다스베이더의 등장 연출만으로도 배부른 스핀오프,2026-03-16,https://an2-img.amz.wtchn.net/image/v2/TFlis0EtXM78ky2XPzS14Q.jpg?jwt=ZXlKaGJHY2lPaUpJVXpJMU5pSjkuZXlKdmNIUnpJanBiSW1SZk5Ea3dlRGN3TUhFNE1DSmRMQ0p3SWpvaUwzWXhMM1IzWkdReGJUbDZjWEp1TTNKbE9XOXNlblZwSW4wLlBYSjc5enZkdkk2bV9LVVQwQlprQUtkdXJ2dVZxaWpmOTk5MVFCaUgzS0k=,https://an2-img.amz.wtchn.net/image/v2/KmBQdT0ErhwTjvdJQIOTMw.webp?jwt=ZXlKaGJHY2lPaUpJVXpJMU5pSjkuZXlKdmNIUnpJanBiSW1SZk5EY3dlREkyTkhFNE1DSmRMQ0p3SWpvaUwzWXhMM1pvY1dkbGIzRnBjWGh4Wlhoa2EzVTJibTlqSW4wLjNzSXhCUk1xQy1KUnlYR3h2SmZBSnpiU3pMV3FqazUyRFpQNmFQY0N0b2s=
스타워즈 에피소드 3: 시스의 복수,,2005,액션 / 모험 / 판타지 / SF,,,"클론 전쟁이 시작되었던 때로부터 3년이 지나고 팰퍼틴 의장과 제다이 사이의 불화는 더욱 커져 클론 전쟁은 더 이상 걷잡을 수 없게 격화된다. 자신이 제다이가 될 것임을 굳게 믿고 있던 아나킨은 제다이 기사 자격을 줄 수 없다는 기사단의 결정에 절망하고, 스승인 오비완과의 갈등은 더욱 깊어만 간다. 그런 아나킨에게 자신의 정체를 드러낸 펠퍼틴은 절대적인 힘을 갖게 해 주겠다며 그를 유혹하고, 아나킨은 점점 어둠의 힘에 이끌려 변해간다. 어둠의 세력에 완전히 장악 당한 아나킨은 자신에게는 아버지나 다름없는 오비완과 맞닥뜨리게 되는데...",,,,조지 루카스,이완 맥그리거 / 나탈리 포트만 / 헤이든 크리스텐슨,4.5,"다스베이더의, 다스베이더에 의한, 다스베이더를 위한, 에피소드3",2026-03-16,https://an2-img.amz.wtchn.net/image/v2/phr5sbVPJwIt4j1Wz9R2uA.jpg?jwt=ZXlKaGJHY2lPaUpJVXpJMU5pSjkuZXlKdmNIUnpJanBiSW1SZk5Ea3dlRGN3TUhFNE1DSmRMQ0p3SWpvaUwzWXlMM04wYjNKbEwybHRZV2RsTHpFMk5URTBNVEl5T1RnMk56STBNRFE1TmpNaWZRLjB3dWkwdUZnY0t1eU9oRFU0alI0RTE4M1ZIYlBfcldWM3lIWldZRGpPWW8=,https://an2-img.amz.wtchn.net/image/v2/OXKC0diu8pEXDx-CbGqrxA.webp?jwt=ZXlKaGJHY2lPaUpJVXpJMU5pSjkuZXlKdmNIUnpJanBiSW1SZk5EY3dlREkyTkhFNE1DSmRMQ0p3SWpvaUwzWXlMM04wYjNKbEwybHRZV2RsTHpFMk5URTBOekk0TlRnMk1UTTNNVEV6T0RnaWZRLjFCbjJic2dWZnViVV9jcGpIaF9wcmlPMVhHT1FzVjdreXY3b3N4VlRGd2c=
스타워즈 에피소드 2: 클론의 습격,,2002,액션 / 모험 / 판타지 / SF,,,"공화국으로부터 분리하려는 수백개의 행성연합은 은하계의 거대하고 새로운 위험으로 등장한다. 생명의 위협을 느끼는 아미달라 여왕의 신변 보호를 위해 아나킨과 오비완에게 경호 임무가 부여여된다. 공화국 수상 팰퍼틴의 야욕은 어마어마한 클론 군대를 비밀리에 양성하고, 오비완 캐노비는 암살 의혹을 파헤치던 임무 중에 클론의 존재를 감지한다. 분리주의 세력과 공화국과의 걷잡을 수 없는 갈등은 마침내 거대한 전쟁을 불러오게 된다. 아나킨은 최고의 제다이 기사가 되고 싶은 욕망과 스승인 오비완과의 우정과 갈등, 여왕과의 사랑으로 갈등하는데...",,,,조지 루카스,이완 맥그리거 / 나탈리 포트만 / 헤이든 크리스텐슨,3.0,유명한 그 짤과 슬슬 눈깔이 돌기시작하는 아나킨을 보는 맛이 나쁘지 않았다,2026-03-13,https://an2-img.amz.wtchn.net/image/v2/5swwzEOrTYqVOBTZe8q1pA.jpg?jwt=ZXlKaGJHY2lPaUpJVXpJMU5pSjkuZXlKdmNIUnpJanBiSW1SZk5Ea3dlRGN3TUhFNE1DSmRMQ0p3SWpvaUwzWXlMM04wYjNKbEwybHRZV2RsTHpFMk5URTBNVEkwTlRVd09EWTFNVE01T0RJaWZRLkxNOHdJZ1JVaUlKZlF0aTE0UTJfUmt0U2F6QkxLMWtlT2xBMEdMUGRSaG8=,https://an2-img.amz.wtchn.net/image/v2/K-4oDg1eNmhsBL86Yb5erg.webp?jwt=ZXlKaGJHY2lPaUpJVXpJMU5pSjkuZXlKdmNIUnpJanBiSW1SZk5EY3dlREkyTkhFNE1DSmRMQ0p3SWpvaUwzWXlMM04wYjNKbEwybHRZV2RsTHpFMk5URTBOek0wTXpFeE9EQTRPVFl4TXpnaWZRLklPZjRVaDlDbFdCREU0eDV3Y2JWSUVLWGFZQ0pTbjkxSVRSaTlvTUhKUXM=
스타워즈 에피소드 1: 보이지 않는 위험,,1999,액션 / 모험 / 판타지 / SF,,,"공화국력 BBY 32년, 공화국이 큰 분쟁에 휩싸인다. 상인 조직인 무역 연합이 암흑에 가린 세력의 조종을 받고 나부 행성을 봉쇄해버린 것. 분쟁을 해결하기 위해 은하계 원로 회의는 콰이곤 진과 오비완 케노비 두 제다이를 파견한다. 타투인 행성에서 그는 노예 구역에서 어머니와 살고 있는 아나킨 스카이워커라는 소년을 만나 그가 미래의 은하계를 구할 수 있는 강한 힘을 가진 인물임을 믿고 그를 데려간다. 한편 나부 행성이 침입을 받자 아미달라 여왕은 은하계 원로 회의에 도움을 청하나, 원로 회의는 힘을 상실한 상태로 나부 행성은 위험에 처하게 되는데...",,,,조지 루카스,리암 니슨 / 이완 맥그리거 / 나탈리 포트만 / 제이크 로이드,3.5,아씨 뭐야 다스몰 왜죽나요 누가봐도 끝판왕같이 생기셨는데,2026-03-12,https://an2-img.amz.wtchn.net/image/v2/_QI-Cr_3etkzb1tVMhRFyA.jpg?jwt=ZXlKaGJHY2lPaUpJVXpJMU5pSjkuZXlKdmNIUnpJanBiSW1SZk5Ea3dlRGN3TUhFNE1DSmRMQ0p3SWpvaUwzWXlMM04wYjNKbEwybHRZV2RsTHpFMk5URTBNVEkxTXpjd01ETTJNVFEyTURNaWZRLlhGc2RNR2pOZXI2OVBxVnlNTHpTNXdJX2pwanZwSWVRN0gzMUFZZUlFZ3c=,https://an2-img.amz.wtchn.net/image/v2/MOuo5oIwPYxOIfaMmwl8_Q.webp?jwt=ZXlKaGJHY2lPaUpJVXpJMU5pSjkuZXlKdmNIUnpJanBiSW1SZk5EY3dlREkyTkhFNE1DSmRMQ0p3SWpvaUwzWXlMM04wYjNKbEwybHRZV2RsTHpFMk5URTBOelEwT0RreE56ZzVNalk1T0RVaWZRLnpfUlhwQ3hSY3dSRmJNY1R5TThSWktyVlpMZjVub05Fc1RqMHFwd3JPNUk=
뱀파이어 헌터 D,,2001,애니메이션 / 판타지,,,"아득히 먼 미래, 뱀파이어들이 밤을 지배하는 시대. 그러나 그들의 세력은 점차 쇠퇴하고, 그들을 사냥하는 헌터들이 어둠 속에서 활약하기 시작한다.

그중 인간과 뱀파이어의 피를 함께 지닌 전설의 사냥꾼 ‘D’. 탁월한 사냥 실력과 압도적인 존재감으로 공포와 전설의 대상이 된 그는 어느 날 지주의 딸 ‘샤를로트’를 구해달라는 의뢰를 받는다.

그녀를 납치한 귀족 뱀파이어 ‘마이어 링크’,
그리고 그들을 둘러싼 괴수와 현상금 사냥꾼들.
사랑과 피, 운명이 뒤얽힌 추적 끝에서
인간과 뱀파이어의 숙명이 충돌한다.",,,,카와지리 요시아키,,3.0,왜 이떄는 가능했고 지금은 불가능한가,2026-03-11,https://an2-img.amz.wtchn.net/image/v2/S7FIZ7Nqkyk1OUMHg3M_pA.jpg?jwt=ZXlKaGJHY2lPaUpJVXpJMU5pSjkuZXlKdmNIUnpJanBiSW1SZk5Ea3dlRGN3TUhFNE1DSmRMQ0p3SWpvaUwzWXlMM04wYjNKbEwybHRZV2RsTHpFMU1qUTNPRGs1TnpFM05qRTVPREU0SW4wLnYtOTdaeXUzX0J1WjgwWlJRVGNmZ2xSbmxQek5rSzlCRDBTNTdjZW16STg=,https://an2-img.amz.wtchn.net/image/v2/_W9xTW3YskM9la5Nz7SLJA.webp?jwt=ZXlKaGJHY2lPaUpJVXpJMU5pSjkuZXlKdmNIUnpJanBiSW1SZk5EY3dlREkyTkhFNE1DSmRMQ0p3SWpvaUwzWXlMM04wYjNKbEwybHRZV2RsTHpFeE9UTXhOemd6TVRjd056ZzNPRFU1SW4wLmg4dy1HMnRTU2JuNWtMbFRzM29OanY3SUZoUG5Qc09QbXJyTGtuSjZiZ2s=
에이리언: 로물루스,,2024,공포 / SF,,,"영화 역사상 가장 위대한 시리즈 <에이리언>
리들리 스콧 제작 · <맨 인 더 다크> 페데 알바레즈 감독의 숨 막히는 서바이벌 스릴러로 돌아오다!

2142년, 부모 세대가 맞닥뜨렸던 암울한 미래를 피하려는 청년들이 더 나은 삶을 찾기 위해 식민지를 떠날 계획을 세운다. 하지만 버려진 우주 기지 ‘로물루스’에 도착한 이들은 악몽과도 같은 에이리언의 무자비한 공격에 쫓기기 시작한다. 그 누구도 그들의 절규를 들을 수 없는 우주 한가운데, 생존을 위한 치열한 사투를 벌여야 하는데...

폐쇄된 공간에서 펼쳐지는 압도적인 공포를 느껴라!",,,,페드 알바레즈,케일리 스패니,3.0,맘 편히 베리에이션이 가능한 에일리언 시리즈가 부러울 쥬라기 월드 시리즈,2026-03-10,https://an2-img.amz.wtchn.net/image/v2/qOg861rxPOjah4hYso2OaQ.jpg?jwt=ZXlKaGJHY2lPaUpJVXpJMU5pSjkuZXlKdmNIUnpJanBiSW1SZk5Ea3dlRGN3TUhFNE1DSmRMQ0p3SWpvaUwzWXlMM04wYjNKbEwybHRZV2RsTHpnNE16VTNNRE16TWpJNU5EQXlOeUo5LmtMN3plY3NSTTdkUC1kRFhnN1JzSWNRQm1JaG5YOFNvVDVUcUFFQTlxelU=,https://an2-img.amz.wtchn.net/image/v2/qBysfPhSGV60EgBaiDNORg.webp?jwt=ZXlKaGJHY2lPaUpJVXpJMU5pSjkuZXlKdmNIUnpJanBiSW1SZk5EY3dlREkyTkhFNE1DSmRMQ0p3SWpvaUwzWXlMM04wYjNKbEwybHRZV2RsTHpVNE5EY3pNREk1TWpjNU5URXpNaUo5LjNVWV80SlIydy05TnJINHVZaFVRbU9CX0tXcERaTDhka2YyM0Q5Z1VCLVk=
플로우,,2024,애니메이션 / 모험 / 가족,,,"파도가 끝나는 곳,
고양이의 모험이 시작된다!

인간이 살았던 흔적만이 남아있는 세상, 홀로 집을 지키던 '고양이'는 갑작스러운 대홍수로 평화롭던 일상과 아늑했던 터전을 잃고 만다.

때마침 다가온 낡은 배에 올라탄 '고양이'는 그 안에서 '골든 리트리버', '카피바라', '여우원숭이', '뱀잡이수리'를 만나고 서로의 차이점을 극복하고 팀을 이뤄 험난한 파도를 헤쳐나간다.",,,,긴츠 질발로디스,,3.0,솔직히 말해주세요 이거 게임 만들다 망해서 인게임 컷신만 살린건가요?,2026-03-09,https://an2-img.amz.wtchn.net/image/v2/Xwhbk7rDOFdhSrNi8kMu_g.jpg?jwt=ZXlKaGJHY2lPaUpJVXpJMU5pSjkuZXlKdmNIUnpJanBiSW1SZk5Ea3dlRGN3TUhFNE1DSmRMQ0p3SWpvaUwzWXlMM04wYjNKbEwybHRZV2RsTHpjeE9ERXpNRE14TXpBeU5qa3dPQ0o5LkdlZVNrT1Zrd05lMlExMmRoeWZGRUhXWUk1M0xUNUxjdjJkdWd6NFFPalU=,https://an2-img.amz.wtchn.net/image/v2/5tHpKkF0rpFh0r23VCrabw.webp?jwt=ZXlKaGJHY2lPaUpJVXpJMU5pSjkuZXlKdmNIUnpJanBiSW1SZk5EY3dlREkyTkhFNE1DSmRMQ0p3SWpvaUwzWXlMM04wYjNKbEwybHRZV2RsTHpFd01UTTRPVFExTURnMk9UTTNNemN5SW4wLlliT3dCcjF1TXI4TzlDUmRsd2FMd0FPSzVTX0hqTE4yOU5mZXg0eUVZT00=
프리 가이,,2021,액션 / 모험 / 코미디 / 판타지 / SF,,,"“내 안의 히어로가 깨어난다!”  

평범한 직장, 절친 그리고 한 잔의 커피. 평화로운 일상 속 때론 총격전과 날강도가 나타나는 버라이어티한 ‘프리시티’에 살고 있는 ‘가이’. 그에겐 뭐 하나 부족한 것이 없었다. 우연히 마주친 그녀에게 한눈에 반하기 전까지는…

갖은 노력 끝에 다시 만난 그녀는 ‘가이’가 비디오 게임 ‘프리시티’에 사는 배경 캐릭터이고, 이 세상은 곧 파괴될 거라 경고한다. 혼란에 빠진 ‘가이’ 그러나 그는 ‘프리시티’의 파괴를 막기 위해 더 이상 배경 캐릭터가 아닌, 히어로가 되기로 결심한다.",,,,숀 레비,라이언 레이놀즈,3.5,데드풀만큼이나 최적의 캐릭터를 만난 라이언 레이놀즈와 왜인지 자꾸 연기를 하려고 하는 타이카 와이티티,2026-03-09,https://an2-img.amz.wtchn.net/image/v2/9L2ymrCqShOgvNscWAIMjQ.jpg?jwt=ZXlKaGJHY2lPaUpJVXpJMU5pSjkuZXlKdmNIUnpJanBiSW1SZk5Ea3dlRGN3TUhFNE1DSmRMQ0p3SWpvaUwzWXlMM04wYjNKbEwybHRZV2RsTHpFMk1qY3lPREU1TmpNMU16YzJNVGcwTkRVaWZRLmg5NXI3aFg2VzZYVXZ3VlcwTDROa1JQc2huNHdmSEt5ZzNZNVgtWUNvNkU=,https://an2-img.amz.wtchn.net/image/v2/XNyJLJZK9ipCt_jc5UT74w.webp?jwt=ZXlKaGJHY2lPaUpJVXpJMU5pSjkuZXlKdmNIUnpJanBiSW1SZk5EY3dlREkyTkhFNE1DSmRMQ0p3SWpvaUwzWXlMM04wYjNKbEwybHRZV2RsTHpFMk5ETTRPVFUzT1RVd01qUTNOemN6TnpraWZRLjA2S2tROS1sRDV2YUVyV2FOY210VGRoZjhMcEsyVzJkbzFrSkd2STVxaHc=
프레데터: 죽음의 땅,,2025,SF / 액션,,,"위험이 도사리는 죽음의 땅
사냥할 것인가, 사냥당할 것인가

프레데터로서 존재를 증명하기 위해 우주에서 가장 위험한 행성으로 첫 사냥에 나선 ‘덱’. 죽음의 땅에 도사린 모든 것으로부터 공격을 받던 순간 휴머노이드 ‘티아’를 만난다. 최상위 포식자 칼리스크에 맞서게 된 둘은 생존과 각자의 목적을 위해 극한의 사투를 벌이게 되는데…",,,,댄 트라첸버그,엘 패닝 / 디미트리우스 슈스터-콜로아마탕기,3.5,마스크 착용이 시급한 남주의 비뚤어진 가오갤,2026-03-09,https://an2-img.amz.wtchn.net/image/v2/jqMHgagb4bLoiwy-SqESNA.jpg?jwt=ZXlKaGJHY2lPaUpJVXpJMU5pSjkuZXlKdmNIUnpJanBiSW1SZk5Ea3dlRGN3TUhFNE1DSmRMQ0p3SWpvaUwzWXlMM04wYjNKbEwybHRZV2RsTHpFMk5qTTFOREF6TmpVMU9UWXlNallpZlEuWERfanFKQzB0dXQyTURMemFYcGpKLWZSaWxVRVZ2Tll3S041bFhSblVGTQ==,https://an2-img.amz.wtchn.net/image/v2/s62i0nCnPa61wovwkSYaQQ.webp?jwt=ZXlKaGJHY2lPaUpJVXpJMU5pSjkuZXlKdmNIUnpJanBiSW1SZk5EY3dlREkyTkhFNE1DSmRMQ0p3SWpvaUwzWXlMM04wYjNKbEwybHRZV2RsTHpFNU1USTFNakkwTURFd01EWTVNellpZlEuckwzZFZWRC1hS2dLVHhnOXpoQUdLY19WU0RkZkVEdTFGSVJyNXhPMjl2bw==
판타스틱 4: 새로운 출발,,2025,액션 / 모험 / SF / 판타지,,,"세상을 뒤흔들 우주적 사건 발생
2025년 7월, 마블의 가장 ‘판타스틱’한 팀이 온다!
 
전 세계적인 관심 속 우주로 떠난 4명의 엘리트 우주비행사 ‘리드 리처드’, ‘수잔 스톰’, ‘조니 스톰’, ‘벤 그림’은  예기치 못한 사고로 우주 방사능에 노출되면서 초인적인 능력을 갖게 된다.
 
신체를 자유자재로 변형할 수 있게 된 ‘리드 리처드’(미스터 판타스틱)부터 
온몸이 투명해지고, 강력한 방어막을 형성하는 ‘수잔 스톰’(인비저블 우먼), 
온몸으로 뜨거운 화염을 내뿜으며 비행 능력까지 지닌 ‘조니 스톰’(휴먼 토치), 
그리고 바위 같은 엄청난 피지컬과 압도적 파워를 갖춘 ‘벤 그림’(씽)까지
‘판타스틱 4’라는 새로운 슈퍼 히어로 팀이 된 4명의 멤버들.
 
인생에 완전히 새로운 국면을 맞이하게 되면서 혼란과 갈등에 휩싸인 이들 앞에 행성 파괴자 ‘갤럭투스’의 위협을 전달하는 미스터리한 전령 ‘실버 서퍼’가 등장해 지구 파괴를 예고하고 ‘판타스틱 4’는 세상을 구하기 위해 다 함께 힘을 모으게 되는데…",,,,맷 샤크먼,페드로 파스칼 / 바네사 커비 / 조셉 퀸 / 에본 모스-바크라크,2.5,"보고있으면 맘이 편해지는 역대급 비주얼...이지만 페드로 파스칼의 리드역할은 왜 이렇게 별로일까.
막판에 수잔이 끙끙거리는 장면도 굉장히 보고 있기 힘들었음 (나이먹고 해리포터 지팡이 싸움 보는 기분이랄까)",2026-03-06,https://an2-img.amz.wtchn.net/image/v2/j2SnXKXmyVhM1-r8Ukwvqg.jpg?jwt=ZXlKaGJHY2lPaUpJVXpJMU5pSjkuZXlKdmNIUnpJanBiSW1SZk5Ea3dlRGN3TUhFNE1DSmRMQ0p3SWpvaUwzWXlMM04wYjNKbEwybHRZV2RsTHpNMk1URTROelE1TURnMU1qY3lPVEFpZlEuQi1wdEktalp6ZnB1eFVkM3JNYXNfcHBpLW9sMDZXZDZ0eV85WVQ4dFVOMA==,https://an2-img.amz.wtchn.net/image/v2/qnBDHFr7Ht5iD4f98lk8FQ.webp?jwt=ZXlKaGJHY2lPaUpJVXpJMU5pSjkuZXlKdmNIUnpJanBiSW1SZk5EY3dlREkyTkhFNE1DSmRMQ0p3SWpvaUwzWXlMM04wYjNKbEwybHRZV2RsTHpNMk5ERXpNREkyTnpVeE16azFNekVpZlEucDltVXg4S2FhMzhrNy1xMkxBZU84UVBvUTFxbm9BVFl0dnQ3X29wd1B5MA==
썬더볼츠*,,2025,액션 / 모험 / 판타지 / SF,,,"초능력 없음, 히어로 없음, 포기도 없음!
4월, 마블 역사를 새로 쓸 별난 놈들의 예측불가 팀업이 폭발한다!

어벤져스가 사라진 세상, CIA 국장 '발렌티나'는 새로운 팀을 꾸릴 계획을 세운다. 그녀가 설계한 위험한 함정에 빠진 '옐레나', '윈터 솔져', '레드 가디언', '존 워커', '고스트', '태스크 마스터'.

별난 놈들만 모인 이들은 어쩔 수 없이 한 팀이 되고, 자신들의 어두운 과거와 맞서야 하는 위험한 임무에 투입된다. 서로를 전혀 믿지 못하는 상황에서 스스로의 생존과 세상의 구원을 위해 이들은 진정한 팀으로 거듭나야만 하는데....",,,,제이크 슈레이어,플로렌스 퓨 / 세바스찬 스탠 / 데이빗 하버,3.0,방패 짜부라진 짭틴땜에 맘아파서 3점. (우려했던것보단 재밌었음),2026-03-05,https://an2-img.amz.wtchn.net/image/v2/RITYoQqQ7KEiudw4FB9Ykw.jpg?jwt=ZXlKaGJHY2lPaUpJVXpJMU5pSjkuZXlKdmNIUnpJanBiSW1SZk5Ea3dlRGN3TUhFNE1DSmRMQ0p3SWpvaUwzWXlMM04wYjNKbEwybHRZV2RsTHpFMU1UVTBNakkzTURrMU1qRXhPVElpZlEuNTcyc1I4Vl9CQlp3VS1vRkZ2RDJtb3otZDRqN19FLWtYbkNNa0hMZXZxTQ==,https://an2-img.amz.wtchn.net/image/v2/5PxytbqozwpmNfB2ljc_2g.webp?jwt=ZXlKaGJHY2lPaUpJVXpJMU5pSjkuZXlKdmNIUnpJanBiSW1SZk5EY3dlREkyTkhFNE1DSmRMQ0p3SWpvaUwzWXlMM04wYjNKbEwybHRZV2RsTHpFek5qQXdOREl6TmpZMk1qazBNelE1SW4wLl9ieUEzX3hfZTVrc29Cajl5SXUwZm1mMDZmZlpScnlVR0VlcTJzMmlfZ00=
캡틴 아메리카: 브레이브 뉴 월드,,2025,액션 / 모험 / SF,,,새로운 캡틴 아메리카 샘 윌슨이 대통령이 된 로스 장군과 재회 후 전 세계를 붉게 장악하려는 적의 사악한 음모를 추격해 나가는 액션 블록버스터,,,,줄리어스 오나,안소니 마키,1.5,"그래 너 힘든거 알겠는데 팔콘은 팔콘이고, 나한테 캡틴은 이제 짭틴 하나뿐이야 ...",2026-03-04,https://an2-img.amz.wtchn.net/image/v2/6DSxc29l7aGbqjcwbxnIPQ.jpg?jwt=ZXlKaGJHY2lPaUpJVXpJMU5pSjkuZXlKdmNIUnpJanBiSW1SZk5Ea3dlRGN3TUhFNE1DSmRMQ0p3SWpvaUwzWXlMM04wYjNKbEwybHRZV2RsTHprMU5USTFPVFUwTXpZM01qTTVORFlpZlEuei1TUl9PdXhFdk5EVXVycnUyTExlXzNQbDdzWUNxTkdQbXVubGdDZzJYaw==,https://an2-img.amz.wtchn.net/image/v2/Vv1KSUDmQeiwTWkffMhWzA.webp?jwt=ZXlKaGJHY2lPaUpJVXpJMU5pSjkuZXlKdmNIUnpJanBiSW1SZk5EY3dlREkyTkhFNE1DSmRMQ0p3SWpvaUwzWXlMM04wYjNKbEwybHRZV2RsTHpjek16UTROakV5T1RjM05UVTVPRGtpZlEueTE2eUV1aXBIOUhlQTExQ3RmUlpkUW9QX2NWUnVtUEE5X091WFBScW5uNA==
데드풀과 울버린,,2024,액션 / 코미디 / SF,,,"히어로 생활에서 은퇴한 후, 평범한 중고차 딜러로 살아가던 ‘데드풀’이 예상치 못한 거대한 위기를 맞아 모든 면에서 상극인 ‘울버린’을 찾아가게 되며 펼쳐지는 도파민 폭발 액션 블록버스터",,,,숀 레비,라이언 레이놀즈 / 휴 잭맨,3.5,라이언 레이놀즈가 마블 지저스가 맞다.,2026-03-03,https://an2-img.amz.wtchn.net/image/v2/zB2rVsW-7RjHsXNTZCVIuQ.jpg?jwt=ZXlKaGJHY2lPaUpJVXpJMU5pSjkuZXlKdmNIUnpJanBiSW1SZk5Ea3dlRGN3TUhFNE1DSmRMQ0p3SWpvaUwzWXlMM04wYjNKbEwybHRZV2RsTHprNU16WXdOalkzTlRVeU1qZzFOVFVpZlEuYVEzRUFWcnhqbWUtckhheGEzQzBTSmFxaTAwSmJtVW5mV2RQNWtVNFFITQ==,https://an2-img.amz.wtchn.net/image/v2/a3vlAL7uvJQye0uYzMDIYQ.webp?jwt=ZXlKaGJHY2lPaUpJVXpJMU5pSjkuZXlKdmNIUnpJanBiSW1SZk5EY3dlREkyTkhFNE1DSmRMQ0p3SWpvaUwzWXlMM04wYjNKbEwybHRZV2RsTHpZd09EZzRNakUwTnpVeU1qWTJOalFpZlEuaVBGeUZJYXZfbWRfS0tvcHBiUTkta3NqT0ZSRUVqdVA4MUVLRm1fbjJhaw==
앤트맨과 와스프: 퀀텀매니아,,2023,액션 / 모험 / 코미디,,,"슈퍼히어로 파트너인 '스콧 랭'(폴 러드)과 '호프 반 다인'(에반젤린 릴리), 호프의 부모 '재닛 반 다인'(미셸 파이퍼)과 '행크 핌'(마이클 더글라스), 그리고 스콧의 딸 '캐시 랭'(캐서린 뉴튼)까지 미지의 ‘양자 영역’ 세계 속에 빠져버린 ‘앤트맨 패밀리’. 그 곳에서 새로운 존재들과 무한한 우주를 다스리는 정복자 '캉'을 만나며, 그 누구도 예상 못 한 모든 것의 한계를 뛰어넘는 모험을 시작하게 되는데…

2023년 첫 번째 마블 블록버스터
2월, 무한한 우주의 정복자가 깨어난다!",,,,페이튼 리드,폴 러드 / 에반젤린 릴리,1.0,캐시 성장과 함께 앤트맨은 갱생불가 확정,2026-03-02,https://an2-img.amz.wtchn.net/image/v2/rCJgVLodYFo0-NivgHaONw.jpg?jwt=ZXlKaGJHY2lPaUpJVXpJMU5pSjkuZXlKdmNIUnpJanBiSW1SZk5Ea3dlRGN3TUhFNE1DSmRMQ0p3SWpvaUwzWXlMM04wYjNKbEwybHRZV2RsTHpFMk56TTVNak16TWprNU56VTNOREUzTVRBaWZRLng2c3Y5TE9QSXFrRktTcjZsUm1RZ3U0VVBFNFVpMXFNTGZiT1FobV92OFE=,https://an2-img.amz.wtchn.net/image/v2/VwTQr_uhFUfyubUaRVEhtg.webp?jwt=ZXlKaGJHY2lPaUpJVXpJMU5pSjkuZXlKdmNIUnpJanBiSW1SZk5EY3dlREkyTkhFNE1DSmRMQ0p3SWpvaUwzWXlMM04wYjNKbEwybHRZV2RsTHpFMk56TTVNak0wTXprek1UUTJORFUwTVRRaWZRLnllQ0RUMXlSNjN5bEpKa0huLU5KODU0VFZXMmt3QjhiWlBObVFTcXh0a1U=
만약에 우리,,2025,로맨스 / 드라마,,,"가장 초라했던 그때,
가장 눈부시던 우리

고향 가는 고속버스에 올라탄 은호(구교환)와 휴학 후 어디론가 떠날 결심을 한 정원(문가영), 나란히 앉게 된 두 사람은 뜻밖의 인연을 맺는다. 서로의 꿈을 응원하며 의지하던 두 사람은 어느새 일상 깊숙이 스며들어 연인으로 발전한다.

웃고, 싸우고, 화해하며 세상을 다 가진 듯 뜨겁게 사랑하지만, 현실의 벽 앞에 두 사람은 결국 다른 길을 선택하게 된다. 그렇게 10년이 지난 후, 다시 마주한 순간 은호는 정원에게 오랫동안 묻어두었던 한마디를 꺼낸다.

“만약에 우리...”",,,,김도영,구교환 / 문가영,3.5,"한국감성 한스푼 넣으니 비로소 보이는 것들, 물론 마지막 장면은 원작이 더 좋았다.",2026-03-02,https://an2-img.amz.wtchn.net/image/v2/YOOOOH9ww9ilEhzTEvGqPA.jpg?jwt=ZXlKaGJHY2lPaUpJVXpJMU5pSjkuZXlKdmNIUnpJanBiSW1SZk5Ea3dlRGN3TUhFNE1DSmRMQ0p3SWpvaUwzWXlMM04wYjNKbEwybHRZV2RsTHpJMU1qWTRPVEUyTkRVek1qZ3hOeUo5LmJSQXVQT3VzSjVoT1NFTDZWWXBRR29Kb2tNeUQ4eWxLeFJ2MWw4MnJwMXM=,
스타워즈 에피소드 6: 제다이의 귀환,,1983,액션 / 모험 / 판타지 / SF,,,"루크와 그의 일행은 우주해적 자바 더 헛에게 잡혀간 한 솔로를 구하기 위해 그들의 본거지이자 그의 고향행성인 타투인으로 향한다. 한편 제국군은 반란군을 멸하기 위해 엔도 행성의 상공에서 두 번째 데스스타를 건조하기 시작한다. 이제 포스의 모든 것을 터득한 루크가 정면으로 도전해 자바 일당을 물리치고 한을 무사히 구출해 낸다. 데고바로 돌아간 루크는 뜻하지 않게 요다의 임종을 맞이하게 되고, 그 자리에서 베이더와의 관계와 함께 또 다른 비밀인 자신의 쌍둥이 누이에 대하여 전해 듣게 되는데...",,,,리처드 마퀀드,마크 해밀 / 해리슨 포드 / 캐리 피셔,3.5,"좀 김새는 결말이긴 한데, 곰돌이(?) 부족이 귀여워서 3.5점 드립니다.",2026-02-28,https://an2-img.amz.wtchn.net/image/v2/J8OTmA1UrdEMLBbfcPJL3w.jpg?jwt=ZXlKaGJHY2lPaUpJVXpJMU5pSjkuZXlKdmNIUnpJanBiSW1SZk5Ea3dlRGN3TUhFNE1DSmRMQ0p3SWpvaUwzWXlMM04wYjNKbEwybHRZV2RsTHpFMk56WXdNVFV5TlRBNE9UUTNOalU1TWpnaWZRLjdCUXNncG90Ykd4d0k0bjBLLTNBaG1FOHJxNkhUX2ljc2ozU3FHU1NhS2c=,
스타워즈 에피소드 5: 제국의 역습,,1980,SF / 모험 / 판타지 / 액션,,,"제국군은 데스스타를 잃은 뒤에도 여전히 강력한 화력으로 반란군을 수세로 몰아넣었고, 반란군은 게릴라전을 위해 얼음으로 뒤덮인 행성 호스에 은신한다. 하지만 결국 제국군에 의해 호스의 반란군 기지마저 탄로나게 되고, 일행은 필사적으로 호스를 탈출해 다시 정처없는 피난길에 오른다. 반란군의 피난길에 함께 오르던 루크는 포스의 영이 된 오비완으로부터 제다이 마스터 요다를 찾아가라는 메시지를 받고 요다가 있는 정글 행성 대고바로 향한다. 루크는 요다를 만나 제다이가 되기 위한 훈련을 시작하고 솔로 일행은 제국군을 따돌리기 위해 옛 친구 랜도를 찾아가는데...",,,,어빈 케쉬너,마크 해밀 / 해리슨 포드 / 캐리 피셔,4.5,다스베이더의 명대사와 요다의 등장 말고도 눈이 즐거운 에피소드 + 한솔로는 왜 이렇게 매력적인가?,2026-02-27,https://an2-img.amz.wtchn.net/image/v2/OHmuqCdVLO-jxYHGVG1DMA.jpg?jwt=ZXlKaGJHY2lPaUpJVXpJMU5pSjkuZXlKdmNIUnpJanBiSW1SZk5Ea3dlRGN3TUhFNE1DSmRMQ0p3SWpvaUwzWXlMM04wYjNKbEwybHRZV2RsTHpFMk56WXdNVFV3TmpjMk9UZ3pNVFV5TnpjaWZRLlRKem5zYjVfemVRNlhGZzQ3eTFxd09vdnVLZ1pPdnRxTzc1ekViLWo4Zm8=,
스타워즈 에피소드 4: 새로운 희망,,1977,액션 / 모험 / 판타지 / SF,,,"공화국이 붕괴하고 제국이 수립된 뒤 20년, 제다이 기사단은 전멸하고 강력한 제국군의 횡포에 은하계는 공포에 휩싸여 있다. 그러던 중 공화국 재건을 노리는 반란군이 제국군의 비밀병기 데스스타 설계도를 훔쳐 달아나고 제국군은 이를 쫓는다. 하지만 결국 제국의 손에 붙잡히게 된 그들은 드로이드 R2-D2에 설계도를 넣어서 R2의 친구 C-3PO와 탈출시키는 데 성공하고, 두 드로이드 콤비는 타투인의 시골 마을에서 숙부와 함께 살고 있던 청년 루크 스카이워커에게 오게 되는데...",,,,조지 루카스,마크 해밀 / 해리슨 포드 / 캐리 피셔,4.0,"정성스런 특수효과, 알찬 설정, 겸댕이 알투디투, 내 눈엔 너무 이쁜 광선검, 그리고 미처버린 포스터까지 든든하다.",2026-02-27,https://an2-img.amz.wtchn.net/image/v2/1QY-au4PiRgkHa-4GocvFQ.jpg?jwt=ZXlKaGJHY2lPaUpJVXpJMU5pSjkuZXlKdmNIUnpJanBiSW1SZk5Ea3dlRGN3TUhFNE1DSmRMQ0p3SWpvaUwzWXlMM04wYjNKbEwybHRZV2RsTHpFMk5UTXpPRFl4TmpjME5ESTNNams0TXpnaWZRLjBXQ2lXLWNxWmg1dzBuQ3lSTzFMTXRxRGJ2NTRkNlZaa0ZGR3dJUlctckU=,
렛 미 인,,2008,공포 / 판타지 / 드라마,,,"“내가.. 평범한 여자애가 아니어도 좋아해줄래?”
12살 소년, 영원한 사랑을 만나다.. 

눈 내리던 밤, 외로운 소년 오스칼은 옆집에 이사 온 창백한 얼굴의 소녀 이엘리를 만난다. 곧 소년의 가슴 속으로 들어온 이엘리.  두 사람은 서로에게 하나밖에 없는 친구가 되어준다. 하지만 조용하던 마을에서 기이한 살인 사건이 계속되고, 오스칼은 이엘리가 뱀파이어라는 사실을 알게 되는데…",,,,토마스 알프레드손,카레 헤레브란트 / 리나 레안데르손 / 카린 베그퀴스트,4.0,결국 탄지로와 네즈코가 되어 버린 ...,2026-02-25,https://an2-img.amz.wtchn.net/image/v2/FAkhDUr8X_f0PdZH3igafQ.jpg?jwt=ZXlKaGJHY2lPaUpJVXpJMU5pSjkuZXlKdmNIUnpJanBiSW1SZk5Ea3dlRGN3TUhFNE1DSmRMQ0p3SWpvaUwzWXhMMlI2WW5wdFoyZG5ZbWh3Y0c1bFlYTTJZWFZ4SW4wLjBwaXowNV9jRUxNd1VCd3BHTVZpd3Vxa256NTF2N0ZQTnM3cXF0RV9JdUU=,
인사이드 아웃 2,,2024,애니메이션 / 모험 / 코미디,,,"디즈니·픽사의 대표작 <인사이드 아웃>
새로운 감정과 함께 돌아오다!

13살이 된 라일리의 행복을 위해 매일 바쁘게 머릿속 감정 컨트롤 본부를 운영하는 ‘기쁨’, ‘슬픔’, ‘버럭’, ‘까칠’, ‘소심’. 그러던 어느 날, 낯선 감정인 ‘불안’, ‘당황’, ‘따분’, ‘부럽’이가 본부에 등장하고, 언제나 최악의 상황을 대비하며 제멋대로인 ‘불안’이와 기존 감정들은 계속 충돌한다. 결국 새로운 감정들에 의해 본부에서 쫓겨나게 된 기존 감정들은 다시 본부로 돌아가기 위해 위험천만한 모험을 시작하는데…

2024년, 전 세계를 공감으로 물들인 유쾌한 상상이 다시 시작된다!",,,,켈시 만,,4.0,늘상 불안을 안고 사는 어른이 되어버린 나를 위한 영화,2026-02-24,https://an2-img.amz.wtchn.net/image/v2/2sLPR0moUjGnMwiyERLGkQ.jpg?jwt=ZXlKaGJHY2lPaUpJVXpJMU5pSjkuZXlKdmNIUnpJanBiSW1SZk5Ea3dlRGN3TUhFNE1DSmRMQ0p3SWpvaUwzWXlMM04wYjNKbEwybHRZV2RsTHpReU5EYzROREUxT0RNM09UTTBPVGtpZlEuaDdDUXMyb0VLNldwRFl6WTNLaFl2UWlWYmw0RHhUWVBMdm45R3Q5SWEzaw==,
핸섬가이즈,,2023,코미디,,,"“우리가 뭐 빠지는 게 있노? 집도 있고 차도 있고 인물도 훤칠한데.”

자칭 터프가이 ‘재필’(이성민)과 섹시가이 ‘상구’(이희준). 현실은 잊지 못할 첫인상으로 이사 첫날부터 동네 경찰 ‘최 소장’(박지환)과 ‘남 순경’(이규형)의 특별 감시 대상이 되지만, 꿈꾸던 유럽풍 드림하우스에서 새출발한다는 것에 그저 행복하기만 하다. 그러나 행복도 잠시, 물에 빠질뻔한 ‘미나’(공승연)을 구해주려다 오히려 납치범으로 오해받는 상황이 이어진다. 한편 ‘미나’를 찾으러 온 불청객들을 시작으로 지하실에 봉인되어 있던 악령이 깨어나며 어두운 기운이 집안을 둘러싸기 시작하는데…

“왜 다들 우리집에 와서 죽고 난리야!”",,,,남동협,이성민 / 이희준,4.0,극한직업 이후 오랜만에 웃어봅니다,2026-02-23,https://an2-img.amz.wtchn.net/image/v2/8o2iXN0LY99VZeFrjYTt6A.jpg?jwt=ZXlKaGJHY2lPaUpJVXpJMU5pSjkuZXlKdmNIUnpJanBiSW1SZk5Ea3dlRGN3TUhFNE1DSmRMQ0p3SWpvaUwzWXlMM04wYjNKbEwybHRZV2RsTHprM05ERXpNamcwT0RnNU5EZzBPU0o5LlBsaFBUTTZybjVOeVIyZ2k4eU1pTmxqMjFZM1JsWnV5WGFyVnJxLVltZlk=,
박물관이 살아있다!,,2006,모험 / 코미디 / 가족 / 판타지,,,"야간 경비원 근무 첫날 밤, 박물관이 살아 움직이기 시작했다?!  엉뚱한 사업 아이템으로 하는 일 마다 늘 실패만 하는 래리 델리(벤 스틸러 분). 그를 더 이상 견뎌내지 못한 부인이 곁을 떠나자 래리는 하나 밖에 없는 아들에게만큼은 떳떳한 아버지가 되기 위해 직장을 찾아 나선다. 별 볼일 없는 그에게 온 유일한 기회는, 모든 사람들이 기피하는 자연사 박물관 야간 경비원. “아무것도 내보내지 말라”는 선배 경비원의 기이한 충고를 들은 근무 첫 날 밤, 래리는 박물관의 전시물들이 살아 움직이는 놀라운 광경을 목격한다.  밤마다 살아나는 박물관! 과연 여기에는 무슨 비밀이 있는 것일까??  박물관 전시품들은 매일 밤 제멋대로 움직이며 래리를 괴롭힌다. 마야인들, 로마의 글래디에이터들, 카우보이들이 살아나 그들끼리의 전쟁을 벌이기 시작하고, 네안데르탈인은 자신의 디스플레이 케이스를 불태우고, 가장 포악한 공룡 티라노사우루스는 래리를 못 잡아 먹어 안달이다. 이런 대혼란 속에서 래리가 상담할 상대는 왁스 모형인 루즈벨트 대통령(로빈 윌리엄스 분)뿐. 아들을 위해 어떤 역경 속에서도 박물관을 무사히 보호해야만 하는 래리는 첫 날 선배들에게 들었던 충고가 잊혀지지 않는다.  과연 이 박물관에는 무슨 비밀이 있는 것일까?",,,,숀 레비,벤 스틸러 / 로빈 윌리엄스 / 오웬 윌슨 / 스티븐 쿠건,1.0,"중1때, 제목과 컨셉만 보고 개유치하다고 생각했었는데 … 그때의 내가 옳았구나",2026-02-22,https://an2-img.amz.wtchn.net/image/v2/7xIRNa5wb-GDxwR9Pxp21Q.jpg?jwt=ZXlKaGJHY2lPaUpJVXpJMU5pSjkuZXlKdmNIUnpJanBiSW1SZk5Ea3dlRGN3TUhFNE1DSmRMQ0p3SWpvaUwzWXhMMmQ1WVRrM2RXOTFlblY2T0dSdmVIaHJkak5tSW4wLkNLUUtBYTNmTUtVcEFNZXQ5emFuVjFhUGpMMTJyMGU0VV9nR1JjMFNKcjQ=,
좀비딸,,2025,코미디 / 드라마,,,"""나의 딸은 좀비다. 이 세상 마지막 남은 유일한 좀비""

댄스 열정을 불태우는 사춘기 딸 ‘수아’와 함께 티격태격 일상을 보내는 맹수 전문 사육사 ‘정환’. 어느 날 전 세계를 강타한 좀비 바이러스에 감염된 딸 '수아'를 지키기 위해 '정환'은 어머니 '밤순'이 사는 바닷가 마을 '은봉리'로 ‘수아’와 함께 향한다.

감염자를 색출해 내려는 사회 분위기 속에서 '수아'가 어렴풋이 사람 말을 알아듣고, 평소 좋아하던 춤과 할머니 ‘밤순’의 따끔한 효자손 맛에 반응하는 모습을 발견한다. 절대 '수아'를 포기할 수 없는 '정환'은 호랑이 사육사의 오랜 경험을 살려 좀비딸 트레이닝에 돌입하는데...

맹수보다 사납고, 사춘기보다 예민한 좀비딸 훈련기!
올여름, 가장 유쾌한 극비 프로젝트가 시작된다!",,,,필감성,조정석 / 이정은 / 조여정 / 윤경호 / 최유리,1.5,웹툰 스타일의 개그를 실사화했을 때의 최악의 케이스,2026-02-21,https://an2-img.amz.wtchn.net/image/v2/DzktvCMKaC3HZ1_gVeRg8A.jpg?jwt=ZXlKaGJHY2lPaUpJVXpJMU5pSjkuZXlKdmNIUnpJanBiSW1SZk5Ea3dlRGN3TUhFNE1DSmRMQ0p3SWpvaUwzWXlMM04wYjNKbEwybHRZV2RsTHpFeU1URTBNRFl6T1RrME16ZzJOak16SW4wLnZjejlUR1FmWE00WS0yMjUzeUtTU1E5S3pGcTNMTzdEMXRPN0tNaW56cnc=,
공기인형,,2009,드라마 / 판타지 / 로맨스,,,"“꿈꾸고, 사랑하고, 따뜻한 마음을 가지게 되었습니다”

인간의 외로움을 달래기 위해 만들어진 공기인형 ‘노조미’에게 어느 날 갑자기 사람과 같은 감정이 생긴다. 마음과 감정이 생긴 ‘노조미’는 우연히 비디오 가게 점원 ‘준이치’를 보고 호감을 느끼고, 그가 일하는 가게에서 알바를 시작하게 된다. 꿈꾸고, 사랑하고, 감정을 갖게 된 ‘노조미’는 알바 중, 팔이 찢기는 사고를 당하게 되고 몸 속의 공기가 빠져나가는 모습을 ‘준이치’에게 보이고 마는데…

공기인형 ‘노조미’가 차가운 세상을 향해 전하는 
따뜻한 위로의 메시지!",,,,고레에다 히로카즈,배두나 / 이우라 아라타 / 이타오 이츠지,3.5,하나같이 변태같은 눈깔을 하고 있는 남자들이 거슬리지만서도 한편의 동화를 본 것 같은 기분이 든다,2026-02-20,https://an2-img.amz.wtchn.net/image/v2/s5g8UMuMI2BQxlNKJRQmFw.jpg?jwt=ZXlKaGJHY2lPaUpJVXpJMU5pSjkuZXlKdmNIUnpJanBiSW1SZk5Ea3dlRGN3TUhFNE1DSmRMQ0p3SWpvaUwzWXhMM0ZxZVhSeWFUaHRPVEF3YVhWd01tSjFaVzVvSW4wLnNjdm1rYjItOTROX0gxS1ljMFZldlFZempYX2ZJQ1MzclNJS0E2R1ZrdlU=,
멜랑콜리아,,2011,SF / 스릴러 / 드라마,,,"“세상의 끝이 아닌, 아름다운 종말의 시작”   

광고계의 라이징 스타 저스틴은 완벽한 결혼식을 꿈꿨지만 우울증으로 결국 망쳐버리고, 상태가 심각해진 그는 언니 클레어의 저택에 머물며 보살핌을 받는다. 한편, ‘멜랑콜리아’라는 푸른 빛의 거대 행성이 지구를 향해 날아오고 있다는 소식이 전해지고, 두 사람은 각자의 방식으로 다가오는 미래를 준비하는데… 저스틴의 우울증은 죽음이라는 공포 앞에서 오히려 평온을 찾아가고, 반대로 늘 이성적이었던 클레어는 걷잡을 수 없이 커져가는 불안감에 사로잡힌다. 그리고 마침내 ‘멜랑콜리아’가 눈앞에 도달했을 때 그들은 깨닫는다. 이것이 끝이 아닌, 새로운 시작이라는 것을…",,,,라스 폰 트리에,커스틴 던스트 / 샤를로뜨 갱스부르,4.5,"우울증 걸린 화가가 그린 유화가 살아움직이는 것 같다, 아름다운 선율에 맞춰서.",2026-02-19,https://an2-img.amz.wtchn.net/image/v2/v7nTuAcND0QBrD0fqCTi1w.jpg?jwt=ZXlKaGJHY2lPaUpJVXpJMU5pSjkuZXlKdmNIUnpJanBiSW1SZk5Ea3dlRGN3TUhFNE1DSmRMQ0p3SWpvaUwzWXlMM04wYjNKbEwybHRZV2RsTHpVM016YzVNVEE0TmpnMU9ETTVOREFpZlEuVTdRb01qN0t1UjA0ZEVhQ2drOXVHc181OXRlclNEaFA3cndObkR6Vk9vQQ==,
보통의 카스미,,2022,드라마,,,"카스미 said 
“난 연애도 안 하고 싶고 애초에 그런 감정도 없고 혼자서 살 수 있고 그게 쓸쓸하다고 생각한 적 없어. 불행하게 느낀 적도 없어. 이상해 보일 수 있지만 이게 나인 걸 어떡해?” 

나는 나일 뿐! LOVE MYSELF! 
혼자인 게 가장 행복한 보통의 ‘카스미’가 온다!",,,,다마다 신야,미우라 토코,2.5,그저 나로 존재하고 싶을 뿐인 카스미를 구구절절 설명하지 않는 미우라 토코의 연기라서 더 설득력이 있었다.,2026-02-19,https://an2-img.amz.wtchn.net/image/v2/IW4XipE2cqYY4slFUAR7AA.jpg?jwt=ZXlKaGJHY2lPaUpJVXpJMU5pSjkuZXlKdmNIUnpJanBiSW1SZk5Ea3dlRGN3TUhFNE1DSmRMQ0p3SWpvaUwzWXlMM04wYjNKbEwybHRZV2RsTHpFMk9EWTJNemN3TmpBek9UWTRNakUzTXpJaWZRLlkwNEJzd1dkZkdsdzNwV2pLcDYtSWt1Yno4ejVQOS1Yb2FEWXc1OGpleVU=,
세 가지 색 : 화이트,,1994,코미디 / 드라마 / 로맨스,,,"폴란드인 이발사 ‘카롤’은 아내 ‘도미니크’에게 이혼을 당하면서 방화범으로 몰리고 재산도 모두 빼앗긴다. 하지만 긴 시간이 지나서도 그녀를 잊지 못하고 재결합을 위해 자신의 죽음마저 위장한다. ‘도미니크’를 진정으로 사랑하지만, 사랑 앞에서의 평등을 위해 ‘카롤’은 뜻밖의 선택을 내리는데…",,,,크지슈토프 키에슬로프스키,줄리 델피 / 즈비그뉴 자마호프스키,3.0,"'파란색(자유), 하얀색(평등), 빨간색(박애)의 프랑스 혁명 이념'을 모티프로 하여 만들어진 세 가지 색 시리즈 중 두 번째다 - 라는 배경지식을 알고 봤어야 되잖아요 ... 화이트가 평등을 의미하는지는 영화를 다보고나서야 알았지만, 그래도 줄리 델피는 참 이뻤습니다.",2026-02-19,https://an2-img.amz.wtchn.net/image/v2/JRPJMglg-u-gRDYS6Cgsyg.jpg?jwt=ZXlKaGJHY2lPaUpJVXpJMU5pSjkuZXlKdmNIUnpJanBiSW1SZk5Ea3dlRGN3TUhFNE1DSmRMQ0p3SWpvaUwzWXlMM04wYjNKbEwybHRZV2RsTHpFNU56TTNNek16TnpJek5UTTFNeUo5LlIzU0tkS0VDTTVvbnpuSnRKZ2ZHQ2ZCd1Z3OXV6UjQ2RjdQdEhobWNxWUE=,
자전거 탄 소년,,2011,드라마,,,"잃어버린 자전거를 되찾고
보육원을 떠나 아빠와 살고 싶은
11살 소년 ‘시릴’

‘사만다’는 아빠로부터 외면당한 ‘시릴’을
주말마다 돌보기로 하고,
‘시릴’은 서서히 마음의 문을 여는데…

“사랑의 페달을 함께 밟아줄 사람이 나타났다”",,,,장 피에르 다르덴 / 뤽 다르덴,토마 도레 / 세실 드 프랑스 / 제레미 레니에,3.5,이제 더이상 그렇게 악착같이 자전거 패달을 밟지 않아도 되길,2026-02-19,https://an2-img.amz.wtchn.net/image/v2/gjfmtZA2nAlZTJciezl1Vw.jpg?jwt=ZXlKaGJHY2lPaUpJVXpJMU5pSjkuZXlKdmNIUnpJanBiSW1SZk5Ea3dlRGN3TUhFNE1DSmRMQ0p3SWpvaUwzWXlMM04wYjNKbEwybHRZV2RsTHpFd05qVTJNamc1T0RFNU1URXlNekFpZlEuQWhMX21iYlVsNWN0U0tXX3Q2Ml9SSFBNQUgyNHZucW13NXZxMnU2NjR6bw==,
드래곤 퀘스트 유어 스토리,,2019,애니메이션 / 모험 / 판타지,,,,,,,야마자키 타카시,사토 타케루 / 아리무라 카스미 / 하루 / 사카구치 켄타로,2.5,애기 키우느라 게임할 시간 없으니 대리만족,2026-02-19,https://an2-img.amz.wtchn.net/image/v2/m8FpVXZ421VMKbDxQtXBuA.jpg?jwt=ZXlKaGJHY2lPaUpJVXpJMU5pSjkuZXlKdmNIUnpJanBiSW1SZk5Ea3dlRGN3TUhFNE1DSmRMQ0p3SWpvaUwzWXhMMlZzZDNkd1l6UmpjVzVwZG5rM2MzQjJOSEUxSW4wLjBERlpBZXpyMWxLVkY5MWdLRTZrY0RfY3pZcDJrTnlDb1c4aHRhWWZNRWc=,
타락천사 리마스터링,,1995,드라마 / 로맨스 / 코미디 / 범죄,,,"킬러가 청부 살인을 하는 동안 그의 파트너는 주인 없는 방에서 침대 시트를 정리하거나 쓰레기를 검사한다. 그들은 동업한 지 155주나 되었지만 한 번도 만난 적이 없다. 킬러는 이제 일을 그만두고 싶지만, 파트너에게 어떻게 말해야 할지 몰라서 다른 방법을 선택한다. 한편, 수감번호 223 하지무는 5살 때 유통기한이 지난 파인애플 통조림을 먹고 말을 잃었다. 밤마다 주인 없는 상점에 무단 침입해 장사하던 그는 어느 날 떠나버린 남자 때문에 힘들어하는 찰리를 만나고 그녀를 도와 밤거리를 헤매기 시작한다.",,,,왕가위,여명 / 이가흔 / 금성무 / 양채니 / 막문위,3.5,킬러 여명은 아무리봐도 그냥 도경환인데 ...,2026-02-19,https://an2-img.amz.wtchn.net/image/v2/SLmHtiZLeW128LGLndL31w.jpg?jwt=ZXlKaGJHY2lPaUpJVXpJMU5pSjkuZXlKdmNIUnpJanBiSW1SZk5Ea3dlRGN3TUhFNE1DSmRMQ0p3SWpvaUwzWXlMM04wYjNKbEwybHRZV2RsTHpFMk1USXhOVFE1TWpreE9EVTBPRGMyT1RJaWZRLkFRdDE0bV9vQmUyeXVESDdDS0FOSmJwNnd0LUZJbF9KczFzMHZrLTRZMTQ=,
허슬,,2022,코미디 / 스포츠,,,운이 다한 농구 스카우트(애덤 샌들러)가 평생에 한 번 볼까 말까 한 엄청난 실력에 험난한 과거를 가진 선수를 외국에서 우연히 발견한다. 결국 그는 팀의 허락도 받지 않고 독단으로 이 천재 선수를 미국에 데려가는데. 두 사람은 난관을 무릅쓰고 NBA에서 성공할 자질을 갖췄음을 입증하기 위한 마지막 시도에 나선다.,,,,제레미아 자가,아담 샌들러,2.5,빌런 앤트맨 맛있다,2026-02-19,https://an2-img.amz.wtchn.net/image/v2/wQ0s6caezPl56rvKbFPolw.jpg?jwt=ZXlKaGJHY2lPaUpJVXpJMU5pSjkuZXlKdmNIUnpJanBiSW1SZk5Ea3dlRGN3TUhFNE1DSmRMQ0p3SWpvaUwzWXlMM04wYjNKbEwybHRZV2RsTHpFMk5qQXlPVFkyTURjME5qWTVOakE0TVRFaWZRLjZPMF8yZE5mZXJYRzZnMkZ2VnhDZklEcWFvM2ViTXR4SmNoTnFPWHEwQmM=,
기동전사 건담 섬광의 하사웨이,,2020,애니메이션 / 액션 / 전쟁,,,"U.C.0105 —— . 지구연방정부의 부패는 지구오염을 가속화시켜 강제로 민간인을 우주로 끌고 가는 비인도적 정책인 「사람 사냥」도 행해지고 있다. 그런 연방정부 고관을 암살하겠다는 가혹한 행위로 저항을 시작한 것이, 반지구연방정부운동 「마프티」. 리더의 이름은 마프티 나비유 에린. 그 정체는 일년전쟁을 싸운 연방군 대좌 브라이트 노아의 아들 「하사웨이」였다. 아무로 레이와 샤아 아즈나블의 이념과 이상, 의지를 담은 전사로서 길을 개척하려는 하사웨이지만 연방군 대좌 케네스 슬렉과 수수께끼의 미소녀 기 안달루시아와의 만남이 그 운명을 크게 바꿔간다.",,,,무라세 슈코,,3.5,"배경지식 없이 보기엔 불친절하지만, 크시와 페넬로페를 포함한 건담 전투씬은 진짜 미쳤다",2026-02-12,https://an2-img.amz.wtchn.net/image/v2/LkRuS6YbkbDEvx21RBe44Q.jpg?jwt=ZXlKaGJHY2lPaUpJVXpJMU5pSjkuZXlKdmNIUnpJanBiSW1SZk5Ea3dlRGN3TUhFNE1DSmRMQ0p3SWpvaUwzWXlMM04wYjNKbEwybHRZV2RsTHpFMU5EQXlNekF4TURReU1UUTNJbjAuWDZjRTNaTnVVRkhudXJsVXNLZlFWVlR1cmZuZG42eWdacWZGUGlqZnJ0SQ==,
시,,2010,드라마,,,"세상을 향한 그녀의 작은 외침 ‘시’

한강을 끼고 있는 경기도의 어느 작은 도시, 중학교에 다니는 손자와 함께 살아가는 미자(윤정희). 그녀는 꽃 장식 모자부터 화사한 의상까지 치장하는 것을 좋아하고 호기심도 많은 엉뚱한 캐릭터다. 미자는 어느 날 동네 문화원에서 우연히 '시' 강좌를 수강하게 되며 난생 처음으로 시를 쓰게 된다.

시상을 찾기 위해 그 동안 무심히 지나쳤던 일상을 주시하며 아름다움을 찾으려 하는 미자. 지금까지 봐왔던 모든 것들이 마치 처음 보는 것 같아 소녀처럼 설렌다. 그러나, 그녀에게 예기치 못한 사건이 찾아오면서 세상이 자신의 생각처럼 아름답지만은 않다는 것을 알게 되는데…",,,,이창동,윤정희,4.0,"추악하고 적나라한 현실까지 직시해야 비로소 쓰이는 시. 생의 끝에서 단 한 편의 시라도 완성할 수 있다면, 그것만으로 후회 없는 삶이라 말하겠다.",2026-02-11,https://an2-img.amz.wtchn.net/image/v2/tdagAKsqdkPLoFnmVe6hsA.jpg?jwt=ZXlKaGJHY2lPaUpJVXpJMU5pSjkuZXlKdmNIUnpJanBiSW1SZk5Ea3dlRGN3TUhFNE1DSmRMQ0p3SWpvaUwzWXhMMmRzTm5SaU0yNXRlRzkwYkdGbU9YaG1ZWGRvSW4wLmRsRFdOdWtnWnZfMWJiRVB5MGJyY0FSclNDT2pQOTRjZEJ5YVExYWRkTFE=,
마에스트로 번스타인,,2023,드라마 / 로맨스 / 음악 / 전기,,,"<마에스트로 번스타인>은 숭고하고 담대한 사랑 이야기로, 레너드 번스타인과 펠리시아 몬테알레그레 콘 번스타인의 평생에 걸친 인연을 그린다. 삶과 예술에 바치는 열렬한 찬가인 <마에스트로 번스타인>은 가족과 사랑이라는 핵심 주제를 감동적으로 풀어낸다.",,,,브래들리 쿠퍼,브래들리 쿠퍼 / 캐리 멀리건,3.0,"아내를 향한 뒤늦은 후회와 눈물조차 거짓은 아니었겠지만, 결국 끝까지 본인 방식대로 사는 모습에 혀를 내두르게 된다. 사랑도, 예술도, 이기심도 참 변함없이 징한 거장의 생애.",2026-02-10,https://an2-img.amz.wtchn.net/image/v2/YRBf0rYHUvaRFUQzual96Q.jpg?jwt=ZXlKaGJHY2lPaUpJVXpJMU5pSjkuZXlKdmNIUnpJanBiSW1SZk5Ea3dlRGN3TUhFNE1DSmRMQ0p3SWpvaUwzWXlMM04wYjNKbEwybHRZV2RsTHpFM01EQTNORFkxTmpjNE1ESXhOVGMwTWpNaWZRLlNOaGxfdjFKa1NYNFBRLWJiUEhHQ0MwNGJiRHZjSWFUSllyVlAtTUxxNFU=,
아침바다 갈매기는,,2024,드라마 / 가족,,,"[2026 문화다양성 주간 / 이은 한국영화제작가협회 회장 · 최낙용 한국예술영화상영관협회 회장 · 박진형 베를린국제영화제 장르영화 선정 자문위원 · 정성우 목포국도1호선독립영화제 감독]



“그렇다고 죽을 수는 없잖아요”

작은 어촌 마을에서 탈출을 꿈꾸던 젊은 어부 용수는 늙은 선장 영국에게 도움을 요청한다. 사고로 자신의 죽음을 위장할 수 있도록 해달라는 것. 영국은 한 달이면 용수의 가족에게 보험금이 지급될 거라는 말을 믿고 위험한 거짓말에 동참하지만, 용수의 죽음을 믿지 않는 가족들로 인해 계획이 어긋나는데... 

살기 위한 거짓말, 절망일까 희망일까.


- 수상
제29회 부산국제영화제 뉴 커런츠상 수상
제29회 부산국제영화제 KB 뉴 커런츠 관객상 수상
제29회 부산국제영화제 아시아영화진흥기구(NETPAC)상 수상",,,,박이웅,윤주상 / 양희경 / 박종환,3.5,"안정감이라는 핑계로 고여서 썩어가는 공동체의 민낯. 상경조차 배신이 되는 이 좁은 땅에서, 우리가 과연 외국인도 받아들일 수 있을지 나조차 자신이 없다.",2026-02-09,https://an2-img.amz.wtchn.net/image/v2/Niavtyq3gWr6VIgVKQKwFg.jpg?jwt=ZXlKaGJHY2lPaUpJVXpJMU5pSjkuZXlKdmNIUnpJanBiSW1SZk5Ea3dlRGN3TUhFNE1DSmRMQ0p3SWpvaUwzWXlMM04wYjNKbEwybHRZV2RsTHpFM01Ea3pPVFUzT0RFMk16YzVNalExSW4wLmZFazZqY0VWN1M2OUtfMUE5dGhzNGpPTkoyWWI3eFp2RXBRTUptTmd5T1U=,
더 플랫폼,,2019,공포 / SF / 스릴러,,,0 … 33 … 101 … 30일마다 랜덤으로 레벨이 바뀌는 극한 생존의 수직 감옥 ‘플랫폼’. 최상위 레벨 0에서 아래로 내려갈수록 음식도 인간성도 바닥나는데…,,,,갈데르 가스텔루-우루티아,이반 마사게 / 안토니아 산 후안 / 조리온 에귈레오르,2.0,"영화는 끝내 희망을 말하지만, 정작 관객에게 남는 건 1도 희망적이지 않은 불쾌한 잔상뿐",2026-02-09,https://an2-img.amz.wtchn.net/image/v2/sXVRRGIJw94ZIUm0wAH41w.jpg?jwt=ZXlKaGJHY2lPaUpJVXpJMU5pSjkuZXlKdmNIUnpJanBiSW1SZk5Ea3dlRGN3TUhFNE1DSmRMQ0p3SWpvaUwzWXhMMnhvYzJOeGNtOXJhbWhpZEhBMlpEUnpZemgzSW4wLkh0aVBFNkV4RGRPSVlJWXNiV2JlZTB0Y0lYNEE4Nmh3eUgtYTVHOHcxOE0=,
드라이브,,2011,액션 / 드라마 / 범죄 / 로맨스,,,오직 드라이브에 삶의 의미를 두고 조용히 살아가던 한 남자(라이언 고슬링). 또 하나의 삶의 의미가 된 여인(캐리 멀리건)이 위험에 빠지고 그녀를 지키기 위해 비극적 사건에 휘말리게 된다. 숨막히는 폭력과 치열한 사투를 벌이던 그는 서서히 자신의 숨겨져 있던 냉혹한 본성과 마주하게 되는데…,,,,니콜라스 빈딩 레픈,라이언 고슬링 / 캐리 멀리건,3.5,라이언 고슬링은 대사 없이 입 다물고 있을 때 가장 멋있을지도?,2026-02-09,https://an2-img.amz.wtchn.net/image/v2/2FL5cEs_MouFxsIuXm5_ew.jpg?jwt=ZXlKaGJHY2lPaUpJVXpJMU5pSjkuZXlKdmNIUnpJanBiSW1SZk5Ea3dlRGN3TUhFNE1DSmRMQ0p3SWpvaUwzWXlMM04wYjNKbEwybHRZV2RsTHpFMk5EazFPVGs0TnpZMU9ESTVOamc1TkRFaWZRLlU2R05PWXlsMlJrYllwVHVKSWtiOUpQanZGUHBvWEc0ZzZjM2cxdWF0ZVE=,
사랑할 땐 누구나 최악이 된다,,2021,코미디 / 드라마 / 로맨스,,,"의학을 공부하던 스물아홉 율리에는 자신이 진짜 원하는 걸 찾아 세상으로 나온다. 파티에서 만난 만화가 악셀과 사랑에 빠진 율리에, 하지만 삶의 다른 단계에서 만난 두 사람은 각자 다른 걸 원했고 조금씩 어긋난다.

“내 삶에서 조연 역할을 하는 것 같아…”

율리에는 인생의 다음 챕터로 달려나간다.",,,,요아킴 트리에,레나테 라인스베,3.5,스카일러보다 더한 썅년은 첨 보는 듯,2026-02-06,https://an2-img.amz.wtchn.net/image/v2/pWjENkw8Pv4HXwlP3kootw.jpg?jwt=ZXlKaGJHY2lPaUpJVXpJMU5pSjkuZXlKdmNIUnpJanBiSW1SZk5Ea3dlRGN3TUhFNE1DSmRMQ0p3SWpvaUwzWXlMM04wYjNKbEwybHRZV2RsTHpFMk5qQXlPREkwTnpBMk5qQXdOekkyTURZaWZRLnlJcDVLSHhMTWIzZUQyR2R6djZhR2lRQnhFNk83WVlKTUxWUVp6NzZJYXM=,
일대종사,,2013,액션 / 전기 / 드라마 / 로맨스 / 전쟁,,,"전설로 기억되는 영춘권의 그랜드마스터 ‘엽문’(양조위), 어떤 고난에도 품위를 잃지 않았던 그의 아내 ‘장영성’(송혜교), 궁가 64수의 유일한 후계자로서 엽문과 무술로 교감했던 ‘궁이’(장쯔이). 무술의 황금시대, 그들의 삶을 송두리째 바꾼 운명의 소용돌이가 시작된다!",,,,왕가위,양조위 / 장쯔이 / 장첸 / 송혜교,5.0,"도대체 포스터 디자인 누가 뽑았냐. 이렇게 아름다운 영화를 단순 엽문 시리즈로 오해하게 만들다니...

왕가위식 쿵푸허슬 이라고 하면 좀 열받을지도 모르겠지만 쿵푸허슬 액션의 쾌감을 여기서 다시 느꼈다. 근데 이제 왕가위식 미장센을 곁드린?

그리고 비록 몇 마디 안하더라도, 시종일관 무표정이라도 송혜교, 장쯔이 캐스팅 칭찬합니다...

+ 이소룡으로 이어지는 엽문 서사는 언제쯤 질릴까... 제발 포스터만 다시 만들어봅시다.",2026-02-05,https://an2-img.amz.wtchn.net/image/v2/rCjmweIz1CJtj6T9sYQxlg.jpg?jwt=ZXlKaGJHY2lPaUpJVXpJMU5pSjkuZXlKdmNIUnpJanBiSW1SZk5Ea3dlRGN3TUhFNE1DSmRMQ0p3SWpvaUwzWXhMMkp2TkdOd2NXb3dhR2RwZDJGM05uaDVhV2RqSW4wLkt6Z2U4ZlFzMWlWMzIwTXpQSm1UMkdDdDdXV0U2WU9maGdCVGRlcl9uNnM=,
버드맨,,2014,코미디 / 드라마,,,"슈퍼히어로 '버드맨'으로 할리우드 톱 스타에 올랐지만 지금은 잊혀진 배우 리건 톰슨(마이클 키튼). 그는 꿈과 명성을 되찾기 위해, 브로드웨이 무대에 도전한다. 대중과 멀어지고, 작품으로 인정받은 적 없는 배우에게 현실은 그의 이상과 거리가 멀다.

재기에 대한 강박과 심각한 자금 압박 속에, 평단이 사랑하는 주연배우(에드워드 노튼)의 통제불가 행동들, 무명배우의 불안감(나오미 왓츠), SNS 계정하나 없는 아빠의 도전에 냉소적인 매니저 딸(엠마 스톤), 연극계를 좌지우지 하는 평론가의 악평 예고까지.. 과연 ‘버드맨’ 리건은 다시 날아오를 수 있을 것인가.",,,,알레한드로 곤잘레스 이냐리투,마이클 키튼 / 잭 갈러피아나키스 / 에드워드 노튼 / 안드레아 라이즈보로 / 에이미 라이언,4.0,"배트맨 아저씨도 아저씬데, 에드워드 노튼 연기 개맛있다",2026-02-04,https://an2-img.amz.wtchn.net/image/v2/0_5S0o6evTcG5naVXfxg6w.jpg?jwt=ZXlKaGJHY2lPaUpJVXpJMU5pSjkuZXlKdmNIUnpJanBiSW1SZk5Ea3dlRGN3TUhFNE1DSmRMQ0p3SWpvaUwzWXhMMmRwYldoaWFHVjRZV0ozYTI5NE1XeG9OR2x5SW4wLmlyWmR4R05rZ1ZBVGhvd0lUeVFYMU5vOTJ6aldKOGtBYnRPVGREOU9acEU=,
시네마 천국,,1988,드라마,,,"“세월이 흘러도 마음 속 변하지 않는 이야기”

어린 시절, 영화가 전부였던 소년 토토는 마을의 작은 극장 ‘시네마 천국’에서 영사기사 알프레도를 만나 친구가 된다. 알프레도는 궂은 영사 일에 관심을 두는 토토를 말려보지만, 결국 마음을 열고 하나씩 영사 기술을 가르쳐준다. 어느 날 야외 상영 도중 일어난 화재 사고로 알프레도가 시력을 잃게 되고, 토토가 그의 뒤를 이어 정식 영사기사로 일하게 된다. 세상을 볼 수 없게 된 뒤에도 변함없이 토토의 곁을 지켜주던 알프레도는, 첫사랑에 좌절한 청년 토토에게 더 넓은 세상으로 나아가라며 마지막 조언을 남긴다.",,,,쥬세페 토르나토레,필립 느와레 / 살바토레 카시오 / 마르코 레오나르디 / 자크 페렝,4.0,"영화보다 더 영화 같은 OST의 향연, 그리고 마지막 필름 조각들이 일깨워준 인생에서 가장 눈부신 사랑의 가치",2026-02-03,https://an2-img.amz.wtchn.net/image/v2/xu8nV8jSPbTjRGgA_P_D2w.jpg?jwt=ZXlKaGJHY2lPaUpJVXpJMU5pSjkuZXlKdmNIUnpJanBiSW1SZk5Ea3dlRGN3TUhFNE1DSmRMQ0p3SWpvaUwzWXlMM04wYjNKbEwybHRZV2RsTHpNd01qYzRNREF5TURRek9UWTRNellpZlEuWEFaT0xiR2dGZ09TQUk4SjNnWFdueXIwRWs2bFRjVDlhdHYzc0ZYejVkaw==,
키리시마가 동아리활동 그만둔대,,2013,드라마,,,"그 날 이후, 우리의 세상은 무너졌다!

평소와 다를 바 없는 금요일 방과 후. 학교 최고의 인기인 키리시마가 배구부를 그만뒀다는 소식이 전해지며 평온했던 교내가 술렁이기 시작한다. 배구부원들과 친구들은 혼란에 빠지고, 서서히 이들의 감정에 미묘한 기류가 흐른다. 그러던 중 키리시마와는 가장 먼 존재였던 영화부 마에다가 움직이게 되고, 이야기는 전혀 엉뚱한 방향으로 흘러가게 되는데…",,,,요시다 다이하치,히가시데 마사히로 / 카미키 류노스케 / 하시모토 아이,3.0,맥거핀이 동아리활동 그만둔대,2026-02-02,https://an2-img.amz.wtchn.net/image/v2/dlnhQnaT4M43BfoMYF7Gbw.jpg?jwt=ZXlKaGJHY2lPaUpJVXpJMU5pSjkuZXlKdmNIUnpJanBiSW1SZk5Ea3dlRGN3TUhFNE1DSmRMQ0p3SWpvaUwzWXhMMk53Y0hRMGQzRndNMlo2YjI1NGJYZ3haSFJ0SW4wLnpTcnNkcDZLcWxxN2pqRXI5VG5FZDhiVDFRMlJwbXBqSGdxSkhhN2M5S1E=,https://an2-img.amz.wtchn.net/image/v2/MvEyXmDbVMAm034Q6P6f0g.webp?jwt=ZXlKaGJHY2lPaUpJVXpJMU5pSjkuZXlKdmNIUnpJanBiSW1SZk5EY3dlREkyTkhFNE1DSmRMQ0p3SWpvaUwzWXlMM04wYjNKbEwybHRZV2RsTHpFMk16RTRNemcxTWpZNE56STBORFEwT0RBaWZRLnB4V1pXbFo3NVRDMEdCVnlBT1RCZ0ZxQ0JTc2xqbzJKRlNqOVAxZ1BfV2s=
베스트 키드: 레전드,,2025,액션 / 가족 / 드라마 / 스포츠,,,엄마와 뉴욕으로 건너간 10대 소년 리퐁이 무술 대결을 위해 쿵후와 가라테의 전설들과 함께 훈련을 하면서 벌어지는 이야기를 다룬 극영화,,,,조나단 엔트위슬,벤왕 / 랄프 마치오 / 성룡,1.0,성룡 믿고 봤다가 큰코다침,2026-02-01,https://an2-img.amz.wtchn.net/image/v2/fBLRDooSZduI7pbAp1WR_A.jpg?jwt=ZXlKaGJHY2lPaUpJVXpJMU5pSjkuZXlKdmNIUnpJanBiSW1SZk5Ea3dlRGN3TUhFNE1DSmRMQ0p3SWpvaUwzWXlMM04wYjNKbEwybHRZV2RsTHpJek1EY3dNakExTXpVeU56QTNNemt4SW4wLkVoLVdGOFdJbEg2SkdQOUROeW9pMHRtbERGeFQwSHJ3WFAyMEt1aGc4SjQ=,https://an2-img.amz.wtchn.net/image/v2/DwXuyqaqIJHCmuLPl3hv_Q.webp?jwt=ZXlKaGJHY2lPaUpJVXpJMU5pSjkuZXlKdmNIUnpJanBiSW1SZk5EY3dlREkyTkhFNE1DSmRMQ0p3SWpvaUwzWXlMM04wYjNKbEwybHRZV2RsTHpZME5qSTVNVGM1TkRFd01qWTNNemtpZlEuaWZQU2xHNzFRNU8xWVp6b1BXVFRtRVREdlhuM3ZUbDVJR1FPblhvNHNYdw==
어쩔수가없다,,2025,스릴러 / 코미디 / 범죄 / 드라마,,,"‘다 이루었다’는 생각이 들 만큼 삶에 만족하던 25년 경력의 제지 전문가 ‘만수’(이병헌). 아내 ‘미리’(손예진), 두 아이, 반려견들과 함께 행복한 일상을 보내던 만수는 회사로부터 돌연 해고 통보를 받는다.

“미안합니다. 어쩔 수가 없습니다.”

목이 잘려 나가는 듯한 충격에 괴로워하던 만수는, 가족을 위해 석 달 안에 반드시 재취업하겠다고 다짐한다. 그 다짐이 무색하게도, 그는 1년 넘게 마트에서 일하며 면접장을 전전하고, 급기야 어렵게 장만한 집마저 빼앗길 위기에 처한다.

무작정 [문 제지]를 찾아가 필사적으로 이력서를 내밀지만, ‘선출’(박희순) 반장 앞에서 굴욕만 당한다. [문 제지]의 자리는 누구보다 자신이 제격이라고 확신한 만수는 모종의 결심을 한다.

“나를 위한 자리가 없다면, 내가 만들어서라도 취업에 성공하겠다.”",,,,박찬욱,이병헌 / 손예진,4.0,고추잠자리 씬 하나만으로도 대만족,2026-01-31,https://an2-img.amz.wtchn.net/image/v2/aoSjxx2n6ZJMh01s4gCT0w.jpg?jwt=ZXlKaGJHY2lPaUpJVXpJMU5pSjkuZXlKdmNIUnpJanBiSW1SZk5Ea3dlRGN3TUhFNE1DSmRMQ0p3SWpvaUwzWXlMM04wYjNKbEwybHRZV2RsTHpFeU1UTXpNakF5TWpnd05qWXlNRE0zSW4wLlBjNENxSWJIeHo3VHFscWdSejJHTVNQN3hkRFZ3c0xFYjNudEdEUG9mWEU=,https://an2-img.amz.wtchn.net/image/v2/FER3rS5MhErpt30Rfp2iOA.webp?jwt=ZXlKaGJHY2lPaUpJVXpJMU5pSjkuZXlKdmNIUnpJanBiSW1SZk5EY3dlREkyTkhFNE1DSmRMQ0p3SWpvaUwzWXlMM04wYjNKbEwybHRZV2RsTHpFMU5EUTRNekk0TnpVd09Ea3hNemNpZlEubU9EWVNSdHlHZGt3ZDlxd2hIRnBycTZ1bHpJREJobVJPaV9hZURpYUMyZw==
초(超) 가구야 공주!,,2026,애니메이션 / 음악 / 판타지 / SF,,,"진지하고 성실한 이로하가 자유분방한 달 공주와의 만남을 계기로, 휘황찬란한 가상 공간에서 펼치는 라이브 공연 활동에 휘말린다. 일본의 전래동화에서 영감을 얻은 마음 따뜻한 애니메이션 영화.",,,,야마시타 신고,,3.0,World is mine 배워갑니다 가구야상,2026-01-31,https://an2-img.amz.wtchn.net/image/v2/wC67IwHjqMD13VaTI3oNtw.jpg?jwt=ZXlKaGJHY2lPaUpJVXpJMU5pSjkuZXlKdmNIUnpJanBiSW1SZk5Ea3dlRGN3TUhFNE1DSmRMQ0p3SWpvaUwzWXlMM04wYjNKbEwybHRZV2RsTHpjNE1EazROelkzTnpjMU56UXpOQ0o5LmVtcUFuc0pxTXBLSEphVWRzSlRjM3BVN25HcF9raWI3WVcxWjVReUx0QXM=,https://an2-img.amz.wtchn.net/image/v2/soa6bTcp0WkNJx2Dz3JXBQ.webp?jwt=ZXlKaGJHY2lPaUpJVXpJMU5pSjkuZXlKdmNIUnpJanBiSW1SZk5EY3dlREkyTkhFNE1DSmRMQ0p3SWpvaUwzWXlMM04wYjNKbEwybHRZV2RsTHpFeE1UQTBNVFUwTXpVMk56WTRPREk0SW4wLlJsOUsta0RWY01TSnlFTWxNaVBWNy1POTlwMGZNQzFqVmpwOUxaVF96Q28=
100미터.,,2025,애니메이션 / 드라마,,,"“대부분의 문제는 100M를 누구보다 빠르게 달리면 다 해결돼”

선천적으로 발이 빨라 달리기에서 지는 법이 없던 토가시는 현실을 잊기 위해 무작정 달렸던 전학생 코미야를 만나 제대로 달리는 법을 가르쳐 준다. 누구보다 빠르게 달릴 때의 환희를 알게 된 코미야는 토가시에게 100M 경주를 신청하고 그날의 경기 이후 코미야는 토가시의 앞에서 사라진다. 그리고 몇 년 후, 계속 이겨야 한다는 압박감에 시달리고 있던 토가시 앞에 일본 기록 경신을 꿈꾸는 코미야가 나타나는데…

100M 전력 질주,
시간은 단 십여 초.
그 시간에 모든 것을 담아낸 청춘들의 이야기가 시작된다!",,,,이와이사와 켄지,,3.5,"자기계발서를 읽을 바엔 차라리 이런 영화를 봐라.
+ 실사화한듯한 작화 퀄리티! 인데 ... 얼굴만 애니메이션인것 같아 보는 내내 좀 기괴했음",2026-01-29,https://an2-img.amz.wtchn.net/image/v2/Z_JCeZRq4yPWSEVn-bTUdQ.jpg?jwt=ZXlKaGJHY2lPaUpJVXpJMU5pSjkuZXlKdmNIUnpJanBiSW1SZk5Ea3dlRGN3TUhFNE1DSmRMQ0p3SWpvaUwzWXlMM04wYjNKbEwybHRZV2RsTHpFNE1UZ3hNakU1TURFME1qazNPRFlpZlEubzZ6SDlFTlMtRUpMZFI0MVZ4VzhMZ3Y4bko3c2hGaDIwSUxDVTRVUVVoRQ==,https://an2-img.amz.wtchn.net/image/v2/NvRZ0J9THy4athgAlTLKjw.webp?jwt=ZXlKaGJHY2lPaUpJVXpJMU5pSjkuZXlKdmNIUnpJanBiSW1SZk5EY3dlREkyTkhFNE1DSmRMQ0p3SWpvaUwzWXlMM04wYjNKbEwybHRZV2RsTHpVNE56TTFOakU0TkRrM056QTFPRElpZlEudWU3UDhmRVlqMmV1V3I4WmpkSEREQW9lZEN1dTI1MHlncW1SaDRndmNIdw==
제이 켈리,,2025,드라마 / 코미디,,,"아카데미상 후보에 오른 노아 바움백 감독의 신작 영화 <제이 켈리>는 유명 영화배우 제이 켈리(조지 클루니)와 그의 헌신적인 매니저 론(애덤 샌들러)이 유럽에서 겪는 폭풍 같은 여정을 그린다. 뜻밖의 깊은 울림을 남기는 이 여정을 통해, 두 남자는 과거의 선택과 소중한 이들과의 관계, 그리고 앞으로 남길 삶의 유산을 마주하게 된다.",,,,노아 바움백,조지 클루니 / 로라 던 / 아담 샌들러,2.5,어차피 포기할 생각도 없으면서 자기연민이 심하네,2026-01-29,https://an2-img.amz.wtchn.net/image/v2/tIrcRz2fxM3JmKuu6GkrrQ.jpg?jwt=ZXlKaGJHY2lPaUpJVXpJMU5pSjkuZXlKdmNIUnpJanBiSW1SZk5Ea3dlRGN3TUhFNE1DSmRMQ0p3SWpvaUwzWXlMM04wYjNKbEwybHRZV2RsTHpRMU16WTRNRFl6TmpNeU5EVTNOVGNpZlEuTjR1S054VkFzZ1lPOVJFWXZtV29LdUo3bGRQZmJTT043NzdobVFRU3dDbw==,https://an2-img.amz.wtchn.net/image/v2/qLzmZnmtROeZm_1Bh24-hg.webp?jwt=ZXlKaGJHY2lPaUpJVXpJMU5pSjkuZXlKdmNIUnpJanBiSW1SZk5EY3dlREkyTkhFNE1DSmRMQ0p3SWpvaUwzWXlMM04wYjNKbEwybHRZV2RsTHpFeE56QTRNamswTmprMk5qTTJPVGs0SW4wLko5ZG90a1NWYzEyT2NTbldiMHAtTUNCLW5RYkJkdGRhdlo3SWhmNEdhT0k=
부고니아,,2025,스릴러 / 코미디,,,"2025년, 기필코 지구를 지켜라!

벌들은 사라지고, 지구는 병들고 있고, 인류는 고통받고 있다.

거대 바이오 기업의 물류센터 직원인 ‘테디’는 이 모든 것이 은밀하게 진행되고 있는 외계인의 지구침공 계획 때문이고, 사장 ‘미셸’이 안드로메다에서 온 외계인이라고 굳게 믿는다.

오랜 준비 끝, 함께 사는 사촌 동생 ‘돈’과 함께 결국 ‘미셸’을 납치하는데 성공한 ‘테디’ 

그는 지하실에 ‘미셸’을 감금한 채 지구를 찾아온 이유와 앞으로의 음모를 캐묻지만
자신은 외계인이 아니라는 말만 반복하는 ‘미셸’

과연 ‘테디’는 ‘미셸’에게서 원하는 답을 얻고 지구를 지킬 수 있을까?",,,,요르고스 란티모스,엠마 스톤 / 제시 플레몬스,3.5,"원작의 기분 나쁜 포인트들이 꽤나 개선된 리메이크. 물론 반전을 알고 본 상태라 충격은 원작만큼의 충격은 덜 하지만개인적으로 ""요르고스 란티모스의 보기좋게 다듬어진 지구를 지켜라""가 더 좋았다.",2026-01-27,https://an2-img.amz.wtchn.net/image/v2/nAE-KlDD6IAS5L96eLKG_Q.jpg?jwt=ZXlKaGJHY2lPaUpJVXpJMU5pSjkuZXlKdmNIUnpJanBiSW1SZk5Ea3dlRGN3TUhFNE1DSmRMQ0p3SWpvaUwzWXlMM04wYjNKbEwybHRZV2RsTHpFd016azNNVEUwTWpRNU9UazVJbjAuaDMzSzk4OXhOdk1sZTV2RFE3RGk0cFVERE5VcjFWdlFTNnd1UzkwUmtCYw==,https://an2-img.amz.wtchn.net/image/v2/bq34NDnV7tB9cxnUDCIZmQ.webp?jwt=ZXlKaGJHY2lPaUpJVXpJMU5pSjkuZXlKdmNIUnpJanBiSW1SZk5EY3dlREkyTkhFNE1DSmRMQ0p3SWpvaUwzWXlMM04wYjNKbEwybHRZV2RsTHpneE1EZ3dOakk0TXpNME5EWXdNekVpZlEuUjFUQ2wxLXh0REVjcnRHOVIxbm51bGpUcFZJdUk2Q0tjdUU5ZTZ4b3JvZw==
아버지의 세 딸들,,2023,드라마 / 코미디,,,병든 아버지의 마지막 나날을 함께하기 위해 뉴욕의 비좁은 아파트에 모인 세 자매. 서로 소원하게 지내던 세 사람 사이에 격렬한 감정이 소용돌이친다.,,,,아자젤 제이콥스,캐리 쿤 / 엘리자베스 올슨 / 나타샤 리온,4.0,"언젠가 내가 곁에 없을 때를 생각하며, 사랑하는 이들의 곁에 지금 더 자주 있어야겠다",2026-01-26,https://an2-img.amz.wtchn.net/image/v2/BEvjw9pB9pExWMZX5aAFbg.jpg?jwt=ZXlKaGJHY2lPaUpJVXpJMU5pSjkuZXlKdmNIUnpJanBiSW1SZk5Ea3dlRGN3TUhFNE1DSmRMQ0p3SWpvaUwzWXlMM04wYjNKbEwybHRZV2RsTHpFMk9URXpPVGMwTVRVMU1UUTVNREV3TnpnaWZRLl9pQzhEdXFWbFpBaXptR19BbGRsVWs2ckFaNm11UkZJZUZwam9LejUzLVk=,https://an2-img.amz.wtchn.net/image/v2/lXznLmjj-wfp1JAPtc6aaA.webp?jwt=ZXlKaGJHY2lPaUpJVXpJMU5pSjkuZXlKdmNIUnpJanBiSW1SZk5EY3dlREkyTkhFNE1DSmRMQ0p3SWpvaUwzWXlMM04wYjNKbEwybHRZV2RsTHpFMk9URXpPVGMwTVRFNU1URTRNREEyTlRRaWZRLkxGYWIzZkFmRlhpVkVURHc1Q1ppMXlmYkdEOFBUQ3p4SkFUNzJzWk5MbEE=
34번가의 기적,,1994,드라마 / 가족,,,"쿨 백화점의 기획이사 도리는 올 크리스마스에 활약해줄 산타클로스를 찾아 다닌다. 그러다 '크리스 크링클'이라는 순수한 할아버지를 만나게 되고, 크링클이 산타클로스를 맡게 되자 백화점에 사람들이 모여들기 시작한다. 산타클로스를 믿지 않는 도리도 크링클을 만난 뒤부터 달라지기 시작한다. 하지만 경쟁 백화점의 사장이 크링클을 모함해 위험에 빠뜨리는데...",,,,레스 메이필드,리처드 애튼버러 / 엘리자베스 퍼킨스 / 딜런 맥더못 / J.T. 월쉬 / 제임스 레마,3.5,"모두가 I believe를 외칠 때 인류애 상승, 크리스마스에는 그럴듯한 유치함이 필요하다",2026-01-26,https://an2-img.amz.wtchn.net/image/v2/0vv3fpp_xfYs4QWOXDbWmw.jpg?jwt=ZXlKaGJHY2lPaUpJVXpJMU5pSjkuZXlKdmNIUnpJanBiSW1SZk5Ea3dlRGN3TUhFNE1DSmRMQ0p3SWpvaUwzWXhMMkppY1RSNWEzYzViM0ZrTm5aeWNYVmphbUl3SW4wLno5cVBSN0VfQTFCX1ZtS3A2c2ZZNXY2c05wY2NvZC1tajFMWWpsUDk0ekE=,https://an2-img.amz.wtchn.net/image/v2/bmytvPAqWsCE3vUu1w-viA.webp?jwt=ZXlKaGJHY2lPaUpJVXpJMU5pSjkuZXlKdmNIUnpJanBiSW1SZk5EY3dlREkyTkhFNE1DSmRMQ0p3SWpvaUwzWXhMMjEwTkRSbmRDMHlNREF3TWlKOS5QUnNHZlNYdDBCRFhIbzJZOUVxaVJ1Sl9lejJ4Qm5vTTUwdGNEUXAyU0tv
마녀 배달부 키키,,2014,판타지,,,"마녀들의 규칙, 낯선 마을에서 1년 동안 살기. 열세 살 꼬마 마녀 키키는 그 규칙을 지키기 위해 검은 고양이 지지와 함께 빗자루 여행을 떠난다.

해안가에 위치한 마을 코리코에 도착한 키키는 빵집을 운영하는 소노와 하늘을 나는 것이 꿈인 톰보를 만나게 된다. 키키는 소노의 집에 머물며 ‘마녀 배달부’로 일하게 되는데... 상처받을 때도 많지만 키키는 항상 웃음을 잃지 말라는 엄마의 가르침을 지키려 한다. 귀여운 꼬마마녀의 여행이 지금 바로 시작된다. [2015년 제17회 서울국제청소년영화제]",,,,시미즈 다카시,코시바 후우카 / 오노 마치코 / 미야자와 리에,1.5,한시간반짜리 매직키드 마수리 극장판,2026-01-26,https://an2-img.amz.wtchn.net/image/v2/q3v3Zm9ZyKkZmIVzvIKGpg.jpg?jwt=ZXlKaGJHY2lPaUpJVXpJMU5pSjkuZXlKdmNIUnpJanBiSW1SZk5Ea3dlRGN3TUhFNE1DSmRMQ0p3SWpvaUwzWXhMM2N5WldKaGNtbDVObkZ6WjNCeGFYSnRkbWRySW4wLnpwR3hkLVk2MnVQcjdiMU8zellXNnplcFEybEhLUTVHcWFVRE5NUk8zSFk=,https://an2-img.amz.wtchn.net/image/v2/MSdauNrHoXWx2STK-hFZGA.webp?jwt=ZXlKaGJHY2lPaUpJVXpJMU5pSjkuZXlKdmNIUnpJanBiSW1SZk5EY3dlREkyTkhFNE1DSmRMQ0p3SWpvaUwzWXlMM04wYjNKbEwybHRZV2RsTHpFMk9ESTBOelF5TXpFNE1ETXpOREF6TXpVaWZRLmRvVW9jaGktbVUtSzRtVlVLQWc5dmV0bFFkUXVYaXFFci1jNXpNeDFRSDg=
레이버 데이,,2013,드라마 / 로맨스,,,"외로운 싱글맘 아델(케이트 윈슬렛)과 아들 헨리 휠러(게틀린 그리피스)가 사는 집에 노동절날 탈옥수 프랭크(조슈 브롤린)가 숨어든다. 프랭크는 복숭아 파이를 만들어주고, 집을 고쳐주며 가족처럼 지내게 된다. 아델과 프랭크는 사랑의 감정을 느끼게 되는데...",,,,제이슨 라이트만,케이트 윈슬렛 / 조쉬 브롤린,4.0,봄이 오면 다시 보고 싶어질 영화,2026-01-23,https://an2-img.amz.wtchn.net/image/v2/4Ln3TOeI-VXG-OftIeOhVQ.jpg?jwt=ZXlKaGJHY2lPaUpJVXpJMU5pSjkuZXlKdmNIUnpJanBiSW1SZk5Ea3dlRGN3TUhFNE1DSmRMQ0p3SWpvaUwzWXhMM1o0ZG5RMGVXTnNOakZvZVc1aGNucHpPR3RySW4wLkJvTVhtNWVXcl9KX253bVBEYWlxcmUwVzFNMExsUFduREN1a08wSHZfeXM=,https://an2-img.amz.wtchn.net/image/v2/KuDNeZVOoHyD9S6SBaYf_Q.webp?jwt=ZXlKaGJHY2lPaUpJVXpJMU5pSjkuZXlKdmNIUnpJanBiSW1SZk5EY3dlREkyTkhFNE1DSmRMQ0p3SWpvaUwzWXhMM055WVhWdVp6QTJhSE5rWVd4b2RXcGljMjQ0SW4wLnVzQWRiRzlVYlBXcFZxZXVSNkdpbXB2cEdIUnZwX3pySXRJcnVLWUd6Snc=
먼 훗날 우리,,2018,로맨스 / 드라마,,,"2007년 춘절, 귀향하는 기차에서 처음 만나 친구가 된 ‘린젠칭’(정백연)과 ‘팡샤오샤오’(주동우). 베이징에서 함께 꿈을 나누며 연인으로 발전하지만, 현실의 장벽 앞에 결국 가슴 아픈 이별을 하게 된다. 10년이 흐른 후, 두 사람은 북경행 비행기에서 운명처럼 재회하고 지난 시간들을 돌아보며 추억을 이야기하기 시작하는데…",,,,유약영,주동우 / 정백연,2.5,딸래미는 공주같이 키워야 하는 이유를 보여주는 영화,2026-01-22,https://an2-img.amz.wtchn.net/image/v2/NQJL3QTTdYBDcL5mPD_ASg.jpg?jwt=ZXlKaGJHY2lPaUpJVXpJMU5pSjkuZXlKdmNIUnpJanBiSW1SZk5Ea3dlRGN3TUhFNE1DSmRMQ0p3SWpvaUwzWXhMM04yTW1OMVpUVnRkbm95ZG5abmFtdDFkWEJ2SW4wLm1UR1BsTG9nUjhqYTRZdWUtTVNXZUljdUVxbHNZYmpBZ2tPSlRmYkNzTDg=,https://an2-img.amz.wtchn.net/image/v2/P8MvDpIDMDPtRqNNB153IQ.webp?jwt=ZXlKaGJHY2lPaUpJVXpJMU5pSjkuZXlKdmNIUnpJanBiSW1SZk5EY3dlREkyTkhFNE1DSmRMQ0p3SWpvaUwzWXhMM0J5ZVcxMWEyZHZjSFoyWm04emNqVmtPR2xwSW4wLlB6cnpiQ3RtUDhwQTNGcGt1MG5NY3pscHdabzE4MkM4VHFmdWJZQVR1T1k=
더 립,,2026,범죄 / 미스터리 / 스릴러,,,버려진 은닉처에서 수백만 달러의 현금을 발견한 마이애미 경찰. 모든 정황과 인물이 의심의 대상이 되고 동료들의 신뢰는 서서히 무너져간다.,,,,조 카나한,맷 데이먼 / 벤 애플렉,3.0,스토리는 무난했어도 내가 본 벤 애플렉 중에 배역이 젤 잘 어울림,2026-01-21,https://an2-img.amz.wtchn.net/image/v2/ZM6d32f_sbS7URSCb3ZXOw.jpg?jwt=ZXlKaGJHY2lPaUpJVXpJMU5pSjkuZXlKdmNIUnpJanBiSW1SZk5Ea3dlRGN3TUhFNE1DSmRMQ0p3SWpvaUwzWXlMM04wYjNKbEwybHRZV2RsTHpFd09UTTFPVGN3TkRFNE1ESXpOVE13SW4wLkQxdUZDLWtQam11d1VsRnBnNUxxN1BfNG91bGlCcmZVcm43c3hsVGVxTjA=,https://an2-img.amz.wtchn.net/image/v2/StlYgegY8xrlrNLXqYcI1g.webp?jwt=ZXlKaGJHY2lPaUpJVXpJMU5pSjkuZXlKdmNIUnpJanBiSW1SZk5EY3dlREkyTkhFNE1DSmRMQ0p3SWpvaUwzWXlMM04wYjNKbEwybHRZV2RsTHpnNU9UYzNNRGsyTkRrME5UZ3lOU0o5LlhJaFo3X2toY2tFUk12cXB5T3Jkd003cF9jLUVpNllzWDBYQ3ZHR0x3SWM=
로마,,2018,드라마,,,"<로마>는 아카데미상을 받은 감독 겸 작가 알폰소 쿠아론(<그래비티>, <칠드런 오브 맨>, <이 투 마마>)의 어린 시절을 반영한 자전적 작품이다. 멕시코시티 내 로마 지역을 배경으로, 한 중산층 가족의 젊은 가정부인 클레오(얄리차 아파리시오)의 시선을 따라 이야기는 흘러간다. 감독 자신을 키워낸 여성들에 대한 깊은 애정을 담은 이 작품은 1970년대 멕시코의 정치적 격랑 속에서 주인공들이 겪는 가정 내 불화와 사회적인 억압을 생생히 재현한다.",,,,알폰소 쿠아론,얄리차 아파리시오 / 마리나 데 타비라,4.0,엄마들의 삶은 곧 영화다,2026-01-20,https://an2-img.amz.wtchn.net/image/v2/wfJNWHYAmthGgj8rBasx0w.jpg?jwt=ZXlKaGJHY2lPaUpJVXpJMU5pSjkuZXlKdmNIUnpJanBiSW1SZk5Ea3dlRGN3TUhFNE1DSmRMQ0p3SWpvaUwzWXhMMmhwYlhvMmVYQjZlR1UwT1hJNFozcHViR2x4SW4wLjMyS0NpTlRwbFMtcWVQaE1NUm1hRWk5cUt6Ykd3WHc0dHRfdjNYZ3p5Njg=,https://an2-img.amz.wtchn.net/image/v2/dDEgJa_EZG92Isa0FPzkdg.webp?jwt=ZXlKaGJHY2lPaUpJVXpJMU5pSjkuZXlKdmNIUnpJanBiSW1SZk5EY3dlREkyTkhFNE1DSmRMQ0p3SWpvaUwzWXhMMlJyYlRWNk9UQjFjbkYxWjJNd1pXUjBkMkptSW4wLlk5UDdwQW9yRW40UG0tVlRxZjVtTFZmS3RJbW5Lb3VUbF8zVGVTb1d3czA=
고질라 마이너스 원,,2023,액션 / 모험 / 드라마 / 공포 / SF,,,"전쟁은 끝났지만, 죄책감에 시달리는 조종사 시키시마의 싸움은 아직 끝나지 않았다. 과연 그는 스스로를 용서하고, 고질라의 분노로부터 일본을 구할 수 있을까?",,,,야마자키 타카시,카미키 류노스케 / 하마베 미나미,2.5,고질라 디자인 맛집. 하지만 전쟁에 대한 인식 관련해서 엥? 하게 만드는 포인트들이 자꾸 나옴,2026-01-19,https://an2-img.amz.wtchn.net/image/v2/1D-ocAl8hBSRKvBYqlis6Q.jpg?jwt=ZXlKaGJHY2lPaUpJVXpJMU5pSjkuZXlKdmNIUnpJanBiSW1SZk5Ea3dlRGN3TUhFNE1DSmRMQ0p3SWpvaUwzWXlMM04wYjNKbEwybHRZV2RsTHpFMk9EazNOVFkxTmpjNU5qZzVOVFEyTnpBaWZRLmNoemlHVVd4VFVRRFJ3OWM3UFBBTXVwb2hjMVh1T0VobzU5UmVHZFAwYUU=,https://an2-img.amz.wtchn.net/image/v2/1k7NE766anhiZa2YmdPu0Q.webp?jwt=ZXlKaGJHY2lPaUpJVXpJMU5pSjkuZXlKdmNIUnpJanBiSW1SZk5EY3dlREkyTkhFNE1DSmRMQ0p3SWpvaUwzWXlMM04wYjNKbEwybHRZV2RsTHpFMk9UY3dOek16TlRNeE5UZ3lOekk0TnpRaWZRLno2Wm5zXzhPNGx3LW9SYXQ5LUtaSHJkTTNDdlh5cGdrM044eWFNMEVaRkE=
미야자키 하야오: 자연의 영혼,,2024,다큐멘터리 / 전기,,,"<바람계곡의 나우시카>, <이웃집 토토로>, <모노노케 히메>, <센과 치히로의 행방불명>…

50년이 넘는 세월 동안 애니메이션의 마법으로 우리가 모르고 있는 세상, 놓치고 있는 자연과의 관계를 들려주고 있는 거장 미야자키 하야오.

지브리 스튜디오 설립 40주년을 맞이해
우리에게 던지는 거장의 진솔한 질문

그래서 어떻게 살고 싶으신가요?",,,,레오 파비에,,2.5,미야자키 하야오의 뚝심이 느껴지는 다큐지만 휘발성이 강하다 지브리 영화를 한편 더 보는게 나을듯,2026-01-19,https://an2-img.amz.wtchn.net/image/v2/BzLBMljP9zGNMuU35XBaeg.jpg?jwt=ZXlKaGJHY2lPaUpJVXpJMU5pSjkuZXlKdmNIUnpJanBiSW1SZk5Ea3dlRGN3TUhFNE1DSmRMQ0p3SWpvaUwzWXlMM04wYjNKbEwybHRZV2RsTHpJMk1qRTVOVEk1T0RrM016VXpNaUo5Lm0ybHBsQUhBblZwZTRUX2hxU1VRclp0d0NkSTF4X2stNVNaelFLTnVzM0E=,https://an2-img.amz.wtchn.net/image/v2/5fvjN7w2-PFEjQnJqVFteg.webp?jwt=ZXlKaGJHY2lPaUpJVXpJMU5pSjkuZXlKdmNIUnpJanBiSW1SZk5EY3dlREkyTkhFNE1DSmRMQ0p3SWpvaUwzWXlMM04wYjNKbEwybHRZV2RsTHpFeU5UZ3pOelUzTlRjeU1EUTFNQ0o5LmstNUlsVjJjSHZMT0FhYXRjU3JLazVkVlFUQzN4OXV6MHB1VFgtSmxLOWs=
비열한 거리,,2006,액션 / 범죄,,,"삼류조폭조직의 2인자 병두. 조직의 보스와 치고 올라오는 후배들 틈에서 제대로 된 기회한번 잡지 못하는 그는, 조직 내에서도 하는 일이라곤 떼인 돈 받아주기 정도인 별볼일 없는 인생이다. 병든 어머니와 두 동생까지 책임져야 하는 그에게 남은 것은 쓰러져가는 철거촌 집 한 채 뿐. 삶의 무게는 스물아홉 병두의 어깨를 무겁게 짓누른다.  어렵사리 따낸 오락실 경영권마저 보스를 대신에 감방에 들어가는 후배에게 뺏긴 병두는 다시 한번 절망에 빠지지만, 그런 그에게도 기회가 온다. 조직의 뒤를 봐주는 황회장이 은밀한 제안을 해온 것. 황회장은 미래를 보장할 테니 자신을 괴롭히는 부장검사를 처리해달라는 부탁을 한다. 병두, 고심 끝에 위험하지만 빠른 길을 선택하기로 한다.  황회장의 손을 잡음으로써 가족들의 생계를 걱정하지 않아도 되게 된 병두는 영화감독이 되어 자신을 자신을 찾아온 동창 민호와의 우정도, 첫사랑 현주와의 사랑도 키워나가며 이제야 인생을 사는 것 같다는 생각을 한다. 그렇게 새로운 삶에 대한 꿈을 키워나가던 어느 날, 병두는 동창 민호에게 그 누구에게도 털어놓지 못했던 속내를 털어놓게 되는데…",,,,유하,조인성 / 천호진 / 남궁민 / 이보영,2.5,아무리 조폭같이 행동하려해도 조폭같지 않은 사람이 있는 법,2026-01-19,https://an2-img.amz.wtchn.net/image/v2/BVHMXhB28H5-JOec6o5InQ.jpg?jwt=ZXlKaGJHY2lPaUpJVXpJMU5pSjkuZXlKdmNIUnpJanBiSW1SZk5Ea3dlRGN3TUhFNE1DSmRMQ0p3SWpvaUwzWXhMM1kyYnpkeWJXbzFaMmhpWldnNFptTnFjSHBxSW4wLjVpNTBGVWdXNFJjRThHSTkwSE9YZTgzUHRjQzduMEgybl9OczBUMVF3Sm8=,https://an2-img.amz.wtchn.net/image/v2/4C-V7Y1t5CCTmSH6oU_U5Q.webp?jwt=ZXlKaGJHY2lPaUpJVXpJMU5pSjkuZXlKdmNIUnpJanBiSW1SZk5EY3dlREkyTkhFNE1DSmRMQ0p3SWpvaUwzWXhMMlprZGpsdWNYZGxZM2x0YVd0MWRXUjJkV3Q0SW4wLkpzSHZXc2hYVUg4MG1ldVlJb21tcndHVTY2d0taeHlYWTRiZjFEeDFtWkE=
더 웨일,,2022,드라마,,,"“네가 얼마나 놀라운 사람인지 알려주고 싶었어”

272kg의 거구로 세상을 거부한 채 살아가는 대학 강사 ‘찰리’는 남은 시간이 얼마 없음을 느끼고 오랫동안 만나지 못한 10대 딸 ‘엘리’를 집으로 초대한다. 그리고, 매일 자신을 찾아와 에세이 한 편을 완성하면 전 재산을 주겠다고 제안한다.",,,,대런 애로노프스키,브렌든 프레이저,3.0,"충분히 슬픈 이야기이지만, 눈물이 안나오는 이유를 나도 모르겠다",2026-01-16,https://an2-img.amz.wtchn.net/image/v2/pavTO61xo6DUuklM1KNVSg.jpg?jwt=ZXlKaGJHY2lPaUpJVXpJMU5pSjkuZXlKdmNIUnpJanBiSW1SZk5Ea3dlRGN3TUhFNE1DSmRMQ0p3SWpvaUwzWXlMM04wYjNKbEwybHRZV2RsTHpFMk56a3lPVFl6TWpJMk5qRTBORGsyT0RJaWZRLnEwNVI3c2JjY3pFQlNMSWJJNXJuZk02Y24xS19xQmFXcFR0b2k2SWpPQk0=,https://an2-img.amz.wtchn.net/image/v2/zQ-TbqsDajQjDO0qo9fvDg.webp?jwt=ZXlKaGJHY2lPaUpJVXpJMU5pSjkuZXlKdmNIUnpJanBiSW1SZk5EY3dlREkyTkhFNE1DSmRMQ0p3SWpvaUwzWXlMM04wYjNKbEwybHRZV2RsTHpFMk56VXpNREkxTkRrNE1EVTFNemcwT1RRaWZRLlBSdlYxLXl2eG1rUWZ3N0hpUGpsbEFVRnV2VnNjODltVDBsWDJpbEpMbVE=
빽 투 더 퓨쳐 2,,1989,코미디 / 모험,,,"우여곡절 끝에 과거에서 현재로 무사히 돌아온 마티 맥플라이는 숨 고를 겨를도 없이 에메트 브라운 박사 손에 이끌려 미래로 향하는 드로리안에 또다시 몸을 싣는다. 이유인 즉슨, 미래의 마티 주니어가 대형 사고를 쳐 감옥에 간다는 것! 30년 뒤 미래인 2015년으로 출발한다!",,,,로버트 저메키스,마이클 J. 폭스 / 크리스토퍼 로이드,4.5,이게 수습이 되네,2026-01-16,https://an2-img.amz.wtchn.net/image/v2/qLljtJqS42uxvS2RNEnc_w.jpg?jwt=ZXlKaGJHY2lPaUpJVXpJMU5pSjkuZXlKdmNIUnpJanBiSW1SZk5Ea3dlRGN3TUhFNE1DSmRMQ0p3SWpvaUwzWXlMM04wYjNKbEwybHRZV2RsTHpFMk56QTFNRFE0TXpnd09EVTVNelk1TWpRaWZRLkRiOG5XWjJOWTI0YUcwSWtGcW9HREdxbk81aS1YMEN0ZnFsOUN1enVNSGs=,https://an2-img.amz.wtchn.net/image/v2/aajrm-vNJ2b_6ox-bufolA.webp?jwt=ZXlKaGJHY2lPaUpJVXpJMU5pSjkuZXlKdmNIUnpJanBiSW1SZk5EY3dlREkyTkhFNE1DSmRMQ0p3SWpvaUwzWXhMMjE2TTNwMGVDMHhOakl3TkNKOS5QbXRBcVotOEVXeDdYZG84OHhxY1MwWFBXQmFFQ3hwU2F4OVFrVHZEbWFB
빽 투 더 퓨쳐,,1985,모험 / 코미디 / SF,,,"2015년 10월 21일!
과거, 현재, 미래를 가로지른 그들이 온다!

마티 맥플라이는 스케이트보드를 즐겨 타는 평범한 고교생이다. 평소 마티와 친하게 지내던 괴짜 발명가 에메트 브라운 박사는 드로리안 자동차를 개조해 타임머신을 만드는 데 성공하지만 테러범들의 습격으로 사망하고 만다. 테러범들을 피해 타임머신을 타고 도망치던 마티는 과거로 가게 되는데...",,,,로버트 저메키스,마이클 J. 폭스 / 크리스토퍼 로이드 / 리 톰슨 / 크리스핀 글로버 / 토머스 F. 윌슨,5.0,군더더기 없이 맛있다,2026-01-16,https://an2-img.amz.wtchn.net/image/v2/dU6C0CVK_XZWWOLrBS75eQ.jpg?jwt=ZXlKaGJHY2lPaUpJVXpJMU5pSjkuZXlKdmNIUnpJanBiSW1SZk5Ea3dlRGN3TUhFNE1DSmRMQ0p3SWpvaUwzWXlMM04wYjNKbEwybHRZV2RsTHpFMk56QTFNRFE0TURneE5EazNORGMyTnpVaWZRLkJBTWwxTWxFQWZaSjVDNDdSQ3l5RDlGQWhmSHNYZm5FYzFXRnhLQm0xQWs=,https://an2-img.amz.wtchn.net/image/v2/7sz5Bb4EnuKUBHfeaJMTSA.webp?jwt=ZXlKaGJHY2lPaUpJVXpJMU5pSjkuZXlKdmNIUnpJanBiSW1SZk5EY3dlREkyTkhFNE1DSmRMQ0p3SWpvaUwzWXhMMjEwZHpJMVpDMHhPVEF5TmlKOS5xMzdjbEE4T29DdW44eEV0am83VC1VSXV2QVBabkl5TzY5SWZuc0VGWEhN
정직한 친구들,,2021,코미디 / 단편,,,"학교 연극 워크샵공연을 3일 앞두고 학생들은 연습실에 모여있다. 그렇게 화기애애한 분위기 속에서 연습에 들어가기전 모두 모여 화이팅을 하고 시작하기로 한다. 하지만 그순간 은하가 자신의 지갑이 사라졌다고 소리친다. 그렇게 모두들 은하를 안심시키지만 은하는 모두에게 지금 당장 소지품을 모두 가져오라고 말한다. 그 순간 서로에게 좋은선배,후배,동료였던 7명의 사람들은 서로가 서로의 훔친 물건들을 급하게 숨긴다. 하지만 이내 숨긴 물건들이 서로에 의해 발견되고 그렇게 물고 물리는 정직한 관계가 들어난다.",,,,이승환,이승환 / 김익현,2.0,다들 눈이 왜케 충혈되어있나요,2026-01-14,https://an2-img.amz.wtchn.net/image/v2/-YBIo2UgsFTPcGUcA5igcA.jpg?jwt=ZXlKaGJHY2lPaUpJVXpJMU5pSjkuZXlKdmNIUnpJanBiSW1SZk5Ea3dlRGN3TUhFNE1DSmRMQ0p3SWpvaUwzWXlMM04wYjNKbEwybHRZV2RsTHpRek9EQXhOall3TkRNek1ERXlNU0o5LjRsaWZLYl9pS0Rody1UOVhJU3JoTnZXRzBqRzNEb1VUdGh6NnhZSGtrSUU=,https://an2-img.amz.wtchn.net/image/v2/m6NtiBvXD54Tf1iHafYkAg.webp?jwt=ZXlKaGJHY2lPaUpJVXpJMU5pSjkuZXlKdmNIUnpJanBiSW1SZk5EY3dlREkyTkhFNE1DSmRMQ0p3SWpvaUwzWXlMM04wYjNKbEwybHRZV2RsTHpNMU16TTVORGN4T0RFd05UVTBJbjAuaWtYdGlzRnM2clFHYk45Ui1kSjBLcWdWbGdvbXR1RXctSkg2U1hqTWNfOA==
자매의 등산,,2025,드라마 / 단편,,,"은지와 미정은 자매 사이다. 어느 날, 돌연 파혼을 선언한 뒤 자취를 감췄던 언니의 예비 신랑이 스님이 되었다는 소식을 듣게 된다. 자매는 그를 찾기 위해 산을 오른다. [제21회 미쟝센단편영화제]",,,,김수현,심해인 / 강진아,3.0,"뻔하다면 뻔할 수 있지만 억지스럽지 않은, 그래서 좋은",2026-01-14,https://an2-img.amz.wtchn.net/image/v2/9S6qnD77PUwobMAYDxFIUQ.jpg?jwt=ZXlKaGJHY2lPaUpJVXpJMU5pSjkuZXlKdmNIUnpJanBiSW1SZk5Ea3dlRGN3TUhFNE1DSmRMQ0p3SWpvaUwzWXlMM04wYjNKbEwybHRZV2RsTHpFMU5UZzVPVFkxT0RVM01UTXhNREFpZlEuSFBzaTE1VmNaQUU1bThJSjF4TlRBNUpNSFAwVWdoZGdtMk5qSjB3ZExGYw==,https://an2-img.amz.wtchn.net/image/v2/UXy9QlcmDrexbhAKUKb2hg.webp?jwt=ZXlKaGJHY2lPaUpJVXpJMU5pSjkuZXlKdmNIUnpJanBiSW1SZk5EY3dlREkyTkhFNE1DSmRMQ0p3SWpvaUwzWXlMM04wYjNKbEwybHRZV2RsTHprMU5UYzJNakkwTXpVeE1Ea3pPREFpZlEuT1RiZ0tiMU5Hel9wTjJySTdXV1BTU3I0UUFxcmVWZVB1T19WR01QcEcwVQ==
미미공주와 남근킹,,2025,코미디 / 단편,,,"온라인 자살 카페에서 만난 미미공주(창수)와 남근킹(나희). 둘은 함께 죽기로 결정한다. 하지만 고통 없이 죽고싶어 했던 두 사람의 계획은, 전혀 생각지도 못한 방향으로 흘러가기 시작한다. [제29회 부천국제판타스틱영화제]",,,,이재원,정창환 / 이화원 / 범도하 / 설준수,3.0,제목과 플롯이 심상치 않다목과 플롯이 심상치 않다,2026-01-14,https://an2-img.amz.wtchn.net/image/v2/RF_w8I8Kpu2dQD-asdoe2A.jpg?jwt=ZXlKaGJHY2lPaUpJVXpJMU5pSjkuZXlKdmNIUnpJanBiSW1SZk5Ea3dlRGN3TUhFNE1DSmRMQ0p3SWpvaUwzWXlMM04wYjNKbEwybHRZV2RsTHpFMU1ETXdNVFF3TlRRM09EZ3dOQ0o5Lmo0eTBCb184OUQ2QTcwRjFMM21ZTWhDb0ZBdjFRd0hCbDFiV1RMeDBkems=,https://an2-img.amz.wtchn.net/image/v2/9xoZGq29g1FTMbIaa-xaGQ.webp?jwt=ZXlKaGJHY2lPaUpJVXpJMU5pSjkuZXlKdmNIUnpJanBiSW1SZk5EY3dlREkyTkhFNE1DSmRMQ0p3SWpvaUwzWXlMM04wYjNKbEwybHRZV2RsTHpnd01qSXlOak16TWpReU5qQXlNamNpZlEuOGYwcVJDRXNuNHFyM3lzMjY2OGRqNkhvNThUUUZ6c2FvU0FJWkp3X2ZScw==
미키 17,,2025,모험 / 드라마 / SF,,,"위험한 일에 투입되는 소모품(익스펜더블)으로, 죽으면 다시 프린트되는 ‘미키’가 17번째 죽음의 위기를 겪던 중, 그가 죽은 줄 알고 ‘미키 18’이 프린트되면서 벌어지는 예측불허의 이야기를 그리는 영화",,,,봉준호,로버트 패틴슨 / 나오미 애키 / 스티븐 연 / 토니 콜렛 / 마크 러팔로,3.0,기생충 이후 기대치가 너무 높아진 듯. 그래도 헐크 아저씨의 비호감 연기가 일품이었다 (개패고싶었음),2026-01-13,https://an2-img.amz.wtchn.net/image/v2/KxCGly6q_Q627xLhP3FcKA.jpg?jwt=ZXlKaGJHY2lPaUpJVXpJMU5pSjkuZXlKdmNIUnpJanBiSW1SZk5Ea3dlRGN3TUhFNE1DSmRMQ0p3SWpvaUwzWXlMM04wYjNKbEwybHRZV2RsTHpFMU5qTTBOamd3TlRVM01qUXdOU0o5LnNScktYaFJGQUFtWnVPTXhCRUdma1U1YTdzOHYwLS1qU1A1QmJ4eTBSM00=,https://an2-img.amz.wtchn.net/image/v2/FzBoqjsap-ty2tA995AwwA.webp?jwt=ZXlKaGJHY2lPaUpJVXpJMU5pSjkuZXlKdmNIUnpJanBiSW1SZk5EY3dlREkyTkhFNE1DSmRMQ0p3SWpvaUwzWXlMM04wYjNKbEwybHRZV2RsTHpJd05ETTJNVEUxTnpNeU1qUXlNemswSW4wLlhWTlhELTRoUk9UNWhmV0Q1RjhVVnEwUW4wcUZCMkc2UGRHbHNSU3NoZFE=
타오르는 여인의 초상,,2019,드라마 / 로맨스,,,"[2026 문화다양성 주간 / 싱어송라이터 단편선]
18세기 프랑스 브르타뉴의 외딴 섬을 배경으로 한, 원치 않는 결혼을 앞둔 여인과 그의 초상화를 그려야하는 여성 화가 사이에서의 이야기입니다. 이 영화가 집요하게 파고드는 건 '바라본다'는 행위 그 자체입니다. 여성들이 ‘대상’이 아닌 ‘주체’로서 서로를 바라보기 시작하면서 영화는 아득한 아름다움 속으로 향합니다. 조용하지만 가장 급진적인 영화 중 한 편입니다.



“후회하지 말고 기억해”

초상화를 그리는 화가 마리안느(노에미 멜랑)는 원치 않는 결혼을 앞둔 귀족 아가씨 엘로이즈(아델 에넬)의 결혼 초상화 의뢰를 받는다. 엘로이즈 모르게 그림을 완성해야 하는 마리안느는 비밀스럽게 그녀를 관찰하며 알 수 없는 묘한 감정의 기류에 휩싸이게 된다. 

잊을 수 없는, 잊혀지지 않을 
사랑의 기억을 마주하게 할 걸작을 만난다",,,,셀린 시아마,노에미 멜랑 / 아델 에넬,4.5,"뒤돌아보는 순간 사랑은 끝났지만, 기억은 영원히 타오른다.
오르페우스와 에우리디케처럼.",2026-01-12,https://an2-img.amz.wtchn.net/image/v2/gUmJAiubg51yax_FDLNxNQ.jpg?jwt=ZXlKaGJHY2lPaUpJVXpJMU5pSjkuZXlKdmNIUnpJanBiSW1SZk5Ea3dlRGN3TUhFNE1DSmRMQ0p3SWpvaUwzWXhMMjF3ZGpNeFkzRmtObk4wYm5nMGFuQjVhSE5qSW4wLkNxWG5pQ3MzOUN3STZjcHYzVFJXWlhZczZvNFJsYnNFUDVXRlNrdU9INlU=,https://an2-img.amz.wtchn.net/image/v2/7WtWVBl-wfVVYiQw6ezSHA.webp?jwt=ZXlKaGJHY2lPaUpJVXpJMU5pSjkuZXlKdmNIUnpJanBiSW1SZk5EY3dlREkyTkhFNE1DSmRMQ0p3SWpvaUwzWXhMMlExZFdZemJYUnNNSGhtYkRVMGRubzJZM2Q0SW4wLjVRdWk5V3J1Yk5aQ0VHNS1tQ2RSX1Aza1J1V2ZZMUhqM0pnRU5IaDlwU0U=
꿈팔이 부부 사기단,,2012,드라마 / 범죄 / 로맨스,,,"작은 주점을 운영하며 소박하기 살던 칸야와 사토코 부부. 이들은 어느 날 화재로 인해 모든 것을 잃게 된다. 주점을 되찾기 위해 부부는 결국 외로운 여성들을 공략한 사기 결혼을 감행한다. 결혼을 꿈꾸는 여성부터 성매매 여성, 외로운 역도 선수, 싱글맘까지 칸야의 달콤한 유혹에 걸려든다. 처음엔 순조로워 보였던 그들의 거짓말은 두 사람의 관계마저 삐걱거리게 만드는데... <유레루>의 감독 니시카와 미와가 현대 도시를 살아가는 이들에게 선사하는 블랙 코미디. (2013년 제15회 서울국제여성영화제)",,,,니시카와 미와,마츠 다카코 / 아베 사다오 / 다나카 레나,3.0,볼수록 불쾌하다 손바닥으로 하늘을 가려라,2026-01-12,https://an2-img.amz.wtchn.net/image/v2/eF4c6cF0P-O7VGl2SJm6aw.jpg?jwt=ZXlKaGJHY2lPaUpJVXpJMU5pSjkuZXlKdmNIUnpJanBiSW1SZk5Ea3dlRGN3TUhFNE1DSmRMQ0p3SWpvaUwzWXhMMlpzZDNOd2RtWnBhM1p3WlRCa2RtTnpkM0ZtSW4wLnlNckE2YzdPUkNyZ0h3dTgyaWNDSW1kLTlRRC1yUXRBbVJsUldkczlBNDA=,https://an2-img.amz.wtchn.net/image/v2/mjruPzLlRY2Rb_khKCyOuA.webp?jwt=ZXlKaGJHY2lPaUpJVXpJMU5pSjkuZXlKdmNIUnpJanBiSW1SZk5EY3dlREkyTkhFNE1DSmRMQ0p3SWpvaUwzWXhMMnR3YmpoMGNqaHBiSGxoZG5oMmJtVnBablZzSW4wLnpGRVNYMm95a1B0QURwbVhMQTl6UjR6M1FnRlNGN0RjNVVhVUhDdWxtVDA=
아이 엠 어 히어로,,2015,액션 / 스릴러,,,"“인간을 물어뜯어라!” 일본 전역을 뒤덮은 정체불명의 바이러스 ‘ZQN’. 도심 곳곳은 사람을 물어뜯는 감염자들로 인해 대혼란이 이어지고, 우연히 살아남은 ‘히데오’와 몸의 반만 감염된 ‘히로미’는 감염자들을 피해 가까스로 생존자들의 안식처에 다다르게 된다. 하지만, 그 곳에서 예상치 못한 거대한 위협을 만나게 되는데…",,,,사토 신스케,오오이즈미 요 / 나가사와 마사미 / 아리무라 카스미,3.0,면접에서만 강한 신입사원 히로미짱,2026-01-10,https://an2-img.amz.wtchn.net/image/v2/alixCCuJEUlVQjQ21RXyeA.jpg?jwt=ZXlKaGJHY2lPaUpJVXpJMU5pSjkuZXlKdmNIUnpJanBiSW1SZk5Ea3dlRGN3TUhFNE1DSmRMQ0p3SWpvaUwzWXhMMk4wYVROaFptTnViV1J3YzJOaVlXaHlOM2swSW4wLnFiMWViTVBPeWR2ZXZMaUpLSGxubnRkemRiM21rcGFfeTFZcE1kRXVDX2s=,https://an2-img.amz.wtchn.net/image/v2/SJ0-XzuZdVXWZy4rX5Fopw.webp?jwt=ZXlKaGJHY2lPaUpJVXpJMU5pSjkuZXlKdmNIUnpJanBiSW1SZk5EY3dlREkyTkhFNE1DSmRMQ0p3SWpvaUwzWXhMMmxxTkhkbWVHNWpaV1p0ZVhsbGFuVTFkRFJ0SW4wLnY4R0I4Z0MwOHJPdEVrWl9EeVVOSC10d0xmdGktTUdkaUlOUnhUVUV5Njg=
기차의 꿈,,2025,드라마,,,"20세기 초 철도를 건설하는 일용직 노동자 로버트 그레이니어, 깊은 사랑과 충격적인 좌절 그리고 눈 앞에서 돌이킬 수 없이 변해가는 세상을 경험한다.",,,,클린트 벤틀리,조엘 에저튼,5.0,"상실 이후에도 삶은 계속된다. 겪어보니 정말 그렇다.
아픔은 멀어졌다가 다시 돌아오기를 반복하고, 그 사이에서 우리는 살아남은 이유를 묻는다.
이 영화는 그 질문에 서두르지 않아도 된다고 조용히 말하는 것 같다.",2026-01-09,https://an2-img.amz.wtchn.net/image/v2/ZagPobyI3xHzUO64cHQKZg.jpg?jwt=ZXlKaGJHY2lPaUpJVXpJMU5pSjkuZXlKdmNIUnpJanBiSW1SZk5Ea3dlRGN3TUhFNE1DSmRMQ0p3SWpvaUwzWXlMM04wYjNKbEwybHRZV2RsTHpZek1qVXpNalUzT0RZMU5qSXpNU0o5LmV4VWFLRHhaMmFWQS1YR0ZBdVdUbkVpWW9YZ1JsTFJabkZicndVZVJMOU0=,https://an2-img.amz.wtchn.net/image/v2/tbe064xpAO9trirZYs_j-A.webp?jwt=ZXlKaGJHY2lPaUpJVXpJMU5pSjkuZXlKdmNIUnpJanBiSW1SZk5EY3dlREkyTkhFNE1DSmRMQ0p3SWpvaUwzWXlMM04wYjNKbEwybHRZV2RsTHpFeE5EQXpNRGcwTnpVeU5qazNNaUo5LmxaTTFQY2tVY090NURIRHk2UzV1V2lFbkFRQU9ablRmenV2UjU0YTJxazQ=
황야의 7인,,1960,드라마 / 서부극 / 모험 / 액션,,,미국과 멕시코의 국경 지대에 있는 가난한 마을에 매년 칼베라(Calvera: 엘리 월라치 분)란 도적떼가 나타나 수확한 양식을 빼앗아 가자 마침내 마을 사람들은 도적떼와 싸우기로 결심하고 총잡이를 구하러 도시로 온다. 대가도 너무 싸고 싸움에 승산이 없다는 걸 알면서도 그들을 딱하게 여긴 크리스(Chris Adams: 율 브리너 분)라는 총잡이가 다섯 명의 일류 총잡이들을 설득한다. 드디어 여섯 명의 총잡이가 마을로 향해가고 있는데 젊은 청년 치코가 그들을 쫓아오며 자신도 끼워달라고 떼를 쓴다. 결국 그의 끈질김에 감탄하여 그들은 치코를 끼워주기로 한다.  마을에 도착한 7인의 총잡이들은 마을 사람들에게 총 쏘는 법을 훈련시키고 함정을 만들며 칼베라와 싸울 준비 태세를 갖춘다. 처음엔 총잡이들이 무서워 피하기만 하던 마을 사람들도 그들을 믿고 따르게 된다. 드디어 칼베라 일당이 후퇴를 한다. 그러나 칼베라가 완전히 도망간 게 아니고 끝까지 싸울 계획임을 알게 되자 마을 사람들은 지금이라도 항복하자는 패와 끝까지 싸우자는 패로 나뉜다.  결국 항복을 주장하던 마을 사람 하나가 칼베라를 마을에 몰래 끌어들여 7인의 총잡이들을 잡게 한다. 목숨만 구한 채 마을에서 쫓겨난 그들은 죽을 걸 알면서도 마을로 되돌아가 싸우기로 한다. 목숨을 걸고 싸우고 있는 그들의 모습에 마을 사람들도 두려움을 떨치고 합세하여 칼베라 일당을 모조리 죽인다. 그러나 7인의 총잡이 중 셋만이 살아남는다. 그 중 치코는 사랑하는 마을 처녀 옆에 남기로 하고 두 명만이 마을을 떠나 다시 황야로 향한다.,,,,존 스터지스,율 브린너 / 엘리 웰라치 / 스티브 맥퀸 / 호스트 부흐홀즈,4.0,깔끔한 리메이크. 매그니피센트 7을 먼저 보고와서 그런지 마음이 더 편안함,2026-01-08,https://an2-img.amz.wtchn.net/image/v2/U29AdOka8IwQ30-dubcMXw.jpg?jwt=ZXlKaGJHY2lPaUpJVXpJMU5pSjkuZXlKdmNIUnpJanBiSW1SZk5Ea3dlRGN3TUhFNE1DSmRMQ0p3SWpvaUwzWXhMMnB6YUc1aGJqWjNZM1p1ZG1JMGVtaHBhVFowSW4wLjBJVFBQd216SkJrTUdCQV9fYkZPWk1wNW1CWF81S0Zjb0lCbko2VGZGT2c=,https://an2-img.amz.wtchn.net/image/v2/x2Xn58mfCP-L0lZQVnpptg.webp?jwt=ZXlKaGJHY2lPaUpJVXpJMU5pSjkuZXlKdmNIUnpJanBiSW1SZk5EY3dlREkyTkhFNE1DSmRMQ0p3SWpvaUwzWXhMMlkwWTJoc01EWmliSFowYUdoNFlXSnlOM1Y1SW4wLjIwUG5vMHlueGRXWTNoTkRZQzd2bFJXQWpuTEVaX3RmMmFaQ193Y2duNHM=
얼굴,,2025,미스터리 / 스릴러,,,"“이 분이 저희 어머니라고요?”

태어나서 아무것도 볼 수 없었던 시각장애인임에도 불구하고 세상에서 가장 아름다운 도장을 만드는 장인으로 거듭난 ‘임영규’와 그의 아들 ‘임동환’에게 경찰에게서 한 통의 전화가 걸려온다. 40년 전 실종된 아내이자 어머니 ‘정영희’의 백골 사체가 발견되었다는 것. 얼굴조차 몰랐던 어머니가 살해됐을 가능성도 있다는 이야기를 듣게 된 ‘임동환’은 아버지 ‘임영규’의 다큐멘터리를 촬영하던 PD ‘김수진’과 함께 어머니의 죽음을 추적하게 된다. 그리고 그 과정에서 만난, 40년 전 어머니와 함께 청계천 의류 공장에서 일했던 이들의 기억을 통해 가려진 진실을 마주하게 되는데……",,,,연상호,박정민 / 권해효,3.0,"두 눈으로 확인하기 전까지 ‘도대체 어느 정도길래’라는 의심을 거두지 못했던 내 모습마저, 이 영화의 일부처럼 느껴진다.",2026-01-07,https://an2-img.amz.wtchn.net/image/v2/dtjN_pTx10RXpEDqhFPx0A.jpg?jwt=ZXlKaGJHY2lPaUpJVXpJMU5pSjkuZXlKdmNIUnpJanBiSW1SZk5Ea3dlRGN3TUhFNE1DSmRMQ0p3SWpvaUwzWXlMM04wYjNKbEwybHRZV2RsTHprNE16TXdPRFV3TnpFeE5URXlOaUo5LnN3aXhMUkUtaEJncXZnQXY1VEFRY3RGN05yeVczZm1YVGhzR2hrWXdyLVE=,https://an2-img.amz.wtchn.net/image/v2/HSNy8F-dPL6SIN1HJe7gbA.webp?jwt=ZXlKaGJHY2lPaUpJVXpJMU5pSjkuZXlKdmNIUnpJanBiSW1SZk5EY3dlREkyTkhFNE1DSmRMQ0p3SWpvaUwzWXlMM04wYjNKbEwybHRZV2RsTHpFd05UYzNOekF4TVRZek1EWTBNRGs1SW4wLjJUOXhDNEJfZGJmNk5OLW9FYVhUYWVERzBwZ3BFMG51ZlIwRXZtdFlmZTA=
다케시즈,,2005,코미디 / 판타지,,,"연예계의 대스타 비트 다케시의 일상은 바쁘고 화려하다. 안팎에서 절대적인 권력을 행사하는 그를 두고 사람들은 '괴물'이라 부르며 무서워하지만, 아름다운 정부와 충성스런 매니저를 곁에 둔 그의 인생은 부족할 것 하나 없어 보인다.
  한편, 그와 똑같이 생긴 금발의 기타노는 별볼일 없는 배우로서 수도 없이 오디션에 떨어지며, 편의점 직원으로 겨우 생계를 연명하고 있다. 사건은 우연히 기타노와 비트 다케시가 만나면서 발생한다. 오디션 탈락이 줄 잇는 가운데, 기타노는 점점 비트 다케시가 연기하는 영화세계에 휘말려 가는데.... 환상과 현실의 경계선이 모호한 비트 다케시의 영화 세계에서 기타노가 맞이하는 충격적 결말이란?",,,,기타노 다케시,기타노 다케시,2.0,다케시의 꿈을 엿본 기록 같다. 남의 꿈만큼 난해한 것도 드물다.,2026-01-07,https://an2-img.amz.wtchn.net/image/v2/e7Rizx8SHkcDNvNzt9Xtcw.jpg?jwt=ZXlKaGJHY2lPaUpJVXpJMU5pSjkuZXlKdmNIUnpJanBiSW1SZk5Ea3dlRGN3TUhFNE1DSmRMQ0p3SWpvaUwzWXhMMmwxZW5kdmJUQjVkbTVvWkhaamFuZGhjM0ZzSW4wLnVXcVptbVByNTNua1ZnYkdsQ21Bck5mQ1ZueXAyb3VXcTQzLVViM3BJbWM=,
쥬라기 월드: 새로운 시작,,2025,모험 / 액션 / SF / 스릴러,,,"“가장 위험한 놈들만 여기 남겨진 거야“

지구 최상위 포식자가 된 공룡들이 인간 세상으로 나온 5년 후, 인간과 공룡의 위태로운 공존이 이어지는 가운데 인류를 구할 신약 개발을 위해 육지, 하늘, 바다를 지배하는 가장 거대한 공룡들의 DNA가 필요하게 된다.

불가능한 미션 수행을 위해 ‘조라 베넷‘(스칼렛 요한슨)과 ‘헨리 박사’(조나단 베일리) 그리고 ‘던컨’(마허샬라 알리)은 공룡들을 추적하며 지구상에서 가장 위험한 섬에 도착하고 폐쇄된 쥬라기 공원의 연구소가 감추어 온 충격적인 진실을 마주하게 되는데...

새로운 캐스트, 새로운 미션, 새로운 공룡, 지상 최대 블록버스터의 새로운 시작!",,,,가렛 에드워즈,스칼렛 요한슨 / 마허샬라 알리 / 조나단 배일리,2.0,육해공 삼총사의 혈청을 구한다는 설정은 꽤 즐거웠다. 공룡이 버려진 섬을 요트로 지나가는 한 가족(애엄마가 허락했다고?)을 만나기 전까지.,2026-01-05,https://an2-img.amz.wtchn.net/image/v2/9xn0smo8gmneRLjGV_4I0g.jpg?jwt=ZXlKaGJHY2lPaUpJVXpJMU5pSjkuZXlKdmNIUnpJanBiSW1SZk5Ea3dlRGN3TUhFNE1DSmRMQ0p3SWpvaUwzWXlMM04wYjNKbEwybHRZV2RsTHpjME9UTTVNVEV4T0RVNE5UazJOeUo5LkxNeFkxZm0xdEh6UVZMTWlSSjJnQV90Z01YR3ZwMGEyaFZvS0RWZ2xaVlE=,
퍼펙트 블루,,1998,애니메이션 / 스릴러 / 미스터리 / 공포,,,"한때 전 국민의 사랑을 받던 아이돌 그룹 ‘챰’의 미마, 빛나는 무대를 뒤로하고 배우라는 낯선 세계로 새로운 도전을 한다.

대사 한 마디뿐인 작은 배역에도 최선을 다하지만, ‘배신자’라는 냉혹한 메시지들, 폭탄이 든 협박 편지.. 그녀를 집요하게 괴롭힌다. 드라마 ‘더블 바인드’에서 점차 중요한 역할을 맡으며 새로운 삶을 열어가는 미마. 그러나 마음속 깊은 곳, 알 수 없는 불안과 혼란이 서서히 스며든다. 그리고, 불길하게 나타난 과거의 ‘아이돌 미마’. 주변에서 벌어지는 의문의 살인과 점점 무너져 가는 정체성 사이에서 현실과 환상이 뒤엉키며 미마는 깊은 미로 속으로 빠져드는데…

진짜 ‘미마’는 누구인가?
과연 그녀는 자신을 지킬 수 있을까?",,,,콘 사토시,이와오 준코 / 마츠모토 리카 / 츠지 신파치 / 오쿠라 마사아키,4.0,정신이 분열되는 감각을 관객에게 직접 체험시키듯 시각화한다,2026-01-05,https://an2-img.amz.wtchn.net/image/v2/wZVfnJLRauu4QSDXwyl2RQ.jpg?jwt=ZXlKaGJHY2lPaUpJVXpJMU5pSjkuZXlKdmNIUnpJanBiSW1SZk5Ea3dlRGN3TUhFNE1DSmRMQ0p3SWpvaUwzWXlMM04wYjNKbEwybHRZV2RsTHpZNE1USTVOemcwTkRZME1EZ3pPU0o5LkRoN3NLc0pnY0h5UmFHSUEzeVduVHhRb3VvSlpOWGJhU0RIcXhJb0RlWG8=,
다우트,,2008,드라마 / 미스터리,,,"영화는 1964년 브롱크스의 성 니콜라스 교구 학교를 배경으로 펼쳐진다. 활기에 가득한 플린 신부(필립 세이무어 호프만 분)는 철의 여인이며, 공포와 징벌의 힘을 굳건히 믿고 있는 교장 수녀, 알로이시스(메릴 스트립 분)에 의해 한치의 빈틈도 없이 이어지던 학교의 엄격한 관습을 바꾸려고 한다.  당시 지역 사회에 급격히 퍼지던 정치적 변화의 바람과 함께 학교도 첫 흑인 학생인 도널드 밀러의 입학을 허가한다. 하지만, 희망에 부푼 순진무구한 제임스 수녀(에이미 아담스 분)는 플린 신부가 도널드 밀러에게 지나치게 개인적인 호의를 베푼다며, 죄를 저지른 것 같다는 의심스러운 언급을 하기에 이른다.  이때부터 알로이시스 수녀는 숨겨진 진실을 폭로하고 플린 신부를 학교에서 쫓아 내려는 계획을 세운다. 자신의 도덕적 확신 이외에 단 하나의 증거 하나 없이, 알로이시스 수녀는 교회를 와해시키고 학교를 곤란에 빠트릴 결과를 가져올지 모르는 플린 신부와의 은밀한 전쟁을 시작한다.",,,,존 패트릭 셰인리,메릴 스트립 / 필립 세이모어 호프만,4.5,"의심은 자신과 타인을 동시에 겨누고, 그 사이에서 진실은 흐려진다",2026-01-05,https://an2-img.amz.wtchn.net/image/v2/kq21vBmPqp0D9Tp4qY8jxQ.jpg?jwt=ZXlKaGJHY2lPaUpJVXpJMU5pSjkuZXlKdmNIUnpJanBiSW1SZk5Ea3dlRGN3TUhFNE1DSmRMQ0p3SWpvaUwzWXhMM041TTJ4aVluSjZNREU1Y1hvd09HNTJhR0UzSW4wLi1PWUhWOENYakI1LWhrb29uUVNOZWhYbmxCdldBS1l0QVFoaTE0dkMzYWc=,
"조제, 호랑이 그리고 물고기들",,2003,로맨스 / 드라마,,,"츠네오는 심야의 마작 게임방에서 아르바이트를 하는 대학생. 최근 그곳의 가장 큰 화제는 밤마다 유모차를 끌고 산책하는 할머니의 이야기다. 그 안에는 큰돈이나 마약이 들어있을 거라고 수근대는 손님들. 그러던 어느 날 새벽 츠네오는 언덕길을 달려 내려오는 유모차와 마주치는데, 놀랍게도 그 안에는 한 소녀가 있었다. 그것이 츠네오와 조제의 첫만남. 할머니는 다리가 불편해 걷지 못하는 손녀를 유모차로 산책시키고 있었던 것. 그녀의 이름 조제는 프랑소와즈 사강의 소설에서 따온 이름이다. 츠네오는 음식솜씨가 좋고 방 안 구석에서 주워온 책들을 읽는 것이 유일한 행복인 조제와 친구가 된다. 그런데 예쁜 여자친구도 있지만 웬일인지 자꾸 이 별나고 특별해 보이는 조제에게 끌리는 츠네오. 그렇게 두 사람은 조금씩 조금씩 서로에게 가까워지며 사랑을 시작하는데...",,,,이누도 잇신,츠마부키 사토시 / 이케와키 치즈루 / 우에노 주리,4.0,"누군가의 삶을 끝까지 책임지지 못했다고 해서, 그가 남긴 모든 시간을 부정해야 할까
끝내 함께하지는 못했더라도, 심연에서 수면 위를 보여준 이를.",2026-01-05,https://an2-img.amz.wtchn.net/image/v2/IGsPXsqImuXTDvsDDn2l2A.jpg?jwt=ZXlKaGJHY2lPaUpJVXpJMU5pSjkuZXlKdmNIUnpJanBiSW1SZk5Ea3dlRGN3TUhFNE1DSmRMQ0p3SWpvaUwzWXhMM0oxTnpSM1ltNTNibXR1Tlc4MmFuVjVZelZuSW4wLm1HemUtUXllUmVxalNYd1RRMVFQOGZWdWRIYlRIRXY2TWtUU3hNYlM5WDA=,
태양은 가득히,,1960,드라마 / 범죄 / 스릴러,,,톰 리플리는 고등학교 동창이자 방탕한 부잣집 외아들 필립의 아버지로부터 로마에서 빈둥대는 필립을 데려오면 5천 달러를 받기로 한다. 학창시절부터 필립에게 무시를 받아온 톰은 필립을 만나 그의 돈과 지위에 꿈 참고 하인 노릇을 하면서 필립을 따라다니는데...,,,,르네 클레망,알랭 드롱 / 마리 라포레 / 모리스 로네,4.0,멧데이먼이 얼마나 부담스러웠을지 상상도 안됨,2026-01-01,https://an2-img.amz.wtchn.net/image/v2/ZSW2XE7nQZO3jK1GR3plWA.jpg?jwt=ZXlKaGJHY2lPaUpJVXpJMU5pSjkuZXlKdmNIUnpJanBiSW1SZk5Ea3dlRGN3TUhFNE1DSmRMQ0p3SWpvaUwzWXhMMlZoYm1kc016UjJZbmhxYkhoNmFYcHRZWGczSW4wLmtJQkxSeGpqLVVIaWtFR1BUTzVQa21sc2MtTDdrdVowWDdBT2xYT2VpWWs=,
우아한 세계,,2007,범죄 / 액션 / 코미디 / 드라마,,,"'과장', '부장'이라는 직급 대신, '형님'소리를 듣는 남다른 직업을 가졌지만, 가족 사랑만은 남다르지 않은 대한민국 가장 '강인구'(송강호). 오늘도 그는 공기 좋은 전원주택에서 가족들과 우아하게 살고 싶은 소망을 이루기 위해 조직 일도 열심, 아빠 역할도 소홀히 할 수 없다. 그러나 하루가 멀다 하고 조직 일을 그만두라는 가족들의 냉대와 조직의 2인자 노상무와의 껄끄러운 관계는 그의 인생을 전혀 우아하지 못한 곳으로 끌어 내리는데...",,,,한재림,송강호,3.0,"모든 선택의 대가를 홀로 감당한 채, 그는 끝내 가족의 세계 밖에 남겨진다.
조폭이라는 설정은 사라져도, 초라하게 남겨진 아버지의 모습만은 낯설지 않다",2025-12-31,https://an2-img.amz.wtchn.net/image/v2/RnYTUy4Hc5Er_BcJ8AGzvw.jpg?jwt=ZXlKaGJHY2lPaUpJVXpJMU5pSjkuZXlKdmNIUnpJanBiSW1SZk5Ea3dlRGN3TUhFNE1DSmRMQ0p3SWpvaUwzWXhMMjQxYzNWbGNYQnNlRFJtT1hGbGNXdHBabU50SW4wLkJsMFFNaldfdVhDN2wtQkdGYTBZWU0za05QU1dWVTlmTGktQVRrU0lTdm8=,
베를린,,2012,액션 / 드라마 / 스릴러,,,"거대한 국제적 음모가 숨겨진 운명의 도시 베를린. 그 곳에 상주하는 국정원 요원 정진수는 불법무기거래장소를 감찰하던 중 국적불명, 지문마저 감지되지 않는 일명 ‘고스트’ 비밀요원 표종성의 존재를 알게 된다. 그의 정체를 밝혀내기 위해 뒤를 쫓던 정진수는 그 배후에 숨겨진 엄청난 국제적 음모를 알게 되면서 걷잡을 수 없는 위기에 빠진다. 한편 표종성을 제거하고 베를린을 장악하기 위해 파견된 동명수는 그의 아내 연정희를 반역자로 몰아가며 이를 빌미로 숨통을 조이고, 표종성의 모든 것에 위협을 가한다. 표종성은 동명수의 협박 속에서 연정희의 무죄를 증명하기 위해서 그녀를 미행하게 되지만, 예상치 못한 아내의 비밀을 알게 되면서 혼란에 휩싸이게 되는데...",,,,류승완,하정우 / 전지현 / 한석규 / 류승범,2.5,"이병헌 정도 아니면 아직은 우리나라 배우가 영어로 넉살떠는게 보기 힘들다, 그리고 왜 베를린임?",2025-12-30,https://an2-img.amz.wtchn.net/image/v2/fWIPwdLioHsqck1Q6YW_LA.jpg?jwt=ZXlKaGJHY2lPaUpJVXpJMU5pSjkuZXlKdmNIUnpJanBiSW1SZk5Ea3dlRGN3TUhFNE1DSmRMQ0p3SWpvaUwzWXhMMkV3T1hadGMyMXdlR05zYlhjeWFETnhNV0p0SW4wLkRVV2wxSFk3YVN3a25zUlB3ZURTY1M3UEthNThhYjVaSTdLWjMzN1dXWFU=,
스포일리아,,2025,드라마 / 단편,,,"해답을 찾기 위해 500년간 우주를 떠돌던 김과 박은 이상한 행성 스포일리아에 불시착한다. 실사 인물과 클레이애니메이션을 결합한 영화로, 감독의 자취방에서 2년 3개월간 제작된 우주적 대작. [제26회 전주국제영화제] [2025년 제51회 서울독립영화제]",,,,이세형,장요훈 / 정이주 / 심효민 / 원호섭,2.5,철학적 의미를 떠나서 스포일러 빡치긴해,2025-12-29,https://an2-img.amz.wtchn.net/image/v2/-C-1fq8NR5t_h59pI_QPeQ.jpg?jwt=ZXlKaGJHY2lPaUpJVXpJMU5pSjkuZXlKdmNIUnpJanBiSW1SZk5Ea3dlRGN3TUhFNE1DSmRMQ0p3SWpvaUwzWXlMM04wYjNKbEwybHRZV2RsTHpNNU1UQXdPRGt5TlRBNU1qY3hPU0o5LkRHR09sZVRtZjBrcTNmQ250S05rb19VVmV1Rk9UNTZaSDdhRnJCdzVCenM=,
폴라 익스프레스,,2004,판타지 / 애니메이션 / 뮤지컬 / 가족 / 코미디 / 모험,,,"환상과 모험, 꿈과 희망을 싣고 떠난다!  북극행 크리스마스 특급열차 폴라 익스프레스!!  “기차가 어디로 가는지는 중요하지 않아.  중요한 건 그 기차에 올라 타겠다고 결심하는 거지!”  눈 오는 크리스마스 이브, 한 소년이 잠에서 깨어 뭔가를 기다리고 있다.  그것은 바로 산타의 썰매소리!!  '과연 내가 그 소리를 들을 수 있을까?'  자정을 5분 남겨둔 시각, 갑자기 들리는 굉음에 소년은 화들짝 놀라 유리창의 성에를 닦고 밖을 내다보니 눈 앞에서 펼쳐진 건 너무나 놀라운 광경!  검은색 기차가 거친 엔진소리를 내뿜으며 그의 집 앞에 멈춰서는 것이 아닌가?  소년은 잠옷 차림에 슬리퍼를 신고 뛰어나간다.  기차의 차장은 소년을 기다리고 있었다는 듯 말을 건넨다.  '탈 거니?'  '어디로 가는 거죠?'  소년이 묻자 차장은 대답한다.  '물론 북극으로 가는 거지. 이건 북극행 특급열차 폴라 익스프레스야!'  소년은 폴라 익스프레스를 타고 기나긴 여행길에 오른다.  그리고 그 여행길에서 소년은 인생의 놀라운 신비를 발견하면서 차츰 자아를 찾게 되는데…",,,,로버트 저메키스,,2.0,옛날 3D게임 인게임 컷신을 한시간반동안 본 느낌,2025-12-27,https://an2-img.amz.wtchn.net/image/v2/wPjaNWBLzi4j-VG5I0ifmg.jpg?jwt=ZXlKaGJHY2lPaUpJVXpJMU5pSjkuZXlKdmNIUnpJanBiSW1SZk5Ea3dlRGN3TUhFNE1DSmRMQ0p3SWpvaUwzWXhMMlI2YTJscGJIVnFhSGc0WVhJMmNXVTVNSHAySW4wLnByNm5adGs3Xy0tWG5oN05USzBrUHJWTnNiR1liWXFsdmZXb1lPbU1Ca2M=,
헤비메탈,,1981,애니메이션 / 판타지,,,한 남자가 초록빛 형광체를 발견하고 신비로운 물체를 집으로 가져간다. 아버지를 기다리던 딸에게 물체를 보여주려는 순간 강렬한 빛이 뿜어져 남자는 죽고 만다. 의문의 물체는 악의 결정체 로크나라고 소개하며 자기를 파괴할 수 있는 장본인은 그 소녀라며 자신이 겪어온 여러가지 이야기들을 들려준다. 마지막 에피소드는 악을 파괴할 수 있는 렌트족의 유일한 생존자 티나의 이야기. 티나는 렉트족은 악으로부터 보호하는 유일한 종족을 지키기 위해 자신을 희생함으로 악을 파괴한다. 모든 이야기를 마친 로크나는 자신의 정기가 그녀에게 이어졌음을 밝히고 자신을 파괴해 달라고 한다.,,,,제럴드 포터턴,,2.5,"데즈카 오사무의 불새를 미애니화 한것 같다, 물론 불새에 비할바는 못된다",2025-12-26,https://an2-img.amz.wtchn.net/image/v2/ESGXBfe0ZgjDd2Y5sVFt7w.jpg?jwt=ZXlKaGJHY2lPaUpJVXpJMU5pSjkuZXlKdmNIUnpJanBiSW1SZk5Ea3dlRGN3TUhFNE1DSmRMQ0p3SWpvaUwzWXhMMlV6YVhGdlp6ZGxZV1I0YVhodmVuaHRlRE5rSW4wLm9qdll2TzNGQkIxMkZOTzRoNE96dFB3b0NNQ3hJd3M2UVJWQVdOa2ptSms=,
케이블 가이,,1996,코미디 / 드라마 / 스릴러,,,로빈(레슬리 만)과 동거하던 스티븐 코박스(메튜 브로데릭)는 그녀에게 청혼했다가 퇴짜맞자 따로 아파트를 얻어 혼자 산다. 코박스를 딱하게 여긴 친구 릭(잭 블랙)은 그에게 케이블을 신청해보라고 권한다. 케이블 설치공에게 가설비 외에 웃돈으로 50달러를 슬쩍 쥐어주면 24시간 영화 프로그램을 공짜로 가설받을 것이라고 귀뜸과 함께. 연락을 받고 찾아온 케이블 가이(짐 캐리)는 코박스에게 우량 고객용 서비스는 물론 온갖 호의를 다 베푼다. 코박스가 로빈과 사이가 나빤진 것까지 알고 있는 케이블 가이는 코박스가 로빈과 다시 가까워질 수 있도록 묘수를 가르쳐 준다. 그런 케이블 가이가 코박스도 싫지는 않다. 그러나 케이블 가이의 호의는 악몽의 시작이었다.,,,,벤 스틸러,짐 캐리 / 매튜 브로데릭,2.0,분명히 웃긴데 하나도 안웃김,2025-12-26,https://an2-img.amz.wtchn.net/image/v2/OYYmM0LxJsKWj8Yjt6UeVA.jpg?jwt=ZXlKaGJHY2lPaUpJVXpJMU5pSjkuZXlKdmNIUnpJanBiSW1SZk5Ea3dlRGN3TUhFNE1DSmRMQ0p3SWpvaUwzWXlMM04wYjNKbEwybHRZV2RsTHpFMk1UVTBOVEUwTlRJMk9ETXpOekkyTVRraWZRLnphRXN0anpxUUUwaUNVQXZmRF9vSXVsYjJ1bUNFallfMGJyUDhZY18yU3c=,
총알 탄 사나이,,1988,액션 / 코미디,,,"LA 시경의 드레빈 경관(Frank Drebin: 레슬리 닐슨 분)은 마약 밀수범에게 중상을 입은 동료 놀드버그(Nordberg: O.J. 심슨 분)의 업무를 인수받는다. 마침 영국의 엘리자베스 여왕(Queen Elizabeth II: 쟈넷 찰스 분)이 방문 중이라 경비 업무로 바쁘기 짝이 없는 가운데, 경찰 서장은 마약사건을 24시간 이내에 처리하라고 한다. 그러나 사건의 열쇠를 쥔 루드비히(Vincent Ludwig: 리카도 몬탈반 분)의 여비서 제인(Jane Spencer: 프리실라 프레슬리 분)에게 반한 드레빈은 갈피를 잡지 못한다. 이를 틈타 루드비히는 제인에게 드레빈을 감시하라고 한다. 몰래 사장실에 들어간 드레빈은 LA 구장에서 시합을 관전하는 여왕을 암살하려는 내용이 적힌 쪽지를 발견한다. 그가 암살 음모를 눈치챈 것을 안 악당들은 그를 습격해 오지만 드레빈은 올가미를 피한다. 그리고 여왕 암살을 위해 최면술에 걸린 선수 한 명이 이용될 것이라는 사실을 알고 계획을 저지하기 위해 심판을 가장해 야구장에 나타난다.",,,,데이빗 주커,레슬리 닐슨,3.5,아이앀ㅋㅋㅋ = 이 영화 보면서 자연스레 나오는 말,2025-12-24,https://an2-img.amz.wtchn.net/image/v2/C7-BNRgvC8Sv6FbdbYCTfQ.jpg?jwt=ZXlKaGJHY2lPaUpJVXpJMU5pSjkuZXlKdmNIUnpJanBiSW1SZk5Ea3dlRGN3TUhFNE1DSmRMQ0p3SWpvaUwzWXhMM0poZFhKcGJtZG9abUZ3YTJ0eU5tcGtjREJtSW4wLkxfamJQV0dNY3FqdWE1X2l0eWZKU1haR3ZEZ05SYWxCbXdDdkNvaWJINVk=,
대홍수,,2025,재난 / SF,,,대홍수가 덮친 지구 종말의 날. 물에 잠겨가는 아파트에 갇힌 연구원과 어린 아들이 탈출을 시도한다. 그 순간 도착한 중대 임무. 그녀는 인류의 운명이 걸린 과제를 끝까지 완수할 수 있을까.,,,,김병우,김다미 / 박해수,1.0,"한해에 전독시와 대홍수… 대작을 두편이나 ㄷㄷ, 갓 병 우",2025-12-23,https://an2-img.amz.wtchn.net/image/v2/usBXm_bk5ov2VCwELFhUXQ.jpg?jwt=ZXlKaGJHY2lPaUpJVXpJMU5pSjkuZXlKdmNIUnpJanBiSW1SZk5Ea3dlRGN3TUhFNE1DSmRMQ0p3SWpvaUwzWXlMM04wYjNKbEwybHRZV2RsTHpZMU5qVTJPRFF5TWpVek1USTBORFFpZlEucVkxMng3N2g5UlhOREVya3kxcG56cU9Fem5nRFJudEpOU0JRMXFOYjliQQ==,
코렐라인,,2009,애니메이션 / 드라마 / 가족 / 판타지 / 스릴러 / 액션 / 공포 / 미스터리 / 모험,,,"새로운 집으로 이사 온 열한 살 소녀 코렐라인은 모든 것이 낯설기만 하고, 늘 바쁜 부모님 때문에 외로운 날들을 보낸다. 호기심 많은 코렐라인은 홀로 집과 동네를 탐험하다 동네 소년 와이비와 개성 넘치는 이웃들을 만나게 된다.

그러던 어느 날, 집 안에 숨겨진 작은 비밀 문을 발견한 코렐라인은 문을 열고 어두운 통로를 지나 들어간다. 그곳은 현실과 꼭 닮았지만, 훨씬 더 완벽해 보이는 또 다른 세계였다. ‘다른 엄마’와 ‘다른 아빠’는 언제나 그녀를 따뜻하게 맞이하고, 신비로운 검은 고양이는 그림자처럼 곁을 맴돌며 호기심을 자극한다.

처음엔 꿈만 같은 낯선 세계였지만, 점점 그곳의 숨겨진 진실이 드러나기 시작하는데...",,,,헨리 셀릭,,3.5,우리 아들에겐 못 보여줄것 같다,2025-12-22,https://an2-img.amz.wtchn.net/image/v2/9NJ5vLbx6QXxgLPmUMP6Hw.jpg?jwt=ZXlKaGJHY2lPaUpJVXpJMU5pSjkuZXlKdmNIUnpJanBiSW1SZk5Ea3dlRGN3TUhFNE1DSmRMQ0p3SWpvaUwzWXlMM04wYjNKbEwybHRZV2RsTHpjNE1qVTFPVGd5T1RJeE1UZ3dPVEVpZlEubzJMdXZjODZsVzZvSkoyaXh5b1gyZzRYc0hCQVFSV3Vqa016NmhJbVhYNA==,
드래곤 길들이기,,2025,모험 / 액션 / 판타지 / 가족,,,"수백년간 지속되어온 바이킹과 드래곤의 전쟁. 드래곤을 없애는 것이 삶의 모든 목적인 바이킹들과 다른 신념을 가진 ‘히컵’은 무리 속에 속하지 못하고 족장인 아버지에게도 인정받지 못한다. 그러던 어느 날, 히컵은 베일에 싸인 전설의 드래곤 나이트 퓨어리인 ‘투슬리스’와 만나게 되고, 드래곤을 죽이라는 바이킹의 신념을 깨고 ‘투슬리스’와 친구가 된다. 하지만 드래곤을 죽여야 된다고 믿는 바이킹 족과 모든 드래곤을 위협하는 더 거대한 존재와 맞닥뜨리게 된 ‘히컵’과 ‘투슬리스’. 세상을 변화시키기 위한 특별한 여정을 시작하게 되는데... 다르다는 건, 특별하다는 것. 세상을 바꿀 우리들의 모험이 시작된다!",,,,딘 데블로이스,메이슨 테임즈,3.0,디즈니는 앞으로 실사화를 요렇게 하세요,2025-12-22,https://an2-img.amz.wtchn.net/image/v2/pgxopgA9ati5HTUVHs3oBw.jpg?jwt=ZXlKaGJHY2lPaUpJVXpJMU5pSjkuZXlKdmNIUnpJanBiSW1SZk5Ea3dlRGN3TUhFNE1DSmRMQ0p3SWpvaUwzWXhMM2g1ZEdWdFptdzNjSE4xWldaaWRHWnJkWGhwSW4wLmNtY0JLaW5fTUhjR0tWdHRrUkUtNUxqSXN4a1Q0QURZQl9nVDRXOXNkOGM=,
노스탤지아,,1983,드라마,,,"세상을 구원하기 위해 타오르는 두 개의 불꽃, 18세기에 유학 온 러시아의 음악가 소스노프스키의 생애를 연구하기 위해 이탈리아를 방문한 러시아의 작가 안드레이 고르차코프(Andrei Gortchakov: 올레그 얀코브스키 분). 그는 통역을 맡은 이탈리아 여인인 유제니아(Eugenia: 도미지아나 지오다노 분)의 안내를 받으며 그의 여정을 되밟는다. 러시아에 대해 많은 관심을 갖고 있는 유제니아는 그를 유혹하지만 안드레이 고르차코프에게 있어서 그녀의 존재는 고향에 대한 고통스런 향수를 불러일으키는 존재일 뿐이다. 그러던 중 안드레이는 곧 세상의 종말이 오며 세상을 구원하기 위해서는 자신이 희생되어야 하며, 동시에 두 곳에서 불을 밝혀야 한다고 말하는 도메니코(Domenico: 이어랜드 조셉슨 분)를 만나게 된다. 도메니코는 안드레이에게 또 다른 하나의 불을 밝혀줄 것을 부탁하며 촛불을 건넨다. 혼동스러워진 안드레이는 이탈리아의 여행을 마치고 러시아로 돌아갈 것을 결심한다. 이때 유제니아로부터 전화가 걸려오고, 안드레이는 도메니코가 로마의 광장에서 연설을 하고 있다는 사실을 알게 된다. 로마의 광장으로 그를 찾아간 안드레이. 도메니코는 이 세상은 다시 구원되어져야 한다는 말을 남긴 채 많은 사람들이 보는 앞에서 분신 자살을 한다. 안드레이는 한쪽 모퉁이에서 이 모습을 지켜보며 도메니코가 건네주었던 그 촛불에 불을 밝히는데.",,,,안드레이 타르코프스키,올레크 얀콥스키 / 엘란드 요셉손 / 도미지아나 지오다노,3.5,이동진 아저씨가 좋아할만한 영화가 확실하다 (= 나한텐 어렵다),2025-12-22,https://an2-img.amz.wtchn.net/image/v2/Bw_0Jcyb3PD2JQwiNfucag.jpg?jwt=ZXlKaGJHY2lPaUpJVXpJMU5pSjkuZXlKdmNIUnpJanBiSW1SZk5Ea3dlRGN3TUhFNE1DSmRMQ0p3SWpvaUwzWXhMMlpwYlc5bVoyUjFjR2wxWVhwbWNEaHpPRGM1SW4wLlJrU3UzdmtvZk1ZcUtaQnZaMGFoT3otZ2J6UkhJbmVBRmw5Zl94NzhseTA=,
거북이는 의외로 빨리 헤엄친다,,2005,코미디,,,"평범하다 못해 어중간한 삶을 살고 있는 주부 스즈메(우에노 주리). 그녀는 자신보다 애완용 거북에게 더 관심을 쏟는 남편과 무서울 정도로 단순한 일상 속에서 어느 날, ‘스파이 모집’ 광고를 발견한다. 무심코 전화를 해버린 그녀 앞에 나타난 스파이는 ‘어느 나라’의 스파이라고 주장하는 쿠기타니 부부. 그들은 스즈메 같은 평범한 사람이야말로 스파이를 해야한다고 설득한다. 억지로 활동자금 500만엔을 건네 받은 스즈메의 스파이 교육이 시작되고 일상이 두근거리기 시작한다. 하지만 어째서인지 스파이가 되고 나서부터 평소보다 주위의 시선을 더 모으게 되어 곤란한 그녀에게 마침내 최후의 미션이 내려지는데…",,,,미키 사토시,우에노 주리 / 아오이 유우,3.0,평범하단 건 생각보다 어려운걸지도 ?,2025-12-19,https://an2-img.amz.wtchn.net/image/v2/2242B8IU_khRaWJEcDwzVQ.jpg?jwt=ZXlKaGJHY2lPaUpJVXpJMU5pSjkuZXlKdmNIUnpJanBiSW1SZk5Ea3dlRGN3TUhFNE1DSmRMQ0p3SWpvaUwzWXhMM0l3Wm1KbE1EWTJlV0pvWVdKclpuUjBhM3B1SW4wLnlTUjg1cjRBVTZlT2Y1Q19LeVR6MGd4WWNfVzY0Z1VGOGtPeElmT1pya3M=,
4월 이야기,,1998,로맨스,,,"'벚꽃잎이 흩날리는 4월, 대학 입학과 함께 홋카이도에서 도쿄로 상경한 ‘니레노 우즈키’(마츠 타카코). 조용하고 수줍음이 많은 그녀는 새로운 친구들과 낯선 환경에 적응해 가며 자신만의 방식으로 대학 생활을 즐긴다. 하지만 사실, 그녀가 이 대학을 선택한 데는 “조금은 특별한 이유”가 있었는데…

설렘으로 가슴 뛰는 4월의 이야기가 피어난다.",,,,이와이 슌지,마츠 다카코,3.5,새 학기의 설렘은 이 영화로,2025-12-18,https://an2-img.amz.wtchn.net/image/v2/c6IiTOHTrV893Nrdg6Fd4w.jpg?jwt=ZXlKaGJHY2lPaUpJVXpJMU5pSjkuZXlKdmNIUnpJanBiSW1SZk5Ea3dlRGN3TUhFNE1DSmRMQ0p3SWpvaUwzWXlMM04wYjNKbEwybHRZV2RsTHpFeU56WXlOamd5TXpnNE1URTROellpZlEuaUVORXp0VGw5TEVwSVFUOHJ0cDRNTXloVzZ1T01lUzN1Nnhjbm94QVBXTQ==,
페니키안 스킴,,2025,드라마 / 코미디,,,"“모든 자료는 저 신발 상자에 들어있다.
내가 30년간 공을 들인 일생일대의 프로젝트지.”

6번의 추락 사고와 숱한 암살 위협으로부터 살아 돌아온 거물 사업가 자자 코다. 계속되는 경쟁자들의 방해에 위협을 느낀 그는 일생일대 숙원 사업인 ‘페니키안 스킴’을 완수하기 위해 수련수녀인 외동딸 리즐을 상속자로 지정하고 집으로 불러들인다. 그러나, 갑작스러운 적들의 방해로 인해 자자 코다의 사업이 무너질 위기에 처하자, 자자는 딸 리즐과 가정교사 비욘을 데리고 주요 동업자들을 설득하기 위해 페니키아로 떠나는데…",,,,웨스 앤더슨,베니시오 델 토로 / 미아 트리플턴 / 마이클 세라,2.5,난 왜 이 아저씨 영화는 다 똑같이 느껴질까,2025-12-17,https://an2-img.amz.wtchn.net/image/v2/QRMGfrgdbyltUrWCfB5KSA.jpg?jwt=ZXlKaGJHY2lPaUpJVXpJMU5pSjkuZXlKdmNIUnpJanBiSW1SZk5Ea3dlRGN3TUhFNE1DSmRMQ0p3SWpvaUwzWXlMM04wYjNKbEwybHRZV2RsTHpNNE56STRNalU0TURJM016WTBOVFFpZlEuSEFKUldpQ1NxclQ4V3g2ZzR2aXlBVzhNZ2RiQm80Y2RMRjdGZjdHdlY1MA==,
스탑 메이킹 센스,,1984,다큐멘터리 / 음악,,,"1983년 할리우드 판타지스 극장,
그날의 무대는 전설이 되었다.

“안녕하세요, 테이프 하나 틀게요.”

뉴욕 언더그라운드 클럽에서 출발해 시대의 아이콘이 된 뉴웨이브 밴드 '토킹 헤즈'. 프론트맨 '데이비드 번’이 한 대의 어쿠스틱 기타를 들고 무대에 오른다. 곡이 더해질수록 멤버들이 차례로 등장하며, 무대는 에너지로 폭발하고 퍼포먼스는 예술로 완성된다.

인터뷰도, 설명도 없다.
오직 음악과 무대만으로 88분의 클라이맥스를 선사하는
역대 최고의 콘서트 영화.",,,,조나단 드미,,5.0,하루종일 틀어놔도 안 질릴것 같다,2025-12-16,https://an2-img.amz.wtchn.net/image/v2/5PZv4K_RGkWmuezsl9S9LQ.jpg?jwt=ZXlKaGJHY2lPaUpJVXpJMU5pSjkuZXlKdmNIUnpJanBiSW1SZk5Ea3dlRGN3TUhFNE1DSmRMQ0p3SWpvaUwzWXlMM04wYjNKbEwybHRZV2RsTHpVMk5ESTFOalkyT1Rnek9ESTNOelFpZlEuaXptbVJnMndxazU2NDBGaHNrd2xlZjhWRjY4NEUxR09jRkVfeTZZRWZCUQ==,
"쏘아올린 불꽃, 밑에서 볼까? 옆에서 볼까?",,1995,드라마 / 로맨스,,,"단짝 친구인 노리미치(야마자키 유우타 분)와 유우스케(소리타 타카유키 분)는 같은 반 친구 나즈나(오키나 메구미 분)를 짝사랑한다. 이이오카 마을의 해변가에서 불꽃놀이 축제가 열리는 날, 이들의 친구들은 불꽃놀이를 옆에서 보면 둥글게 보이는지 납작하게 보이는지 방학 숙제를 걸고 내기를 한다. 결국 이것을 확인하고자 이들은 오후에 해변가의 등대로 가기로 약속한다.
 방과후 수영장 청소를 맡은 노리미치와 유우스케는 50미터 수영 경주에서 이기는 사람이 나즈나에게 고백을 하기로 내기하는데, 노리미치가 그만 수영장에 발목을 다쳐 유우스케가 이기게 된다. 이날 나즈나는 부모님의 이혼으로 전학을 앞둔 상황이라, 가출을 결심하고 유우스케에게 불꽃놀이를 가자고 제안한다.
 친구들과의 약속과 나즈나와의 약속 사이에서 갈등하던 유우스케는 결국 사나이의 의리를 내세워 나즈나와의 약속을 저버리는데. 이때 다친 발목을 치료하기 위해 유우스케 아버지가 운영하는 병원으로 간 노리미치는 그곳에서 유우스케를 기다리는 나즈나를 만나게 되고, 나즈나는 노리미치였다면 약속을 지켰겠냐고 묻는다. 함께 집으로 오던 중, 나즈나가 어머니에서 끌려 집에 들어가고, 노리미치는 이혼한 부모님 때문에 가출을 하려는 사실을 알게 된다. 이때 등대로 향하던 유우스케 일행을 발견한 노리미치는 유우스케에게 주먹을 날린다. 영문을 모르고 어리둥절해 하는 친구들을 뒤로 한채 노리미치는 '만약 내가 이겼다면' 어떻게 했을지 생각해 본다. (이때부터 이야기는 노리미치의 상상으로 다시금 진행된다.) 수영 경기에서 이긴 노리미치는 나즈나로부터 좋아한다는 고백과 함께 친구들과의 약속을 뒤로 하고 나즈나와 버스에 오르는데.",,,,이와이 슌지,야마자키 유타 / 오키나 메구미 / 소리타 타카유키,3.0,"체인소맨 레제편, 잼민이편",2025-12-15,https://an2-img.amz.wtchn.net/image/v2/JKeJ8DTD1-3uAFAo_FEt4Q.jpg?jwt=ZXlKaGJHY2lPaUpJVXpJMU5pSjkuZXlKdmNIUnpJanBiSW1SZk5Ea3dlRGN3TUhFNE1DSmRMQ0p3SWpvaUwzWXhMMlJsY0RCNGVXdHBhbUo0YjJsdWRURmlhMkpwSW4wLjk4dWRvb2FUTEJvanNOQ0h3a2VZam1iaVhfYjdtcW1SUnd2NnJ3cVplUlU=,
비포 선라이즈,,1995,드라마 / 로맨스,,,"오스트리아 빈으로 향하던 기차 안에서 우연히 만난 제시와 셀린. 알 수 없는 감정에 끌린 두 사람은 아무런 일정도 없이 기차에서 하차한다. 그리고 단 하루, 꿈 같은 시간을 보내게 되는데...

""난 우리가 지금 마치 꿈 속에 들어와 있는 것 같아""

짧은 하루의 우연은 영원이 된다.
<비포 선라이즈>",,,,리처드 링클레이터,에단 호크 / 줄리 델피,3.5,본 영화 중 가장 여운이 남는 헤어짐 (비록 에단 호크의 어깨는 좁았지만),2025-12-15,https://an2-img.amz.wtchn.net/image/v2/gbBXVfC6ASkFsb1llG-vzg.jpg?jwt=ZXlKaGJHY2lPaUpJVXpJMU5pSjkuZXlKdmNIUnpJanBiSW1SZk5Ea3dlRGN3TUhFNE1DSmRMQ0p3SWpvaUwzWXlMM04wYjNKbEwybHRZV2RsTHpZNE5EVXdOekV4TmpZMk9EVTVNRGNpZlEuRktVSno0NUJSdXZBbkl3dDhVcEczQWRIcWlyVWQ1d21NUHRweG0tSWNRdw==,
이사,,1993,드라마,,,"화목한 가정을 자부하던 6학년 소녀 렌. 어느 날 아빠가 집을 나가고 엄마가 이혼을 선언했다.

“나는 엄마 아빠가 싸워도 참았어
근데 왜 엄마 아빠는 못 참는 거야?”

엄마가 만든 ‘둘을 위한 계약서’도 싫고 친구들이 이 사실을 알아챌까 두렵다.

“엄마, 부탁이 있어
이번 주 토요일 비와 호수에 가자”

몰래 꾸민 세 가족 여행
엄마 아빠와 다시 함께 살 수 있을까?",,,,소마이 신지,타바타 토모코 / 나카이 키이치 / 사쿠라다 준코,3.5,어른이 된다는 건 어찌보면 고통스럽지만 억지스러운 과정을 겪어야 하는 걸지도 모른다,2025-12-15,https://an2-img.amz.wtchn.net/image/v2/qsaTJ7MNSSrfNXlWOKMRjQ.jpg?jwt=ZXlKaGJHY2lPaUpJVXpJMU5pSjkuZXlKdmNIUnpJanBiSW1SZk5Ea3dlRGN3TUhFNE1DSmRMQ0p3SWpvaUwzWXlMM04wYjNKbEwybHRZV2RsTHpFNE1qWTBPVFExTnpRME9Ea3hNemtpZlEuRHlJYXZNLTBnSDhPdi1JMVlKZHA4T1NKSEhDS2hGVy1hclZnT21KZ0JLWQ==,
007 노 타임 투 다이,,2021,액션 / 모험 / 스릴러,,,"가장 강력한 운명의 적과 마주하게 된 제임스 본드의 마지막 미션이 시작된다!

MI6를 떠난 이후 매들린(레아 세두)과 이탈리아의 오랜 도시 마테라에서 평화로운 일상을 즐기던 제임스 본드(대니엘 크레이그). 어느 날 CIA 요원 펠릭스(제프리 라이트)가 찾아와 선별적 DNA 공격이 가능한 새로운 형태의 생화학 무기 유출을 알린다. 위험에 처한 전 세계를 구하기 위해 복귀하게 된 제임스 본드는 임무를 수행하는 과정에서 새로운 MI6 요원 노미(라샤나 린치)를 만나고, 모든 사건의 배후에 운명으로 얽혀 있는 최악의 적 사핀(라미 말렉)이 존재한다는 것을 알아낸다. 위험천만한 위기 속, 감춰져 있던 비밀이 밝혀지면서 작전은 점점 더 예측할 수 없는 상황으로 치닫게 되는데...",,,,캐리 조지 후쿠나가,다니엘 크레이그 / 레아 세두 / 라미 말렉,2.0,"전편 1도 안보고 영화관에서 졸음과 오줌 참으며 봤던 영환데, 전편을 다 본 지금 봐도 감상이 비슷하구나",2025-12-15,https://an2-img.amz.wtchn.net/image/v2/zX_nH8ZRSngLwbvA-KoxKQ.jpg?jwt=ZXlKaGJHY2lPaUpJVXpJMU5pSjkuZXlKdmNIUnpJanBiSW1SZk5Ea3dlRGN3TUhFNE1DSmRMQ0p3SWpvaUwzWXlMM04wYjNKbEwybHRZV2RsTHpFMk16QTJNamcxTXpFNE1UazRPRGc1T1RJaWZRLnk1TVJXSEFmZUEzMXB6eGRuTUNXTzRvQ2tubmRpVTczUVlvV1lLSjhFaTg=,
007 스펙터,,2015,액션 / 모험 / 스릴러,,,"멕시코에서 일어난 폭발 테러 이후 MI6는 영국 정부에 의해 해체 위기에 놓인다. 자신의 과거와 연관된 암호를 추적하던 제임스 본드는 사상 최악의 조직 ‘스펙터’와 자신이 연관되어 있다는 사실을 알게 되고, 궁지에 몰린 MI6조차 그를 포기하면서 절체절명의 위기에 직면하는데…",,,,샘 멘데스,다니엘 크레이그 / 크리스토프 발츠 / 레아 세두,2.5,노 타임 투 다이가 재미없었던 이유가 여기서부터인듯,2025-12-15,https://an2-img.amz.wtchn.net/image/v2/DYV6dR7-gLz41U7Z9dGDlg.jpg?jwt=ZXlKaGJHY2lPaUpJVXpJMU5pSjkuZXlKdmNIUnpJanBiSW1SZk5Ea3dlRGN3TUhFNE1DSmRMQ0p3SWpvaUwzWXhMMlJ6WlRKcFoyaHpjMkozYlhkd1pqUjViMjkxSW4wLlRBb0k0Z2VPUXRSNi1OS2U5MXJqc0dObFJ0ZEl5NXVQU2ZEQzEzRTUzdzQ=,
007 스카이폴,,2012,액션 / 스릴러 / 모험,,,"상관 M의 지시에 따라 현장 요원 이브와 함께 임무를 수행하던 제임스 본드는 달리는 열차 위에서 적과 치열한 결투를 벌이다 M의 명령으로 이브가 쏜 총에 맞고 추락하여 실종된다. 이에 임무가 실패로 끝나자 전세계에서 테러단체에 잠입해 임무를 수행 중이던 비밀 요원들의 정보가 분실되고 MI6는 사상 최대의 위기에 빠진다.  설상가상으로 M의 과거에 얽힌 비밀로 인해 미스터리한 적 ‘실바’에게 공격을 받은 MI6는 붕괴 위험에 처하게 되고, 이 사건으로 인해 M은 책임 추궁을 당하며 퇴출 위기에 놓인다. 이때, 죽음의 고비에서 부활한 제임스 본드가 M의 곁으로 다시 돌아온다. 절체절명의 위기에 놓인 MI6와 M을 구하기 위해 제임스 본드는 비밀스러운 여인 세버린을 통해 ‘실바’를 찾아간다. 그리고 마침내 사상 최강의 적 ‘실바’와 피할 수 없는 대결을 시작하게 되는데...",,,,샘 멘데스,다니엘 크레이그 / 하비에르 바르뎀 / 주디 덴치,4.0,권오중과 볼드모트의 등장에 브금을 깔아주는 아델이라 ... 캬,2025-12-15,https://an2-img.amz.wtchn.net/image/v2/Vr-R8g6JIvbF6gtnC89s1w.jpg?jwt=ZXlKaGJHY2lPaUpJVXpJMU5pSjkuZXlKdmNIUnpJanBiSW1SZk5Ea3dlRGN3TUhFNE1DSmRMQ0p3SWpvaUwzWXhMMjFvZDJSamNYUnJaR1o1Wm10M2VUWjBhSFV5SW4wLjd0NXlxdmEtVTdHazdNUXFqejhuOHZXb2VhaUE1VEgxQ1dKRmtqY3hRUlk=,
007 퀀텀 오브 솔러스,,2008,액션 / 모험 / 스릴러,,,"‘카지노 로얄’에서 최초의 임무를 성공적으로 완수한 007 제임스 본드. 하지만 첫사랑 베스퍼의 배신과 비극적인 죽음으로 강렬한 복수심에 휩싸인다. 한편, 진실을 밝히기 위해 M과 함께 수수께끼의 인물 미스터 화이트를 심문하던 중, 베스퍼를 죽음으로 몰고간 배후 세력이 생각보다 훨신 거대하고 위험한 조직임을 알게 된다. 게다가 MI6 내부에까지 세력이 침투해 있어 제임스 본드가 믿을 수 있는 사람은 아무도 없다는 게 밝혀진다. 비밀리에 단서를 쫓던 007은 MI6 내의 누군가가 테러 조직의 돈 세탁을 위해 아이티에 은행 계좌를 만들었다는 정보를 입수하고 곧바로 아이티로 향한다. 그곳에서 예상 밖의 아군 카밀을 만나게 되는데, 그녀 역시 독재자 메드라노 장군에게 온 가족을 몰살당한 뒤, 오직 복수만을 위해 그와 줄을 대고 있는 도미닉 그린에게 접근한다.  아이티로 날아온007은 카밀의 도움으로 마침내 냉혈한 비즈니스맨이자 조직의 배후 인물인 도미닉 그린에게 접근하는데 성공하지만, 조직의 명령을 거부하고 단독 행동에 나선 007은 CIA와 영국 정부에 쫓기는 신세가 된다. 한편, 오스트리아, 이탈리아, 남미로 이어지는 도미닉의 행로를 쫓던 007은 남미의 정권을 찬탈, 망명 중인 메드라노 장군을 복귀시키려는 계략을 꾸미고 있음을 알게 된다. 게다가 도미닉은 CIA와 영국 정부 고위층을 포함한 ‘퀀텀’이라는 비밀 조직을 결성, 세계에서 가장 중요한 천연 자원을 독점하려는 거대한 음모를 꾸미고 있었다. 배신과 살인, 음모가 난무하는 가운데, 이제 누구도 믿지 못하게 된 007은 진실을 밝히기 위해 CIA, 테러범, 그리고 심지어 M보다 한발 앞서 도미닉이 이끄는 사악한 조직 ‘퀀텀’을 제거하기 위해 직접 살인을 하거나 본인의 목숨을 내 놓아야 하는 지경에 처하는데...",,,,마크 포스터,다니엘 크레이그,2.5,매력없는 빌런과 여주 (전편이 에바그린이라 불쌍하긴 함),2025-12-15,https://an2-img.amz.wtchn.net/image/v2/uA-q1vGFYOeY6meMZWGLrw.jpg?jwt=ZXlKaGJHY2lPaUpJVXpJMU5pSjkuZXlKdmNIUnpJanBiSW1SZk5Ea3dlRGN3TUhFNE1DSmRMQ0p3SWpvaUwzWXhMM1pwY1hGbWVHczBlR0ZyTW1rMlpXUmhiMjh4SW4wLjZUU3ZJRGh6cGs5RDhUSVJ3OWU3NTBMSEZyUDZLTGFWNkhCUUNmc2JvWVk=,
나이브스 아웃: 웨이크 업 데드 맨,,2025,범죄 / 코미디 / 드라마,,,어두운 과거를 지닌 작은 마을의 성당. 그곳에서 불가사의한 범죄가 발생한다. 그러자 브누아 블랑 탐정이 신실한 젊은 신부와 함께 수사에 나선다.,,,,라이언 존슨,다니엘 크레이그 / 조쉬 오코너,3.0,추리가 완성될수록 오히려 스토리 매력이 반감되서 아쉬웠지만 그래도 블랑은 여전히 매력적 + 주드 신부님도,2025-12-15,https://an2-img.amz.wtchn.net/image/v2/b8t5o8ovXn4ozh4dnwJ-rg.jpg?jwt=ZXlKaGJHY2lPaUpJVXpJMU5pSjkuZXlKdmNIUnpJanBiSW1SZk5Ea3dlRGN3TUhFNE1DSmRMQ0p3SWpvaUwzWXlMM04wYjNKbEwybHRZV2RsTHpVM05qZzBOell4T0RNd01Ea3lJbjAua3UwZ1hSZGRLNkhOV2pud0htZmVFVDRQV3diTUlPczFRQnU4Tlk0VFVJdw==,
007 카지노 로얄,,2006,액션 / 모험 / 스릴러,,,"두려움은 없다! 
새로운 살인면허 007

아직 영국첩보국 MI6의 평범한 요원이던 제임스 본드(다니엘 크레이그). 체코에서의 위험한 암살을 마치고 007로 승격된 그에게 첫번째 임무가 주어진다. 국제 테러조직의 자금줄로 알려진 수수께끼의 인물 르쉬프(매즈 미켈슨)의 배후를 밝혀내는 것. 마다가스카에서 작전을 수행하던 007은 르쉬프가 몬테카를로의 ‘카지노 로얄’에서 무제한 배팅이 가능한 ‘홀뎀포커’를 통해 대규모 테러자금을 모으려는 음모를 밝혀내는데…

최초의 임무, 최후의 사랑… 
세계의 운명을 내건 게임이 시작된다!

MI6의 상관 M(쥬디 덴치)는 제임스 본드의 위장 잠입과 자금 관리를 위해 베스퍼 그린(에바 그린)를 파견하고, 서로의 능력을 의심하던 두 사람 사이에 는 팽팽한 긴장감이 감돌지만, 테러조직의 위협을 함께 겪으며 차츰 애틋한 연인관계로 발전한다. 하지만 007 때문에 신형항공기 폭파를 통해 주가를 조작하려던 계획이 어긋나면서 테러조직의 압박으로 다급해진 르쉬프는 극비 프로젝트 ‘엘립시스’를 가동시키기에 이르는데…",,,,마틴 캠벨,다니엘 크레이그 / 에바 그린,4.0,뽕알 고문씬에 에바 그린까지 나왔기에 평점이 높을 수 밖에 없다,2025-12-11,https://an2-img.amz.wtchn.net/image/v2/eIGofgLGuB25lAOGl5LVfA.jpg?jwt=ZXlKaGJHY2lPaUpJVXpJMU5pSjkuZXlKdmNIUnpJanBiSW1SZk5Ea3dlRGN3TUhFNE1DSmRMQ0p3SWpvaUwzWXhMMlZqTVc4eGNETTFlV0YyYTNGMWFuQnNkWGMySW4wLlJWLW5wdEJ1UlRPSUxmXzlKY2VLeWJwWlMtU2w2cnkwdHBNaUc4T2pmRmc=,
타이타닉,,1997,드라마 / 로맨스,,,"이 세상 마지막 순간까지 같이하는 사랑
“내 인생의 가장 큰 행운은 도박에서 딴 티켓으로 당신을 만난 거야”
단 하나의 운명, 단 한 번의 사랑, 영원으로 기억될 세기의 러브 스토리

우연한 기회로 티켓을 구해 타이타닉호에 올라탄 자유로운 영혼을 가진 화가 잭(레오나르도 디카프리오)은 막강한 재력의 약혼자와 함께 1등실에 승선한 로즈(케이트 윈슬렛)에게 한 눈에 반한다. 진실한 사랑을 꿈꾸던 로즈 또한 생애 처음 황홀한 감정에 휩싸이고, 둘은 운명 같은 사랑에 빠지는데…",,,,제임스 카메론,레오나르도 디카프리오 / 케이트 윈슬렛,3.5,잘 뽑은 노래 하나가 영화의 설득력을 높인다,2025-12-10,https://an2-img.amz.wtchn.net/image/v2/aOwd8RyHU8KTZFGv4itBHQ.jpg?jwt=ZXlKaGJHY2lPaUpJVXpJMU5pSjkuZXlKdmNIUnpJanBiSW1SZk5Ea3dlRGN3TUhFNE1DSmRMQ0p3SWpvaUwzWXlMM04wYjNKbEwybHRZV2RsTHpFMk56VTRNemt5TnpjMk1qUTNNVEkzTXpBaWZRLlNBSWN3SmMyQkZjOFVXWm5uYTREMnpTMGtGSzdpN25XeGVjYU1PN0VzdUk=,https://an2-img.amz.wtchn.net/image/v2/HNvXWtaL63mwSPWPrLX9eQ.webp?jwt=ZXlKaGJHY2lPaUpJVXpJMU5pSjkuZXlKdmNIUnpJanBiSW1SZk5EY3dlREkyTkhFNE1DSmRMQ0p3SWpvaUwzWXlMM04wYjNKbEwybHRZV2RsTHpFMk56VTBNVEU0TURJNE56QTNOVGs0T0RZaWZRLk9qaF91d2pVdnFhR0s1a0FnWWRkeDZ1ZmVLWFVHcjhXNV9aWmJWX1NVczA=
트랜스포머: 패자의 역습,,2009,액션 / 모험 / SF,,,"샘 윗윅키(샤이아 라보프)가 오토봇과 디셉티콘, 두 로봇 진영간의 치열한 싸움에서 우주를 구한 지 2년. 일상으로 돌아간 샘은 여자친구인 미카엘라(메간 폭스)와 새 친구이자 수호 로봇인 범블비와 떨어져 대학에 진학하게 된다. 그러나 학교생활에 적응하며 평범하게 살고 싶은 샘의 희망과는 달리 운명적으로 또 다시 우주의 사활을 건 전쟁에 말려들게 된다. 샘은 알지 못하지만 오직 그만이 선과 악, 궁극의 힘이 펼치는 전쟁의 향방을 가를 열쇠를 가지고 있던 것이다. 희생 없이는 승리도 없는 법! 마침내 샘은 윗익키 가에 전해 내려온 운명에게서 도망치지 않고 맞서 싸우기로 결심하게 된다. 인류를 위협하는 디셉티콘 군단과 인류를 보호하려는 오토봇 군단의 총력전! 지구의 운명을 건 거대한 전쟁이 다시 시작된다!",,,,마이클 베이,샤이아 라보프 / 메간 폭스,2.5,합체 로보트와 미군 홍보 영상,2025-12-09,https://an2-img.amz.wtchn.net/image/v2/FfTpAaZKN90Ti2crQbPV-Q.jpg?jwt=ZXlKaGJHY2lPaUpJVXpJMU5pSjkuZXlKdmNIUnpJanBiSW1SZk5Ea3dlRGN3TUhFNE1DSmRMQ0p3SWpvaUwzWXhMMnhsWkhOc2FXWnlaVEo2WVhod2FtRjVhSFEySW4wLjB5TDQzYVp3UFdLYmk3RVE0aWxoUVZtaDZFcDFacXVjY2d6QWhJWUpuYXM=,https://an2-img.amz.wtchn.net/image/v2/nZs_IYN41AT4gjCiOPs74g.webp?jwt=ZXlKaGJHY2lPaUpJVXpJMU5pSjkuZXlKdmNIUnpJanBiSW1SZk5EY3dlREkyTkhFNE1DSmRMQ0p3SWpvaUwzWXhMMnhoT0hWaE9XUmhkbWQzWjNkeWIyVnZkRGh2SW4wLkJzQW16N2w0WlFpVmlsS0lMMUwwVm9hVjRobnUtWjhJNTZXM1BjNlpfemM=
트랜스포머,,2007,액션 / SF / 모험,,,"함부로 상상하지 마라
모든 것은 변신한다!

그들의 전쟁이 시작된다

거대 에너지원을 찾아 ‘트랜스포머’ 그들이 지구로 왔다!
파괴하려는 자와 지키려는 자, 인류의 운명을 건 거대 전쟁이 시작된다!

인류보다 월등히 뛰어난 지능과 파워를 지닌 외계 생명체 ‘트랜스포머’. 정의를 수호하는 ‘오토봇’ 군단과 악을 대변하는 ‘디셉티콘’ 군단으로 나뉘는 ‘트랜스포머’는 궁극의 에너지원인 ‘큐브’를 차지하기 위해 오랜 전쟁을 벌여왔다. 하지만 행성 폭발로 우주 어딘가로 사라져버린 ‘큐브’. 그들은 오랜 전쟁의 종지부를 찍기 위해 ‘큐브’를 찾아 전 우주를 떠돈다.

인류의 미래를 좌우할 에너지원인 ‘큐브’는 우주를 떠돌다 지구에 떨어지고 디셉티콘 군단의 끈질긴 추적 끝에 ‘큐브’가 지구에 있다는 사실을 알아낸다. 그들은 최후의 전쟁의 무대로 지구를 택하고, 아무도 모르게 지구로 잠입한다. 어떤 행성이든지 침입해 그 곳에 존재하는 기계로 변신, 자신의 존재를 숨길 수 있는 트랜스포머는 자동차, 헬기, 전투기 등의 다양한 형태로 변신해 인류의 생활에 깊숙이 침투한다. 그리고 그들은 큐브의 위치를 찾는데 결정적인 열쇠를 지닌 주인공 ‘샘’의 존재를 알게 된다. 이 모든 사실을 전혀 모른 채 살아가던 ‘샘’은 어느 날 밤, 자신의 낡은 자동차가 거대한 로봇으로 변신하는 놀라운 현장을 목격한다. 그의 자동차는 ‘트랜스포머’ 중 정의를 수호하는 ‘오토봇’ 군단의 ‘범블비’로 큐브를 차지하기 위해 음모를 꾸미는 ‘디셉티콘’ 군단에 맞서 샘을 보호하기 위해 파견된 트랜스포머. 우주의 질서를 수호하기 위해 반드시 샘을 지켜야만 하는 범블비는 자신이 형제들인 ‘오토봇’ 군단을 지구로 불러모으기 시작하는데..

거대 에너지원 ‘큐브’가 디셉티콘의 손에 들어가는 것만은 막아야 한다. 샘을 찾아내 큐브를 손에 쥐어 지구를 지배하려는 악의 ‘디셉티콘’ 군단과 지구를 지키려는 정의의 ‘오토봇’ 군단의 인류의 운명을 건 숨막히는 대결이 펼쳐진다.",,,,마이클 베이,샤이아 라보프 / 메간 폭스,3.0,린킨파크 노래로 3점 획득,2025-12-09,https://an2-img.amz.wtchn.net/image/v2/jSWMI0YQFTTc0qRFGyfA0w.jpg?jwt=ZXlKaGJHY2lPaUpJVXpJMU5pSjkuZXlKdmNIUnpJanBiSW1SZk5Ea3dlRGN3TUhFNE1DSmRMQ0p3SWpvaUwzWXhMMkZtZG5vM2REWnZhV2wzYnpoeWNIVTNjVzVvSW4wLnNsbGlodmYyUFcwX1diMFlQZWpOSGtZcDY0anBsX3kzN01YcHk1XzBLbVE=,https://an2-img.amz.wtchn.net/image/v2/8TcZfuEqCoTa-s7S0gwIXw.webp?jwt=ZXlKaGJHY2lPaUpJVXpJMU5pSjkuZXlKdmNIUnpJanBiSW1SZk5EY3dlREkyTkhFNE1DSmRMQ0p3SWpvaUwzWXhMMjE1TlRka09UbDROWEE1Ym1acWN6ZDBhR1ZxSW4wLi1wZ2UxdDlITlJMM1A4d2R2MTRkUUtsdmFfMWxUd2JBbmg2THNLakRxVWc=
트랜스포머 3,,2011,액션 / SF / 모험,,,"지구의 운명을 건 최후의 전면전. 시카고 도심 한복판, 정체 불명의 푸른 빛이 하늘을 향해 쏘아 올려진다.빛은 오랜 시간 동안 달의 어둠 속에 잠들어 있던 디셉티콘 군단을 깨우게 되고, 순식간에 시카고를 점령한 디셉티콘 군단의 무차별 공격으로 인해 도시는 초토화된다. 오토봇의 수장 옵티머스 프라임은 디셉티콘의 도심 공격이 40년 전 인류의 달 착륙과 관련이 있다는 것을 알아내고, 다시 한번 우주의 운명을 건 최후의 전면전에 나서는데… 수천년을 끌어온 오토봇 VS 디셉티콘의 전쟁. 그 최후의 전투가 지금 시작된다!",,,,마이클 베이,샤이아 라보프 / 로지 헌팅턴 휘틀리,1.5,걍 쇼크웨이브 자랑하려고 만든 영화,2025-12-09,https://an2-img.amz.wtchn.net/image/v2/A-MZC3o206nIEvsCB4cF_Q.jpg?jwt=ZXlKaGJHY2lPaUpJVXpJMU5pSjkuZXlKdmNIUnpJanBiSW1SZk5Ea3dlRGN3TUhFNE1DSmRMQ0p3SWpvaUwzWXhMMlk1WjNRek1YaGxlV0poZFd4eGFHcHNZakExSW4wLjNTUlV6b1NZa3B2NEdKTTI0OXV2SWZ2RlBNTk1FcnBVRGtKQlY1T3JFVFE=,https://an2-img.amz.wtchn.net/image/v2/kr5VfCCOFbmqdoIQfcx8MQ.webp?jwt=ZXlKaGJHY2lPaUpJVXpJMU5pSjkuZXlKdmNIUnpJanBiSW1SZk5EY3dlREkyTkhFNE1DSmRMQ0p3SWpvaUwzWXhMMnAzYUdwaU9XOTZkblIwY1d0elp6QnFaM0ZpSW4wLi00aDE1OC1qYmVlMnh0bHZVeW5UTGkxWUlZbUZCdTFYQ21LX3JJY0ZyaHM=
서유기 2 - 선리기연,,1994,코미디 / 판타지,,,지존보는 500년전의 세계로 와서 자하란 여자를 만나는데 이 여자는 500년후에 백정정과 춘삼십낭의 사부가 되는 반사대사이다. 자하는 바로 여래신등의 심지로 언니와 한몸이나 자신의 몽중인을 찾으러 속세로 나온다. 자신의 자청보검을 뽑을 수 있는 사람이 그녀의 꿈속의 낭군. 지존보는 자하가 월광보합을 갖고 있어서 어떻게든 월광보합으로 500년후의 세상으로 가서 백정정을 구하려고 한다.  한편 자신의 배필감은 자신의 자청보검을 뽑을 수 있다고 믿고 있던 자하는 지존보가 자청보검을 뽑는 것을 보고 자신의 낭군으로 점찍어 놓는다. 한편 지존보는 자하에게서 월광보합을 얻으려고 사랑한다고 거짓말을 한다. 그러나 지존보에게 사랑하는 여자가 있다는 걸 안 자하는 떠나고 다시 사부님을 만난 지존보는 사제들과 함께 우마왕에게 잡힌다.  우마왕은 지존보를 자신의 여동생인 향향과 혼인시키려 하고 자신이 생명을 구해줬던 자하를 자신의 첩으로 만드려고 한다. 몰래 도망을 친 지존보는 거미줄동굴로 가 백정정을 만난다. 그는 500년후의 세상으로 돌아갈 필요가 없게되자 당장 그녀와 혼인을 하려한다. 하지만 그의 마음은 이미 자하에게로 기울어져 있었으니. 이런 지존보의 마음을 안 백정정은 그의 곁을 떠나고 지존보는 관세음보살을 찾아가 손오공이 되겠다고 말하며 절대로 여자를 사랑하지 않겠다고 맹세하는데,,,,유진위,주성치 / 주인,4.0,"1편이 가볍게 보기 좋았다면, 2편은 묵직한 울림이 있다.",2025-12-08,https://an2-img.amz.wtchn.net/image/v2/KeetSsmSkhqP1wc_jQizUw.jpg?jwt=ZXlKaGJHY2lPaUpJVXpJMU5pSjkuZXlKdmNIUnpJanBiSW1SZk5Ea3dlRGN3TUhFNE1DSmRMQ0p3SWpvaUwzWXhMMmR6Wm1acmVXYzJhbmh0WjNGaGIyTjBkbmR0SW4wLjZQMmZkT05sSzh0eHA3ZUlla1U3YmtDb2NFQ2MyaDhGRS01ZnZSSkpvQkE=,https://an2-img.amz.wtchn.net/image/v2/c7kJJ0tYB6h9_6fqXY6VFw.webp?jwt=ZXlKaGJHY2lPaUpJVXpJMU5pSjkuZXlKdmNIUnpJanBiSW1SZk5EY3dlREkyTkhFNE1DSmRMQ0p3SWpvaUwzWXhMMjF4TjI1eGRTMHhNemN3SW4wLm1BenhSVnVoTk9jTFNzU3VMcFQyQUV5XzIwS25paEpfTFpkS1owLWgtaEU=
유주얼 서스펙트,,1995,범죄 / 미스터리 / 스릴러,,,"산 페드로 부두에서 27명이 사망하고 9,100만달러가 증발하는 유혈극이 벌어진다. 수사관 데이브 쿠얀(채즈 팰민터리)은 끔찍한 사건 현장의 유일한 생존자인 버벌(케빈 스페이시)로부터 폭발 사고의 유력한 용의자로 지목된 5인에 대한 진술을 듣는다. 유치장에서의 만남으로 시작한 그들의 6주 간의 화려한 범죄 행각들이 버벌의 진술과 함께 속속 드러나기 시작한다. 하지만 정작 용의자들도 모르게 그들의 머리 위에 존재했던 전설 속의 악마와도 같은 지하 범죄 조직의 두목 카이저 소제의 존재가 부각되며, 쿠얀은 점점 혼란에 빠지기 시작한다.",,,,브라이언 싱어,채즈 팰민테리 / 케빈 스페이시 / 스티븐 볼드윈 / 가브리엘 번 / 베니시오 델 토로,2.0,버벌의 개열받는 앞머리가 자꾸 거슬림. 반전은 둘째치고 전개가 너무 산만해서 집중이 잘 안됐다,2025-12-08,https://an2-img.amz.wtchn.net/image/v2/xzc4e4naXGNBHuCROCd6Qw.jpg?jwt=ZXlKaGJHY2lPaUpJVXpJMU5pSjkuZXlKdmNIUnpJanBiSW1SZk5Ea3dlRGN3TUhFNE1DSmRMQ0p3SWpvaUwzWXhMMjl4YkRWdGJYWnNjbnBwWm1GemJtTTFjVEZ5SW4wLlJQVXJjQmZaTmFjNkFWWm1oYmdZTEpNcGd2cERIdlc0empOYm1OS2JFOGs=,https://an2-img.amz.wtchn.net/image/v2/k0EbH1bdYUYHj3VGDeqx_g.webp?jwt=ZXlKaGJHY2lPaUpJVXpJMU5pSjkuZXlKdmNIUnpJanBiSW1SZk5EY3dlREkyTkhFNE1DSmRMQ0p3SWpvaUwzWXhMMlZ0Wm5SNmIzTjNOV1JsYkc5MmRHUnJZbVk0SW4wLlpjQkhtaGtaNk41dkJEenpnTnR6OHl2VVlXeFI4a09YV1dQQUdYalc5b1U=
파이란,,2001,드라마 / 로맨스,,,"[2025 문화다양성 주간 / 가수 이상순] 
중국 이주 여성을 통해 본 한국사회의 어두운 현실입니다. 하지만 그곳에서도 여전히 인간애를 찾아볼 수 있는 따뜻한 메시지를 전하는 작품이죠.

어디에서도 인정받지 못하는 삼류 건달 `강재`는 막장 인생의 마지막 찬스로 평생 꿈인 배 한 척을 살 돈을 받고 보스 대신 감옥에 가기로 한다. 자수를 준비하던 그에게 뜬금없이 아내의 부고 소식이 전해지는데 그녀의 이름은 `파이란`. 돈 몇 푼 받고 위장 결혼을 해준 중국 여인이었다. 얼굴도 기억나지 않는 그녀의 마지막을 배웅하러 가는 길. 너무 늦게 전해진 `파이란`의 편지에는 `강재`에 대한 고마움과 그리움, 그리고 사랑이 적혀있다.

`모두 친절하지만 강재 씨가 가장 친절합니다. 잊어버리지 않도록 보고 있는 사이에 강재 씨를 좋아하게 됐습니다. 당신의 아내로 죽는다는 것 괜찮습니까?`

세상은 날 삼류라 하고 이 여자는 날 사랑이라 한다",,,,송해성,최민식 / 장백지,3.0,강재와 파이란은 인연이라고 할 수 있을까? 신선한 소재,2025-12-08,https://an2-img.amz.wtchn.net/image/v2/l_ph4byudRAGyekfOTQdIQ.jpg?jwt=ZXlKaGJHY2lPaUpJVXpJMU5pSjkuZXlKdmNIUnpJanBiSW1SZk5Ea3dlRGN3TUhFNE1DSmRMQ0p3SWpvaUwzWXlMM04wYjNKbEwybHRZV2RsTHpFMk16VTJPVE16TWprMU5qWTRORGMzTVRNaWZRLlNWdS1oNWNfaTd2djRHTHJNU0J0YkI0MjRjUlBPRG9nUkYwR1FhbW5VNWM=,https://an2-img.amz.wtchn.net/image/v2/_xsMaQ0QIXkEo2m_f7XCqw.webp?jwt=ZXlKaGJHY2lPaUpJVXpJMU5pSjkuZXlKdmNIUnpJanBiSW1SZk5EY3dlREkyTkhFNE1DSmRMQ0p3SWpvaUwzWXlMM04wYjNKbEwybHRZV2RsTHpFMk9EY3hOVFE1TVRjd01EZzRNakk0TWpZaWZRLkNyaGM0Q3hPQ1RBMkF3YTFRV0hyMmdTUHIxLWNpd2puRFpPYjhFVHhVZEE=
전지적 독자 시점,,2025,판타지,,,"10년 이상 연재된 소설이 완결된 날 소설 속 세계가 현실이 되어 버리고, 유일한 독자였던 ‘김독자’가 소설의 주인공 ‘유중혁’ 그리고 동료들과 함께 멸망한 세계에서 살아남기 위한 이야기",,,,김병우,안효섭 / 이민호 / 채수빈,0.5,"올해 가장 아까운 두시간, 보면서 이해할 수 없었던 내용 정리

- 실뜨기하는 채수빈 (파밍한 개량 한복 포함)
- 뭔데 항상 진지한 미간을 찌뿌리는지 모를 현역 중사 (얘 무기도 진짜 가관)
- 허세 넘치지만 지하철 타고 퇴근하는 직장 상사 (생각보다 소박함)
- 커리어를 포기한듯한 예솔이 아버지
- 갑자기 주인공을 구해주는 대형 사마귀를 부르는 잼민이 (사마귀 왜 큼?)
- 세상에서 자기가 제일 멋진 이민호(근데 안멋짐)
- 자연스레 코인을 쓰고, 거래소에 아이템을 등록하는 김독자 (이 컨셉은 진짜 실사화로 보고 싶지 않았음)
- 자연스레 김독자의 충실한 펫이 되는 도깨비 (MC)
- 한마디 뱉는 순간부터 잘못된 지수 (코부터 풀고와야 할듯)
- 방금전까지 서로 죽이다가도 다같이 힘을 모아 으쌰으쌰하고 서로 격려하는 지하철 주민들
- 몬스터 디자인이란 걸 처음해본듯한 괴물 디자인

원작도 오그라들어서 초장에 포기한 나로써 이정도면 감독도 문제지만 그냥 원작도 비슷한 설정을 참고 봐야한다는거겠지?",2025-12-08,https://an2-img.amz.wtchn.net/image/v2/YnkAD0r--6dNls6Xu5Y0BA.jpg?jwt=ZXlKaGJHY2lPaUpJVXpJMU5pSjkuZXlKdmNIUnpJanBiSW1SZk5Ea3dlRGN3TUhFNE1DSmRMQ0p3SWpvaUwzWXlMM04wYjNKbEwybHRZV2RsTHpFMk5UWTBORFl3TXpBMU5qVTFJbjAuY2cyNTJBbU5nTnYyVFpvdm1xN0psT29iRF9BVkFsajJCWFFIRWc1aGY0RQ==,https://an2-img.amz.wtchn.net/image/v2/yJC6NeaIk6gtjWiNLdca1g.webp?jwt=ZXlKaGJHY2lPaUpJVXpJMU5pSjkuZXlKdmNIUnpJanBiSW1SZk5EY3dlREkyTkhFNE1DSmRMQ0p3SWpvaUwzWXlMM04wYjNKbEwybHRZV2RsTHpFeU1UWTJOVEEwTkRZek5qRTBNak1pZlEubkNyT2dpdU1RZUhyb3JGOVpFVGNabUd1N1RUOWV6RW1pbXZ4MG1ScWpxUQ==
박화영,,2017,드라마,,,"“니들은 나 없으면 어쩔 뻔 봤냐?”

이름: 박화영
나이: 18
직업: 고등학생
가족: 없는데 있음
친구: 있는데 없음

박화영의 집에 모인 모두는 매일 라면을 먹고, 매번 담배를 피우고 동갑인 화영을 ‘엄마’라고 부른다. 화영에게는 단짝인 무명 연예인 친구 미정이 있다.
미정은 또래들의 우두머리인 남자친구 영재를 등에 업고 친구들 사이에서 여왕으로 군림한다. 화영을 이용하고 괴롭히는 영재는 화영과 미정, 둘의 사이가 마땅치 않다. 어느 날 화영의 집으로 들어온 또 한 명의 가출 소녀 세진은 영재와 심상치 않은 관계가 된다. 그리고 미정보다 먼저 그 사실을 알게 된 화영은 세진을 가만두고 볼 수가 없다.

들어는 봤지만, 본 적은 없는
2018년 리얼 10대 생존기가 시작된다",,,,이환,김가희 / 강민아 / 이재균,2.5,이 정도면 감독이 박화영이라는 인물에 뭔가 맺힌게 있나 싶을 정도. 어떤 엄마한테서 자랐길래 이렇게까지 밑바닥으로 곤두박질치는지에 대한 설명도 없기에 영화가 끝날때까지 박화영에 대한 동점심조차 들지 않는다.,2025-12-04,https://an2-img.amz.wtchn.net/image/v2/BDw29MGbDg9qBI7bMH85Hw.jpg?jwt=ZXlKaGJHY2lPaUpJVXpJMU5pSjkuZXlKdmNIUnpJanBiSW1SZk5Ea3dlRGN3TUhFNE1DSmRMQ0p3SWpvaUwzWXhMMlY2ZHpCcWVqUmpaMmh5ZW14M1oyaG1kRFE1SW4wLnU5ZUJDOWhPektWVC1hQVVVNVN0RlNhOWZ5bXBGLXBwZVBUbHczT1pwLTQ=,https://an2-img.amz.wtchn.net/image/v2/Ir30wsZeqXzzK3V0WVHb2w.webp?jwt=ZXlKaGJHY2lPaUpJVXpJMU5pSjkuZXlKdmNIUnpJanBiSW1SZk5EY3dlREkyTkhFNE1DSmRMQ0p3SWpvaUwzWXhMMnRuY3pCNFl6bHpiWEk0ZW1Sd01YSnRhRFppSW4wLkV2aU56MnJnUC10aEdnVzlzOHMxMzlYMUlOcWZPT2hxZ2IzQUhIUjdEa2s=
우리들,,2015,드라마,,,"언제나 혼자인 외톨이 선은 모두가 떠나고 홀로 교실에 남아있던 방학식 날, 전학생 지아를 만난다. 서로의 비밀을 나누며 순식간에 세상 누구보다 친한 사이가 된 선과 지아는 생애 가장 반짝이는 여름을 보내는데, 개학 후 학교에서 만난 지아는 어쩐 일인지 선에게 차가운 얼굴을 하고 있다. 선을 따돌리는 보라의 편에 서서 선을 외면하는 지아와 다시 혼자가 되고 싶지 않은 선. 어떻게든 관계를 회복해보려 노력하던 선은 결국 지아의 비밀을 폭로해버리고 마는데...",,,,윤가은,최수인 / 설혜인 / 이서연 / 강민준,4.0,손끝에 남은 봉숭아 물정도의 우정만 남아 있어도 우린 서로에게 아직 기회가 있지 않을까?,2025-12-03,https://an2-img.amz.wtchn.net/image/v2/_RqHPmZJlJ9O2symA4U7gw.jpg?jwt=ZXlKaGJHY2lPaUpJVXpJMU5pSjkuZXlKdmNIUnpJanBiSW1SZk5Ea3dlRGN3TUhFNE1DSmRMQ0p3SWpvaUwzWXhMMnBoYUdOMWNIUjRaWHAyYVdabFptazRiemRxSW4wLkl3SEJyUFcwbmdKV1dOSHVfdFkyUjhpT2FiSi1Gc1FOTXZWZ09SOVlfRXc=,https://an2-img.amz.wtchn.net/image/v2/YhRzXnyNjJbAWzP07Lo3ng.webp?jwt=ZXlKaGJHY2lPaUpJVXpJMU5pSjkuZXlKdmNIUnpJanBiSW1SZk5EY3dlREkyTkhFNE1DSmRMQ0p3SWpvaUwzWXhMMkprWm5sM2VuWjRZakozYjJreGRESm1hSFptSW4wLkhJM2I3V0RGakJOaU1EREtFaFp6ZTlfQVpWc2RaTy0weHpnNWFOZVAxdHM=
이티,,1982,모험 / 가족 / SF / 키즈,,,"어느 한적한 마을의 숲속에 우주선이 나타난다. 우주선에서 내린 외계인들은 지구의 각종 표본들을 채취하던 중 인간들이 나타나자 서둘러 지구를 떠나는데, 그 와중에 뒤쳐진 한 외계인만 홀로 남게 된다. 방황하던 외계인은 한 가정 집에 숨어들고, 그 집 꼬마 엘리엇과 조우하게 된다. 엘리엇은 외계인에게 E.T.(Extra-Terrestrial)란 칭호를 붙여주고 형 마이클과 여동생 거티에게 E.T.의 존재를 밝힌다. 그때부터 삼남매는 엄마의 눈을 속인 채 집안에서 몰래 E.T.를 돌봐준다.

어느새 아이들과 E.T.사이엔 끈끈한 정이 생기고, 특히 엘리엇은 E.T.와 텔레파시로 교감할 정도로 가까워진다. 그러나 E.T.는 자신의 별로 돌아가야할 몸. 그는 아이들의 도움을 받아 집안의 잡동사니로 자신의 별과 교신할 통신장비를 만든다. 그리고 할로윈 축제를 이용해 우주선이 착륙했던 숲속으로 가서 그곳에 통신장비를 설치하지만, 그만 체력의 급격한 소모로 탈진 상태에 빠지는데...",,,,스티븐 스필버그,헨리 토머스 / 디 윌러스 / 피터 코요테 / 로버트 맥노튼 / 드류 베리모어,4.5,커서 다시보니 엄청난 설정은 아닐 수 있다. 그래도 떠듬떠듬 말하며 작별인사하는 이티를 보니 30대가 됐어도 눈물이 찔끔났다. 좋은 영화임에 틀림없다.,2025-12-03,https://an2-img.amz.wtchn.net/image/v2/euPQYuRYYQCWZZHooH_GCQ.jpg?jwt=ZXlKaGJHY2lPaUpJVXpJMU5pSjkuZXlKdmNIUnpJanBiSW1SZk5Ea3dlRGN3TUhFNE1DSmRMQ0p3SWpvaUwzWXhMM2d3YzJ0b05IaDBibkZyZUhOemVEZGpObTE1SW4wLjhCMlRJNXdTTFNTVUxwdmVSTXUzSEF2MFlXbFU5bmNHRkpCbm02UU96dEU=,https://an2-img.amz.wtchn.net/image/v2/FFdJJ7xqXbcC1W12ZxB4EQ.webp?jwt=ZXlKaGJHY2lPaUpJVXpJMU5pSjkuZXlKdmNIUnpJanBiSW1SZk5EY3dlREkyTkhFNE1DSmRMQ0p3SWpvaUwzWXhMMjExZVc5amVpMHhOekkwTUNKOS5qcTlmQ05pYldWdXo3SWZzR3FFazdfWl9YTl9jUGlJOWNKTmI2UHVQb1Zv
식스 센스,,1999,드라마 / 스릴러 / 공포 / 미스터리,,,"아동 심리학자 말콤 크로우(Malcolm Crowe: 브루스 윌리스 분)는 자신에게 치료를 받았던 환자가 총을 쏘고 자살한 사건을 겪은 후, 여덟살 난 콜 시어(Cole Sear: 할리 조엘 오스멘트 분)의 정신상담을 맡게 된다.  무성의한 치료에 앙심을 품고 자신에게 총구를 겨눈 뒤 자살한 환자의 영혼을 달래주기 위하여 닥터 크로우는 정성을 다하여 콜의 상담 치료를 맡지만 콜은 자신이 유령을 볼 수 있다면서 말콤의 치료를 잘 따르지 않는데...",,,,M. 나이트 샤말란,브루스 윌리스 / 할리 조엘 오스먼트,4.0,"그동안 이 영화의 반전을 알고 있다는 사실이 그렇게 아쉽지 않았는데, 같이 영화를 보면서 화들짝 놀라는 와이프의 얼굴을 보고 깨달았다. 하",2025-12-02,https://an2-img.amz.wtchn.net/image/v2/U74fNJabnF9n_aJ9kt-_Hw.jpg?jwt=ZXlKaGJHY2lPaUpJVXpJMU5pSjkuZXlKdmNIUnpJanBiSW1SZk5Ea3dlRGN3TUhFNE1DSmRMQ0p3SWpvaUwzWXhMMk53YTNWM2JtaHViakpoYmpjeWVuVjRlbVprSW4wLnNRZ2lLNG5wQVBGM1Q4c3lReWE0bFdCLXhpck9zTkhJRDNKd1lfTlBPamc=,https://an2-img.amz.wtchn.net/image/v2/_jtxH2OyhPflfYZtRn3H7Q.webp?jwt=ZXlKaGJHY2lPaUpJVXpJMU5pSjkuZXlKdmNIUnpJanBiSW1SZk5EY3dlREkyTkhFNE1DSmRMQ0p3SWpvaUwzWXhMMjAzWVdRM01pMHpNRFF3SW4wLjhqTWtZbERGRkgzUkpDTmR1bTRkWnY4STZsTzA2QW9FcnB4RnZWeWxESFE=
에비에이터,,2004,전기 / 드라마 / 액션 / 모험 / 로맨스,,,"당신이 꿈꿔온 모든 것들 그에게선 현실이다!
세상이 꿈꾼 모든 것이 그의 손안에 있었다!

조각같이 아름다운 외모, 총명한 두뇌, 그리고 부모로부터 물려받은 막대한 재산으로 20세의 나이에 억만장자가 된 하워드 휴즈. 그러나 그는 현재에 만족하지 않는다. 그는 모두가 불가능이라고 부른 영역에 자신의 야망을 건다. 가장 먼저 선택한 것은 영화. 기라성같은 할리웃 제작자들의 비웃음과 영화계의 냉대에도 불구하고 2년의 촬영기간, 1년의 후반작업 기간이라는 어마어마한 자본과 제작공정 끝에 <지옥의 천사들>을 발표한다. 그리고 할리웃의 모든 흥행 역사를 갈아치운다. 세상의 감탄, 그러나 놀라움은 출발에 불과했다.",,,,마틴 스콜세지,레오나르도 디카프리오 / 케이트 블란쳇 / 존 C. 라일리 / 케이트 베킨세일,2.5,디카프리오의 강박증 연기는 일품. 하지만 작품 내내 왠지모를 지루함이 계속됨,2025-11-30,https://an2-img.amz.wtchn.net/image/v2/kaOIqhvwEcgmcjqweaWQiw.jpg?jwt=ZXlKaGJHY2lPaUpJVXpJMU5pSjkuZXlKdmNIUnpJanBiSW1SZk5Ea3dlRGN3TUhFNE1DSmRMQ0p3SWpvaUwzWXhMM0I0ZFhnellXeGliRFkwYTNjemFuTXlhMnA0SW4wLjMzOGZUZGlkUS0yUGJ4NkJxT2NhMFpoVVdza0xxUDRWR09BdWNld09fc1U=,https://an2-img.amz.wtchn.net/image/v2/A0kULZNRWT0IZ9OSII6nYg.webp?jwt=ZXlKaGJHY2lPaUpJVXpJMU5pSjkuZXlKdmNIUnpJanBiSW1SZk5EY3dlREkyTkhFNE1DSmRMQ0p3SWpvaUwzWXhMM04zTUhWbmVYUmhiWFJzYXpaMGNIQmtjMmQxSW4wLnVBLWNjYWVFNkJrY3NHcHZYVFNFb0dFTUpDV3V3Rmk3cWdYRHlOWU5kN0k=
양들의 침묵,,1991,범죄 / 드라마 / 스릴러 / 공포,,,"FBI요원 스탈링(조디 포스터)은 몸집이 비대한 여자들의 살을 도려내는 변태살인자를 추적하라는 상부의 명령을 받는다. 스탈링은 사건 해결의 단서를 얻기 위해 인육을 먹은 죄로 감옥에 수감된 정신과 의사 렉터 박사(안소니 홉킨스)를 찾아간다. 지능범인 렉터와 침착하게 대처하는 스탈링은 긴장감 속에서 협상을 한다.

이러한 와중에 상원의원의 딸 캐더린이 납치된다. 결국 범인의 정체를 알려준다던 렉터는 다른 감옥으로 이송되고 스탈링은 수사에서 제외된다. 범인에 대한 단서를 알아낸 범죄심리 전문가인 렉터는 이송중에 도주한다. 스탈링은 혼자 수사를 계속하던 중 렉터와 나눈 마지막 대화를 기억하고 추적하는데...",,,,조나단 드미,조디 포스터 / 안소니 홉킨스 / 스캇 글렌,4.0,아 한니발 아무리봐도 사람 괜찮은데,2025-11-29,https://an2-img.amz.wtchn.net/image/v2/DnF6NxNfutG34BJobI5fKg.jpg?jwt=ZXlKaGJHY2lPaUpJVXpJMU5pSjkuZXlKdmNIUnpJanBiSW1SZk5Ea3dlRGN3TUhFNE1DSmRMQ0p3SWpvaUwzWXlMM04wYjNKbEwybHRZV2RsTHpFMk5EazNNalF3TWpNMk9UVXlNVEF4TWpFaWZRLlpGUFcwV056SUlRcWZKZ2l4ZXpONl9ad1Y2SF9JaDlqNW5VWnF0dUZnZGM=,https://an2-img.amz.wtchn.net/image/v2/3yg4KapqEMYLSqxNWp6Kdg.webp?jwt=ZXlKaGJHY2lPaUpJVXpJMU5pSjkuZXlKdmNIUnpJanBiSW1SZk5EY3dlREkyTkhFNE1DSmRMQ0p3SWpvaUwzWXlMM04wYjNKbEwybHRZV2RsTHpFMk5EazNNalF4TURFME9EVTFNakExTWpBaWZRLngtUVVQalhaQXY3b1gyZGRESVdpcDdmMVhhUG04S3FGOW0zYUZRRTdlZ3c=
봄날은 간다,,2001,드라마 / 로맨스,,,"사운드 엔지니어 '상우'(유지태)는 치매에 걸린 할머니와 젊은 시절 상처한 한 아버지, 고모와 함께 살고 있다. 어느 겨울 그는 지방 방송국 라디오 PD '은수'(이영애)를 만난다. 자연의 소리를 채집해틀어주는 라디오 프로그램을 준비하는 은수는 상우와 녹음 여행을 떠난다. 자연스레 가까워지는 두 사람은 어느 날, 은수의 아파트에서 밤을 보낸다. 너무 쉽게 사랑에 빠진 두 사람... 상우는 주체할 수 없을 정도로 그녀에게 빨려드는데...
 ",,,,허진호,유지태 / 이영애,4.5,상우를 보면 옛날의 내 모습이 떠올라 반갑다. 다만 결국 화가나고 답답하고 억울하기도 하고 불쌍하기도 하다. 그래도 결국 그 아프고 창피한 기억들이 진정한 짝을 만날 때 도움이 되더라. 마티즈 긁던 찌질이 상우가 결국 담담한 표정으로 은수를 바라 볼 수 있게 되듯이,2025-11-28,https://an2-img.amz.wtchn.net/image/v2/zJKIJDbQx-8f6RVBU_ZOvA.jpg?jwt=ZXlKaGJHY2lPaUpJVXpJMU5pSjkuZXlKdmNIUnpJanBiSW1SZk5Ea3dlRGN3TUhFNE1DSmRMQ0p3SWpvaUwzWXhMM2sxY0hveWNUbGpkbnB0YVdweGFITjBlWE56SW4wLjdJWU5BcVN6bzJEbTVOMmFXa3J0WlZvRUh5NXNrX1lnMm0zWWRVR2l4dUE=,https://an2-img.amz.wtchn.net/image/v2/6kNEzPAoJ3YUGUZMu_iVsA.webp?jwt=ZXlKaGJHY2lPaUpJVXpJMU5pSjkuZXlKdmNIUnpJanBiSW1SZk5EY3dlREkyTkhFNE1DSmRMQ0p3SWpvaUwzWXhMMmh4ZG00NU1tcHJOSGwwWlhKbmVtMXJlV3QwSW4wLmVNWXExeTBvZ0dnMFEteF85VGpjMEhrREtaUEU1MlRNQjhXRHh4alhCamc=
서유기 - 월광보합,,1994,판타지 / 코미디 / 액션,,,"손오공은 당삼장과 서경을 구하러 가지 않고 사부 담상장을 먹으면 불로장생한다는 말에 혹해 우마왕과 결탁, 당삼장을 죽이려 한다. 이에 관세음이 나타나 손오공을 꾸짖지만 손오공은 잘못을 뉘우치지 않고 오히려 큰소리를 치자 격분한 관세음은 손오공을 소멸시킨다. 이에 당삼장이 자신의 목숨을 바치면서 손오공의 환생을 간청하자 손오공을 인간으로 환생시키기로 약속한다.  그로부터 500년 후, 손오공은 오악산 산적무리들의 우두머리인 지존보로 태어난다. 그런 어느날 춘삼십랑과 백정정이라는 두 요괴가 나타나 지존보에게 발바닥에 점이 세 개 있는 사람을 찾으라고 협박한다. 이들은 당삼장을 먹으면 불로장생한다는 사실에 당삼장이 환생한다는 소식을 듣고 분명히 손오공과 만날 것이라고 판단, 손오공을 찾아온 것이다. 그리고 얼마 후에 우마왕까지 합세해 요괴들간의 결전이 벌어진다.",,,,유진위,주성치 / 오맹달,4.0,주성치식 환골탈태 : 거시기에 붙은 불 밟아서 끄기,2025-11-27,https://an2-img.amz.wtchn.net/image/v2/MyEaFvCLYxxz63PsiYekzQ.jpg?jwt=ZXlKaGJHY2lPaUpJVXpJMU5pSjkuZXlKdmNIUnpJanBiSW1SZk5Ea3dlRGN3TUhFNE1DSmRMQ0p3SWpvaUwzWXlMM04wYjNKbEwybHRZV2RsTHpFMk9URXhNRFF6TXpZM09ERTFORGN5T1RJaWZRLk11RlhNeklXR2lQeDdzRHdzZzBQR0ZGdVdKRU5MYWlVeUxaNmoyaEpZZ0k=,https://an2-img.amz.wtchn.net/image/v2/VcAli5RQg5wbOCYtx1eapg.webp?jwt=ZXlKaGJHY2lPaUpJVXpJMU5pSjkuZXlKdmNIUnpJanBiSW1SZk5EY3dlREkyTkhFNE1DSmRMQ0p3SWpvaUwzWXhMMjAxY1dkamRpMHhNak14SW4wLmFtNEw2WjdhelNuanFaNjk0QzloRDQzcTJlbXNZM1I3Ylo0eC04dlBsWWM=
퍼시픽 림,,2013,SF / 모험 / 액션,,,"2025년, 일본 태평양 연안의 심해에 커다란 균열이 일어난다. 정체를 알 수 없었던 이곳은 지구와 우주를 연결하는 포탈이었고 여기서 엄청난 크기의 외계괴물 ‘카이주(Kaiju)가 나타난다. 일본 전역을 시작으로 미국, 중국, 러시아, 호주 등 지구 곳곳을 파괴하며 초토화시키는 카이주의 공격에 전 세계가 혼돈에 빠진다. 전 지구적인 비상사태 돌입에 세계 각국의 정상들은 인류 최대의 위기에 맞서기 위한 지구연합군인 ‘범태평양연합방어군’을 결성, 각국을 대표하는 메가톤급 초대형 로봇 ‘예거(Jaeger)’를 창조한다. 상상을 초월하는 수퍼 파워, 뇌파를 통해 파일럿의 동작을 인식하는 신개념 조종시스템을 장착한 예거 로봇과 이를 조종하는 최정예 파일럿들이 괴물들에게 반격을 시작하면서 사상 초유의 대결이 펼쳐진다. 상상의 끝은 없다! 얼마든지 기대하라!",,,,기예르모 델 토로,찰리 헌냄 / 이드리스 엘바 / 키쿠치 린코 / 찰리 데이 / 론 펄먼,2.0,인간들땜에 보고 있기 힘들다,2025-11-26,https://an2-img.amz.wtchn.net/image/v2/-NUyjK192Sq8thNVpSq7wQ.jpg?jwt=ZXlKaGJHY2lPaUpJVXpJMU5pSjkuZXlKdmNIUnpJanBiSW1SZk5Ea3dlRGN3TUhFNE1DSmRMQ0p3SWpvaUwzWXhMMmRpYmpWdmIzVnJkV2h3WVRkdGJIVjNjekZpSW4wLjJXMVN3Smh2UFRHSUs5OVZhaWZwekFDNUhUZkQwNzNmaE5VTWhfeUdsSWM=,https://an2-img.amz.wtchn.net/image/v2/xi80Tww2i46dHu5hlpcOCQ.webp?jwt=ZXlKaGJHY2lPaUpJVXpJMU5pSjkuZXlKdmNIUnpJanBiSW1SZk5EY3dlREkyTkhFNE1DSmRMQ0p3SWpvaUwzWXhMMk42YkhCcWRIUnhjVFEyZW5wNWRYVTVlSGRoSW4wLmdzSVVBQ0w4VXk4bFJ1aXVMdFVJaE1HcnhsLU02SHpSX0JfZWZZTHlSRGc=
퀴어,,2024,드라마 / 로맨스 / 전기 / 역사,,,"“내가 빠져든 건 네 찬란함일까, 젊음일까”

1950년대 멕시코시티. 미국에서 도망친 뒤 마약과 알코올에 빠져 방탕한 생활을 즐기는 작가 리. 함께할 수 있는 상대라면 누구든 상관없었던 리는 태양이 마지막 열기를 태워내며 타오르는 오후에 아름다운 청년 유진을 만나 첫눈에 빠져든다.

“그저 다정하게만 대해줘
일주일에 두 번 정도”

노골적인 관심과 구애 끝에 유진과 특별한 밤을 보낸 리. 하지만 마음을 알 수 없는 미스터리한 유진의 태도에 리는 점점 더 그를 갈망하며 집착하게 되는데...

<콜 미 바이 유어 네임> 루카 구아다니노 감독이 그리는
매혹적인 사랑의 에필로그",,,,루카 구아다니노,다니엘 크레이그,3.0,난 이제 다니엘 크레이그를 보면 제임스 본드가 떠오르지 않는다 그냥 남미새 게이로만 보인다,2025-11-25,https://an2-img.amz.wtchn.net/image/v2/jWSL2BbU9lDZD97rVXyUWA.jpg?jwt=ZXlKaGJHY2lPaUpJVXpJMU5pSjkuZXlKdmNIUnpJanBiSW1SZk5Ea3dlRGN3TUhFNE1DSmRMQ0p3SWpvaUwzWXlMM04wYjNKbEwybHRZV2RsTHpRME56TXlNakU1TnprNU9UUXhOVFlpZlEuT2dvbWU1aHpYUkpDR3JfaDl0S3lKWG94TTNSSmM1SXhoNWMtTmFoX25PUQ==,https://an2-img.amz.wtchn.net/image/v2/U-OWp9sEUsYG_j5uiWQ5rQ.webp?jwt=ZXlKaGJHY2lPaUpJVXpJMU5pSjkuZXlKdmNIUnpJanBiSW1SZk5EY3dlREkyTkhFNE1DSmRMQ0p3SWpvaUwzWXlMM04wYjNKbEwybHRZV2RsTHpVME9EY3hNemN5TURjNE56WTNPREFpZlEuS1pWZms4am1heVNPYnFPZ2FUNVZRY2J1Qlk4TlVnMGJuSnNLX0pjNkFZNA==
미치광이 피에로,,1965,범죄 / 드라마 / 로맨스,,,"실직자인 페르디낭과 그의 옛 연인 마리안의 환상적인 모험과 파멸을 그린 이 영화는 현대인의 사랑과 고독을 두 인물의 도피적 행각을 통해 보여준다. 영화는 페르디낭의 일기를 통해서 진행되며 고다르 특유의 나레이션과 다른 영화의 인용, 르느와르와 모딜리아니의 그림과 만화가 계속 등장한다. 또한 이 영화에는 월남전, 할리우드, 케네디의 암살 등의 정치적 문제들도 빈번하게 등장한다. 페르디낭은 부유한 이탈리아 여자와 함께 살고 있는 전직 스페인어 교사이다. 어느 날 딸의 베이비시터로 마리안이라는 아름다운 여자가 집으로 찾아오고, 둘 사이엔 미묘한 분위기가 흐른다. 부인과 함께 초대받은 리셉션에서 페르디낭은 사람들의 얼굴에 케이크를 던진 후, 마리안과 함께 모험의 길을 훌쩍 떠난다. 누벨바그의 뮤즈 안나 카리나와 <네 멋대로 해라>의 장 폴 벨몽도가 연기하는 커플의 낭만적이고도 절망적인 질주가 빼어난 영상 속에서 펼쳐지는 더 이상 말이 필요 없는 영화.",,,,장 뤽 고다르,장 폴 벨몽도 / 안나 카리나 / 앙리 아탈,2.5,뭐라 설명하기 어렵다 자유분방 하다라는 표현이 가장 적절한 것 같다,2025-11-24,https://an2-img.amz.wtchn.net/image/v2/6gXm_ia4UzDESihKnyNrvA.jpg?jwt=ZXlKaGJHY2lPaUpJVXpJMU5pSjkuZXlKdmNIUnpJanBiSW1SZk5Ea3dlRGN3TUhFNE1DSmRMQ0p3SWpvaUwzWXhMMk5uZFd4Nk5IbGxablpyZGpCaFpIQjJiM1p4SW4wLi1PTng3blRNbnVxWkhUUmVSNW4xLVVGamdMOEIxaHZ2eWZWLXZ6clQtdGc=,https://an2-img.amz.wtchn.net/image/v2/SGJtIW77CKUEQkHpaOB8AQ.webp?jwt=ZXlKaGJHY2lPaUpJVXpJMU5pSjkuZXlKdmNIUnpJanBiSW1SZk5EY3dlREkyTkhFNE1DSmRMQ0p3SWpvaUwzWXhMMmQzZG5WNmEyWmtaamw2YzNBNVpUUnpPSGhtSW4wLkNDTUZ0Z3VoUTNyY05aaXJZM05CcUZWSUhhX3ZuY0g3ekp2WkRnOVprSGc=
그을린 사랑,,2010,드라마 / 미스터리,,,"쌍둥이 남매 잔느와 시몽은 어머니의 마지막 유언을 듣고 충격에 빠진다. 바로 죽은 줄 알았던 아버지와 존재조차 몰랐던 형제를 찾아 어머니가 쓴 편지를 전하라는 것. 남매는 아버지와 형제를 찾기 위해 어머니의 과거를 쫓기 시작하고, 숨겨진 진실을 알게 되는데…",,,,드니 빌뇌브,루브나 아자발 / 멜리사 디소르미스-폴린 / 맥심 고데테,5.0,살면서 본 영화 중에 가장 절망적인 경험,2025-11-22,https://an2-img.amz.wtchn.net/image/v2/SjwHu_9koaYLaMUTU832lQ.jpg?jwt=ZXlKaGJHY2lPaUpJVXpJMU5pSjkuZXlKdmNIUnpJanBiSW1SZk5Ea3dlRGN3TUhFNE1DSmRMQ0p3SWpvaUwzWXlMM04wYjNKbEwybHRZV2RsTHpFd01EVXdNREl5TXpreU9UUTBPRElpZlEuYktFenBuSlQ3S2hjQkwwUTdPdU1xN09lcXVYTkpSMjZHTzNKUVFlSmZhOA==,https://an2-img.amz.wtchn.net/image/v2/brTVOxOD8JqZ6mEnK8j5fg.webp?jwt=ZXlKaGJHY2lPaUpJVXpJMU5pSjkuZXlKdmNIUnpJanBiSW1SZk5EY3dlREkyTkhFNE1DSmRMQ0p3SWpvaUwzWXhMMlJuZVhSdmRXVmhZekprWm01bU9XVjRaSEo1SW4wLlk0N0dsQlZaSExNUFJlRkRLMFl1dTV3MjRXeTVxUW1IYlVoVnNsdjJLbFE=
나우 유 씨 미 2,,2016,액션 / 모험 / 코미디 / 범죄 / 미스터리 / 스릴러,,,"2년 전, 전세계를 무대로 한 통쾌하고 짜릿한 완전범죄 매직쇼로 세계를 발칵 뒤집어 놓은 그들이 이번에는 더욱 업그레이드 된 스케일과 상상 이상의 마술로 지상 최대의 적과 맞선다!",,,,존 추,제시 아이젠버그 / 마크 러팔로 / 우디 해럴슨 / 데이브 프랭코 / 리지 캐플란,1.5,반전을 너무 많이 껴놔서 피로함 나중에는 걍 대충 반전 나오겠지 싶음. 그리고 헐크 아저씨 캐릭터는 진짜 뭐냐? 도저히 납득이 안가는 놈일세 몰입이 안됨 디아인지 뭔지 마술사 집단도 니들이 뭔데?,2025-11-21,https://an2-img.amz.wtchn.net/image/v2/usilQfuzcXK5wegNjs9Qog.jpg?jwt=ZXlKaGJHY2lPaUpJVXpJMU5pSjkuZXlKdmNIUnpJanBiSW1SZk5Ea3dlRGN3TUhFNE1DSmRMQ0p3SWpvaUwzWXhMM1F6ZW1RM1lXRmhPVFp3T1dSamQzWnpjbXRpSW4wLnZBR25DdmwzVG5DN2h3TmpLazAzS0xFMHFSMDJTdmVhSmNjMk9SWklMSG8=,https://an2-img.amz.wtchn.net/image/v2/u7JOGfltkgbYCOrn8-pA7A.webp?jwt=ZXlKaGJHY2lPaUpJVXpJMU5pSjkuZXlKdmNIUnpJanBiSW1SZk5EY3dlREkyTkhFNE1DSmRMQ0p3SWpvaUwzWXhMM0ZvWm5rNWVYVjZZbU42YzJObGIzbzRiM0J6SW4wLjAwMnhKal9jUktyUkJsVy1iOFRaS2dMU1FlZ3hWTTBwVk1CZmgxQzhhMzQ=
반지의 제왕: 왕의 귀환,,2003,액션 / 모험 / 드라마 / 판타지,,,"모든 힘을 지배할 악의 군주 ‘사우론’의 절대반지가 깨어나고 악의 세력이 세상을 지배해가며 중간계는 대혼란에 처한다. 호빗 ‘프로도’와 그의 친구들, 엘프 ‘레골라스’, 인간 전사 ‘아라곤’과 ‘보로미르’ 드워프 ‘김리’ 그리고 마법사 ‘간달프’로 구성된 반지원정대는 평화를 지키기 위해 절대반지를 파괴할 유일한 방법인 반지가 만들어진 모르도르를 향해 목숨을 건 여정을 떠난다. 한편, 점점 세력을 넓혀온 사우론과의 피할 수 없는 전쟁을 앞둔 반지원정대는 드디어 거대한 최후의 전쟁을 시작하는데...",,,,피터 잭슨,일라이저 우드 / 이안 맥켈런 / 비고 모텐슨 / 숀 애스틴 / 앤디 서키스,5.0,샘의 하드캐리 편. 사실상 반지만 안건드렸지 운송/운반을 모두 책임진 샘와이즈 더 브레이브,2025-11-21,https://an2-img.amz.wtchn.net/image/v2/lIpvLyP3S9T9d03ir9pEug.jpg?jwt=ZXlKaGJHY2lPaUpJVXpJMU5pSjkuZXlKdmNIUnpJanBiSW1SZk5Ea3dlRGN3TUhFNE1DSmRMQ0p3SWpvaUwzWXlMM04wYjNKbEwybHRZV2RsTHpFMk1UWXdNekl5T1RnMU5ESTBOekkwTnpNaWZRLmlfcUdscUVxRkNKOURTZUJNR1ByQjNDeU5CTXB0bF9ZRmNyd2dtbk4wWHc=,https://an2-img.amz.wtchn.net/image/v2/rqGE_R2Nd_N_uzQCzjGfhg.webp?jwt=ZXlKaGJHY2lPaUpJVXpJMU5pSjkuZXlKdmNIUnpJanBiSW1SZk5EY3dlREkyTkhFNE1DSmRMQ0p3SWpvaUwzWXhMMlZrY25SeVoyODVPR1JvZERscGNHbDZhM04zSW4wLmVZY0Q1Wlhxazlva2FPakZGamZqUzlPd1pXX3Z5NXE2Y3dJYWhUOXMzSGs=
반지의 제왕: 두 개의 탑,,2002,판타지 / 드라마 / 액션 / 모험,,,"모든 힘을 지배할 악의 군주 ‘사우론’의 절대반지가 깨어나고 악의 세력이 세상을 지배해가며 중간계는 대혼란에 처한다. 호빗 ‘프로도’와 그의 친구들, 엘프 ‘레골라스’, 인간 전사 ‘아라곤’과 ‘보로미르’ 드워프 ‘김리’ 그리고 마법사 ‘간달프’로 구성된 반지원정대는 평화를 지키기 위해 절대반지를 파괴할 유일한 방법인 반지가 만들어진 모르도르를 향해 목숨을 건 여정을 떠난다. 한편, 점점 세력을 넓혀온 사우론과의 피할 수 없는 전쟁을 앞둔 반지원정대는 드디어 거대한 최후의 전쟁을 시작하는데...",,,,피터 잭슨,일라이저 우드 / 이안 맥켈런 / 리브 타일러 / 비고 모텐슨 / 숀 애스틴,5.0,휴 나도 이제 헬름협곡 전투씬을 보고 소름이 돋을수 있다,2025-11-21,https://an2-img.amz.wtchn.net/image/v2/d_-pAjlp1ol2Vxq4HOHbgQ.jpg?jwt=ZXlKaGJHY2lPaUpJVXpJMU5pSjkuZXlKdmNIUnpJanBiSW1SZk5Ea3dlRGN3TUhFNE1DSmRMQ0p3SWpvaUwzWXlMM04wYjNKbEwybHRZV2RsTHpFMk1UWXdNekl5TXpRd01UWXpNVFUyTnpJaWZRLmlseFBKdTdFWGs1QmxNRmdyMjNiRndnc1BnUGRNQS1Dbnpaamt3dWU3Mm8=,https://an2-img.amz.wtchn.net/image/v2/qmzp759etDRTBjBM_1R0Xw.webp?jwt=ZXlKaGJHY2lPaUpJVXpJMU5pSjkuZXlKdmNIUnpJanBiSW1SZk5EY3dlREkyTkhFNE1DSmRMQ0p3SWpvaUwzWXhMMk4yZFRVNU1uQnNaMlUyZVhKdVlUZHhhSEptSW4wLmlsTmxSMG92RHh2a25LemdEZ3hHM0RySmRlSVNwWDBBX250NWRwRGJDbDA=
반지의 제왕: 반지 원정대,,2001,판타지 / 드라마 / 액션 / 모험,,,"마지막 반지를 차지하는 자
모든 힘을 지배하게 될 것이다!

모든 힘을 지배할 악의 군주 ‘사우론’의 절대반지가 깨어나고 악의 세력이 세상을 지배해가며 중간계는 대혼란에 처한다. 호빗 ‘프로도’와 그의 친구들, 엘프 ‘레골라스’, 인간 전사 ‘아라곤’과 ‘보로미르’ 드워프 ‘김리’ 그리고 마법사 ‘간달프’로 구성된 반지원정대는 평화를 지키기 위해 절대반지를 파괴할 유일한 방법인 반지가 만들어진 모르도르를 향해 목숨을 건 여정을 떠난다. 한편, 점점 세력을 넓혀온 사우론과의 피할 수 없는 전쟁을 앞둔 반지원정대는 드디어 거대한 최후의 전쟁을 시작하는데...",,,,피터 잭슨,일라이저 우드 / 이안 맥켈런 / 비고 모텐슨 / 숀 애스틴 / 리브 타일러,5.0,ocn 짤짤이로 보던걸 미루고 미루다 드뎌 봄. 발암캐로만 기억했던 프로도의 그릇이 얼마나 큰 지 알수 있었다.,2025-11-21,https://an2-img.amz.wtchn.net/image/v2/1E9ZN6C7ATEGolUAh_0k_w.jpg?jwt=ZXlKaGJHY2lPaUpJVXpJMU5pSjkuZXlKdmNIUnpJanBiSW1SZk5Ea3dlRGN3TUhFNE1DSmRMQ0p3SWpvaUwzWXlMM04wYjNKbEwybHRZV2RsTHpFMk1UVXhPRGc1TmpZeU9UazFOemd4TmpnaWZRLmJ3OUJObXpHbGRBY1pZMU92aVNqdFVPMmtWakhFZkdCU0UxOUJWQkJ0ZTg=,https://an2-img.amz.wtchn.net/image/v2/qtC84XsyfHaKzpngsRbAsA.webp?jwt=ZXlKaGJHY2lPaUpJVXpJMU5pSjkuZXlKdmNIUnpJanBiSW1SZk5EY3dlREkyTkhFNE1DSmRMQ0p3SWpvaUwzWXhMM0pxT1d4c2VYbHRhbkp5ZUhSMGVIcDFjWGc1SW4wLldlNE9xTV9CNTZSN2RXdkV3alZzYWRKTVFvbmVqclRKVVBvVGc5eUFfLWc=
손님,,2011,드라마 / 단편,,,아빠를 훔쳐간 불륜녀의 집에 들이닥쳐 분노를 폭발시키는 소녀. 하지만 그 곳엔 동그마니 어린 두 남매만 집을 지키고 있다. 불륜녀를 기다리던 소녀는 남매를 보며 무슨 생각을 할까? 질풍노도의 사춘기 소녀가 겪는 성장통의 한 단면을 예리하게 포착해낸 수작.,,,,윤가은,정연주 / 이지우 / 송예림 / 백병철,4.0,윤가은 감독 작품 손님으로 시작합니다,2025-11-20,https://an2-img.amz.wtchn.net/image/v2/dA0mo57HN8t9zSTHkkBhQQ.jpg?jwt=ZXlKaGJHY2lPaUpJVXpJMU5pSjkuZXlKdmNIUnpJanBiSW1SZk5Ea3dlRGN3TUhFNE1DSmRMQ0p3SWpvaUwzWXhMM0JpWTNJMGFYUnZkV1ppTUdFMGJtOWtZMkZvSW4wLm04WGRKcXJXNzRCcU53RVNUNS1SS1RHX1daMGdNY3k1dEdpMDZmR3BaYzg=,https://an2-img.amz.wtchn.net/image/v2/zegTWehLEQ_jA_wRWg4r6A.webp?jwt=ZXlKaGJHY2lPaUpJVXpJMU5pSjkuZXlKdmNIUnpJanBiSW1SZk5EY3dlREkyTkhFNE1DSmRMQ0p3SWpvaUwzWXhMMjF6WmpneWFDMDVOVFF6T1NKOS5XQ0Z5NWF0dXBxbkxiZTAyTkNNTk45MU9iMkpqQzFIdmpVbzdFTUlhUDgw
4학년 보경이,,2014,드라마,,,"동양화과 졸업반 보경은 덕우와 4년째 연애 중이나 선배가 좋다. 선배의 집에 다녀온 보경은 연일 덕우를 시켜 버려진 소파와 중고 선풍기를 작업실로 들여 놓는다. 

이옥섭이라는 이름이 이미 하나의 브랜드가 되었다는 데 나도 당신도 모두 동의할 것이다. 누군가를 향한 삐걱대는 마음들, 초라하지만 단단한 진심들, 왠지 어딘가로 도망가고 싶게 만드는 웃지 못할 상황들에 나도 당신도 언제든지 마음을 빼앗기고 만다. <4학년 보경이>는 이옥섭의 브랜드 가치다. 그리고 중고 선풍기가 나오는 모든 한국영화들 중 가장 멋진 영화다. (최은규) [2023년 24회 전주국제영화제]",,,,이옥섭,김꽃비 / 구교환 / 백수장 / 류제승,3.0,구교환이라서 설득이 되는 단편,2025-11-20,https://an2-img.amz.wtchn.net/image/v2/8FzZFdGA9n2KCAENixqmWQ.jpg?jwt=ZXlKaGJHY2lPaUpJVXpJMU5pSjkuZXlKdmNIUnpJanBiSW1SZk5Ea3dlRGN3TUhFNE1DSmRMQ0p3SWpvaUwzWXhMMk0wYUdKb2RqWm9jREp3ZVhoc09UVnJhV2RqSW4wLkNhTkJqUUxSYmhfM2lPYk4wLXlfV3Zna3AwT0ZDUEZpSnhlV2FCUllKWjA=,https://an2-img.amz.wtchn.net/image/v2/7xUu_bnymsXNoSkXP7vM5g.webp?jwt=ZXlKaGJHY2lPaUpJVXpJMU5pSjkuZXlKdmNIUnpJanBiSW1SZk5EY3dlREkyTkhFNE1DSmRMQ0p3SWpvaUwzWXhMMmRyWjNaMGFIbDJlbTEzZFhGMmRXMW1NWFp3SW4wLnBiNzk3bjRYdEZxdTJxZmtjaHBxeHdCbmNkX1VuZmg5aGZOOUMyQVktdFE=
12번째 보조사제,,2014,단편 / 공포 / 판타지,,,최부제와 김신부는 영신의 몸을 숙주 삼아 살고 있는 악마를 내쫓기 위해 그녀의 집을 방문한다. 쳐다보지도 말고 대답해주지도 말고 듣지도 말라는 김신부의 말에 결의에 찬 최부제는 대답한다. “걱정하지 마십시오. 모든 준비가 되었습니다.” [제15회 전주국제영화제],,,,장재현,이학주 / 박지일 / 임성미,3.5,30분도 안되는데 맛있다,2025-11-20,https://an2-img.amz.wtchn.net/image/v2/GETaQLvM5840bOxarvpkUQ.jpg?jwt=ZXlKaGJHY2lPaUpJVXpJMU5pSjkuZXlKdmNIUnpJanBiSW1SZk5Ea3dlRGN3TUhFNE1DSmRMQ0p3SWpvaUwzWXhMMjF5WTNSbmFtUm1iMk5vWm14cGNYSm5kMk5tSW4wLjZLSTd5dTFiNFVlbzBvQTI3Tzh6OFBzc3MxRzNNYlNDUG9pSmZURVhoSjQ=,https://an2-img.amz.wtchn.net/image/v2/j1jl7KcraLuiyPF_85Lzsg.webp?jwt=ZXlKaGJHY2lPaUpJVXpJMU5pSjkuZXlKdmNIUnpJanBiSW1SZk5EY3dlREkyTkhFNE1DSmRMQ0p3SWpvaUwzWXlMM04wYjNKbEwybHRZV2RsTHpFMk16ZzNOVE15T0RBMU9ERXhNRGs1TmpZaWZRLmlBRlVzbWlFbHRxUTZqc2xzdU1GejhDZHdDWW9lbkMzcHgyY00zRVVTZXc=
나우 유 씨 미: 마술사기단,,2013,범죄 / 미스터리 / 스릴러,,,1년 전만 해도 무명이었던 길거리 마술사 '포 호스맨'은단 3초 만에 파리 은행의 비자금을 통째로 털어 관객들에게 뿌리는 매직쇼를 성공시켜 전세계의 이목을 끈다. 하지만 이것은 '시선 끌기'였을 뿐! 포 호스맨의 범행은 점점 더 거대해지고 치밀해지는데...,,,,루이 르테리에,제시 아이젠버그 / 우디 해럴슨 / 아일라 피셔 / 데이브 프랭코 / 마크 러팔로,2.5,킬링타임으로 좋다고 생각했는데 마지막 반전이 너무너무너무 오그라듦,2025-11-19,https://an2-img.amz.wtchn.net/image/v2/zq1qq9rEzllR9tGIykiZZw.jpg?jwt=ZXlKaGJHY2lPaUpJVXpJMU5pSjkuZXlKdmNIUnpJanBiSW1SZk5Ea3dlRGN3TUhFNE1DSmRMQ0p3SWpvaUwzWXhMMk53TVhGamNIcDRZWE5xWjNWNmJUSm9hWE15SW4wLl9Dd3U4dVFwblI1T1MzYm10WTdHTU9zOVpKWF95c3BHWXhpN2oxcnJBbGc=,https://an2-img.amz.wtchn.net/image/v2/gQknDzIMVnwo_FC4fN4I_w.webp?jwt=ZXlKaGJHY2lPaUpJVXpJMU5pSjkuZXlKdmNIUnpJanBiSW1SZk5EY3dlREkyTkhFNE1DSmRMQ0p3SWpvaUwzWXhMMncwY214a2NuQndaM0ZqZDNaNk1HWnljSFJqSW4wLnM5ZmhtYlEzcU90cV9vNkFQR3puckttU0ZCb3lXMGVIejliV2p1d2Z6VzQ=
녹차의 맛,,2003,코미디 / 드라마,,,"고백하기 전에 전학을 간 첫사랑으로 인해 우울한 나날을 보내는 아들 ‘하지메’
시도 때도 없이 나타나는 거대한 자신을 마주하는 딸 ‘사치코’
오래 전 그만둔 애니메이터 일을 다시 시작하고 싶은 엄마 ‘요시코’
최면술사 아빠 ‘노부’
자신을 예술가라고 믿는 괴짜 할아버지 ‘아키라’
전 연인의 결혼 소식을 듣게 된 삼촌 ‘아야노’

작은 산간 마을에 사는
엉뚱하고 조금 특별한 우리 가족의 이야기",,,,이시이 카츠히토,반노 마야 / 사토 타카히로 / 아사노 타다노부 / 테즈카 사토미 / 가슈인 타츠야,4.5,자기 유골에 똥싼 남자아이 곁을 멤도는 야쿠자 귀신 하나 만으로도 이 영화가 보통이 아니란 걸 알 수 있다.,2025-11-18,https://an2-img.amz.wtchn.net/image/v2/gQlBIWiIPxG97sOWwIE1fQ.jpg?jwt=ZXlKaGJHY2lPaUpJVXpJMU5pSjkuZXlKdmNIUnpJanBiSW1SZk5Ea3dlRGN3TUhFNE1DSmRMQ0p3SWpvaUwzWXlMM04wYjNKbEwybHRZV2RsTHpFME1URTFOVEEzT1RFeE5EZzRJbjAuQlBITTNTeWVhbWxvSE96Y1F0RFF1RG1QdnFmcDhySkRmOV9QWDhQMkh4cw==,https://an2-img.amz.wtchn.net/image/v2/khdoOXOU2_l_sz8PHuBtKw.webp?jwt=ZXlKaGJHY2lPaUpJVXpJMU5pSjkuZXlKdmNIUnpJanBiSW1SZk5EY3dlREkyTkhFNE1DSmRMQ0p3SWpvaUwzWXlMM04wYjNKbEwybHRZV2RsTHprd05EUTVOVGcxTnpNd09ERTFJbjAuZ0YwTG1mODFlUXQ1ZFR0WDE0NGhVbTR5b3hOTWgwTGVWcXF0UmsxRHBTcw==
아임 낫 데어,,2007,전기 / 드라마 / 음악,,,"<아임 낫 데어>는 전설적 포크락 가수 밥 딜런 특유의 시적인 가사를 줄기로 삼아 밥 딜런의 7가지 서로 다른 자아의 이미지와 이야기들을 연달아 진행시키며 미국 역사상 가장 강렬한 아이콘의 생동감 있는 초상을 완성한다. 음악적 변신으로 비난 받는 뮤지션 '쥬드'(케이트 블란챗), 저항음악으로 사랑받는 포크 가수 '잭'(크리스찬 베일), 회심한 가스펠 가수 '존'(크리스찬 베일)이 대중에게 주목받는 뮤지션으로서의 밥딜런의 실제 삶을 보여준다면, 영화 속 영화에서 '잭'을 연기하는 배우인 '로비'(히스 레저)는 밥 딜런이 아니면서도 어딘가 그를 닮은 미묘한 인상을 남긴다. 은퇴한 총잡이 '빌리'(리처드 기어)와 시인 '아서'(벤 위쇼). 그리고 음악적 스승 '우디'는 밥 딜런의 문화적 배경과 영감의 원천을 상징하며 아이덴티티를 농밀하게 완성해낸다.  영화제 소개 글. 밥 딜런의 삶과 음악을 일곱명의 캐릭터를 통해 비춰낸다는, 색다른 형식의 전기영화. 영화는 밥 딜런이 살았던 시대와 인생에 대한 비전통적인 여행이다. 6명의 배우가 딜런의 페르소나-공적, 사적, 환상적인 페르소나에 이르기까지-가 되어 연이어 등장하며 미국 역사상 가장 강렬한 아이콘의 생동감있는 초상을 완성한다. 시인, 선지자, 외부인, 가짜, 유명스타, 록커, 회심한 기독인이라는 7개의 아이덴티티가 함께 모여 각각이 은유하고 있는 시대를 농밀하게 표현하며 하나의 인생을 살아 숨쉬게 한다.",,,,토드 헤인즈,크리스찬 베일 / 케이트 블란쳇 / 마커스 칼 프랭클린 / 리차드 기어 / 히스 레저,1.5,밥 딜런을 잘 알수록 잘 보이는 영화라는 건 알겠는데 꽤나 불친절하고 잘난척하면서 만든 영화임에는 틀림없다. 밥 딜런 공부할 생각도 이 영화를 다시 볼일도 없을 듯,2025-11-17,https://an2-img.amz.wtchn.net/image/v2/EeO-2iI6wxqlPg-oVCdJDw.jpg?jwt=ZXlKaGJHY2lPaUpJVXpJMU5pSjkuZXlKdmNIUnpJanBiSW1SZk5Ea3dlRGN3TUhFNE1DSmRMQ0p3SWpvaUwzWXhMM2QyWkhObmNtSXhlSFp4Y0dGMWQzTmplR2h2SW4wLmZoSnFyb1JDZ2hVQ1RZVEZtYVU4TGlJcGh4UlJzaGJzMEYzV1RCd1ZKNjA=,https://an2-img.amz.wtchn.net/image/v2/5n5LMiIntyUkC0ue1TNPPw.webp?jwt=ZXlKaGJHY2lPaUpJVXpJMU5pSjkuZXlKdmNIUnpJanBiSW1SZk5EY3dlREkyTkhFNE1DSmRMQ0p3SWpvaUwzWXhMMjFwWVc1dmJ5MHhOelF5SW4wLjZpOEhSNF9pbVZ6MDNwSDdPb01EUVZzUWdUZjZfOUpoem8wWjc3dURkcmc=
홍등,,1991,드라마 / 로맨스 / 역사,,,"1920년대 중국. 송련(공리 분)은 대학을 중퇴하고 계모의 강요에 못이겨 지극히 봉건적인 가문인 진어른댁에 네째 첩으로 들어간다. 진은 네 명의 부인 중에 매일 한명을 택해 잠자리를 같이하는데 선택당한 부인의 처소에는 그날밤 홍등을 밝히는 가풍이 조상대대로 전해져 내려온다.

네명의 부인들은 서로 시기하고 모략하는데 송련은 차츰 자신의 존재가 한낱 노리개에 불과하다는 것을 깨닫고 허탈감에 빠지고, 셋째부인이 부정을 저질러 죽음을 당하는 것을 목격하고 미쳐버린다. 그러나 진은 다섯째부인을 새로 맞아들이고 중국 봉건 사회의 폐습은 수레바퀴 돌 듯 지속된다.",,,,장예모,공리,4.0,타인에 의해 정의되는 행복의 결말은 정해져 있다고 말해주는 영화.  내내 켜졌다 꺼졌다 반복하는 홍등의 폭력적인 비주얼이 기억에 계속 남는다,2025-11-17,https://an2-img.amz.wtchn.net/image/v2/fYfjf-MGu48Yp5smq_x5_w.jpg?jwt=ZXlKaGJHY2lPaUpJVXpJMU5pSjkuZXlKdmNIUnpJanBiSW1SZk5Ea3dlRGN3TUhFNE1DSmRMQ0p3SWpvaUwzWXlMM04wYjNKbEwybHRZV2RsTHpFMk5UWTVNVGd5T0RJek1qa3pPRGcyTVRraWZRLkx0eWt5b0VYNkRVekoydUNKWG9PdUdjcjdFWGZDY2VnZUMzMWdwU1hRZGc=,
진짜로 일어날지도 몰라 기적,,2011,드라마,,,"기차가 서로 스쳐 지나갈 때 ‘기적’이 일어난대~
그래서 소년이 바라는 건.. 화.산.폭.발?!!

나는 엄마랑 할아버지랑 할머니랑 삽니다. 동생 류랑 아빠는 저기 멀리서 따로 삽니다. 엄마랑 아빠랑 맨날 싸우더니, 이런 꼴이 될 줄 알았습니다. 나의 소원은 우리 가족들이 다시 함께 사는 것입니다. 그러려면 저기 저 위에 있는 화산이 폭발해서 아빠랑 류가 있는 곳으로 이사를 가면 됩니다. 형은 화산이 꼭 폭발하게 해달라고 매일매일 기도하는데 철부지 내 동생은 가면 라이더가 되고 싶다고나 하고, 정말 어린이 같은 소원입니다.

그런데, 친구들이 하는 말이 새로 생기는 고속열차가 반대편에서 서로 달려오다가 스쳐 지나가는 순간에 ‘기적’이 일어난다는 것입니다! 앗싸~ 그럼 거길 가서 소원을 빌면 되겠네! 그래서 좋아하는 선생님이랑 결혼하고 싶은 친구랑, 야구선수가 되고 싶다는 친구랑 거길 가려고요. 동생도 오라고 해서 나랑 같은 소원을 빌라고 해야겠어요. 난, 우리 가족이 꼭 같이 살았으면 좋겠거든요!",,,,고레에다 히로카즈,마에다 코키 / 마에다 오시로,5.0,기적이 진짜로 일어난다면 그건 아이들 때문일거다,2025-11-15,https://an2-img.amz.wtchn.net/image/v2/U4Im3qGL0sOL0MzkbQW8bw.jpg?jwt=ZXlKaGJHY2lPaUpJVXpJMU5pSjkuZXlKdmNIUnpJanBiSW1SZk5Ea3dlRGN3TUhFNE1DSmRMQ0p3SWpvaUwzWXlMM04wYjNKbEwybHRZV2RsTHpFMk1UYzNOakk1TWpjMk9UZzJNalUxTXpnaWZRLkNYNkpIa0M3bkNmMTRPczhObjZrLUlfVjJyR2k4OTh6bGtqOTUxMHpibW8=,
아들,,2002,드라마 / 미스터리,,,가구제작훈련센터에서 소년원에서 나온 소년들을 가르치는 올리비에는 5년 전 아들을 잃고 아내와 이혼한 뒤 혼자 살고 있다. 어느날 열여섯살 소년 프랜시스가 새로 훈련센터에 들어오게 되고 올리비에는 이상스레 불안과 흥분을 보이며 프랜시스를 은밀하고도 집요한 시선으로 쫓는다. 그러던 어느날 올리비에는 프란시스에게 목재를 가지러 가자며 외딴 벌목원으로 데려가는데....,,,,장 피에르 다르덴 / 뤽 다르덴,올리비에 구르메 / 나심 하사이니 / 모건 마린느 / 레미 레노드 / 이사벨라 소파트,4.0,나는 얼마나 이기적인 결말을 기대했던가,2025-11-14,https://an2-img.amz.wtchn.net/image/v2/Eghn7L_45swd7v7MI4kiZQ.jpg?jwt=ZXlKaGJHY2lPaUpJVXpJMU5pSjkuZXlKdmNIUnpJanBiSW1SZk5Ea3dlRGN3TUhFNE1DSmRMQ0p3SWpvaUwzWXhMMlZrTmpWc1kycGpiRzQ0Wm5wbU4yRmhZVzkySW4wLjVQVm14ZUhMOVZLTWp6eEVjMDVxdjJwcURBckRUOXhwTmY4bFdhcHlrX3c=,
007 북경특급,,1994,액션 / 코미디 / 스릴러,,,중국 유일의 공룡유물. 너무나 귀중해서 값을 매길 수도 없이 소중한 공룡 두개골 화석이 사라졌다. 이는 황금총을 가진 신비한 도둑의 소행으로 그는 첩보원 002까지 살해한다. 북경의 살인면허를 지닌 비밀 첩보원 007 스티븐이 이 일을 떠맡기 위해 소환되어 홍콩으로 보내져 홍콩의 현지 파트너로 아름다운 원영의를 만난다. 그러나 그녀는 전혀 협조적이지 않을 뿐더러 뜨거운 추적을 벌이는 와중에 교신이 끊기기까지 한다. 상황은 이해할 수 없이 돌아가 원영의는 여러차례 스티븐의 목숨을 빼앗기 위해 시도를 한다. 이때 한 사업가가 금으로 만든 총알에 의해 살해되고 스티븐은 그 총알을 만든이가 마카오의 레이라는 작자라는 것을 알아낸 뒤 그를 뒤쫓는다. 그러나 그는 누군가에 의해 살해된다. 이때 폴린이라는 매혹적인 여인이 스티븐의 목숨을 구하고 원영의의 신분이 이중첩자이며 그녀의 임무는 바로 스티븐을 없애는 것이라는 것을 알려준다. 폴린이 스티븐을 돕게된 동기는 무엇일까? 누가 그의 진정한 동료일까? 그리고 두 여인중 하나는 죽어야한다.,,,,주성치 / 이력지,주성치 / 원영의,3.0,주성치마저 당황할때가 제일 웃김,2025-11-13,https://an2-img.amz.wtchn.net/image/v2/XZ8ADrZNkjMsl_vECTXEkA.jpg?jwt=ZXlKaGJHY2lPaUpJVXpJMU5pSjkuZXlKdmNIUnpJanBiSW1SZk5Ea3dlRGN3TUhFNE1DSmRMQ0p3SWpvaUwzWXlMM04wYjNKbEwybHRZV2RsTHpFMk16WTJNVEF5TmpVNU9UVTBOamc0TmpNaWZRLnhabzVjZnh1akFvYkhubzZ1cVQ5S0p4dGtiY2ZZTzVnSFF6UnhXZWxjTlE=,
드림 시나리오,,2023,코미디 / 드라마,,,"소심하고, 한심하고, 평범 그 자체여서 언제 어디서나 존재감 없는 ‘폴’로 인해 온 세상이 떠들썩해진다!

왜? 그가 지구상 모두의 꿈에 나타나고 있기 때문에!

“실존 인물 맞나요? 왜 당신 꿈을 꾸죠? 도대체 누구세요?”

SNS 메시지 폭주, 인터뷰 출연, 광고 모델 요청은 물론, 심지어 꿈속 만남이 현실로 이어지는 기막힌 일까지! 꿈속 남자에서 모두가 꿈꾸는 남자로 거듭난 ‘폴’! 하지만 갑자기 그가 등장하는 모든 꿈들이 악몽이 되는데…",,,,크리스토퍼 보글리,니콜라스 케이지,3.0,신선한 소재와 억울하겠지만 꽤나 비호감인 극중 니콜라스 케이지 아저씨,2025-11-12,https://an2-img.amz.wtchn.net/image/v2/G6oBO8lEJtrSvX2vy4jXBw.jpg?jwt=ZXlKaGJHY2lPaUpJVXpJMU5pSjkuZXlKdmNIUnpJanBiSW1SZk5Ea3dlRGN3TUhFNE1DSmRMQ0p3SWpvaUwzWXlMM04wYjNKbEwybHRZV2RsTHpFMk5qSTBNemMxTURNNU1qVTBPREVpZlEuOWxyVTB1WExCVXhzU0Z5aVdXM1JEUVFQdkUwcWFPSXVHd0xEQWd1NjFpVQ==,
프랑켄슈타인,,2025,공포 / SF,,,"오스카 수상 감독 기예르모 델토로가 메리 셸리의 고전 소설을 영화화한 작품. 똑똑하지만 이기적인 과학자 빅터 프랑켄슈타인이 괴물에게 생명을 불어넣는 기이한 실험 이후, 결국에는 창조자인 자기 자신과 그 비극적 창조물에게 파멸을 초래한다는 이야기.",,,,기예르모 델 토로,오스카 아이작,4.0,애는 참 착해요 다만 사람을 찢어요,2025-11-11,https://an2-img.amz.wtchn.net/image/v2/_FJ6vxLbJX7GY3w5pGx77g.jpg?jwt=ZXlKaGJHY2lPaUpJVXpJMU5pSjkuZXlKdmNIUnpJanBiSW1SZk5Ea3dlRGN3TUhFNE1DSmRMQ0p3SWpvaUwzWXlMM04wYjNKbEwybHRZV2RsTHpreE9EWXpOREkwTlRJMU5UUTVNVFFpZlEubHMzTlIzQ1RRaWhOcWF3eGMtZENNTzZxaVdfWjhqN0V1b28ybk53Sm01VQ==,
걷기왕,,2016,드라마,,,"그녀 나이 4살에 발견된 선천적 멀미증후군으로 세상의 모든 교통수단을 탈 수 없는 만복(심은경)은 오직 두 다리만으로 왕복 4시간 거리의 학교까지 걸어 다니는 씩씩한 여고생. 무조건 빨리, 무조건 열심히! 꿈과 열정을 강요당하는 현실이지만 뭐든 적당히 하며 살고 싶은 그녀의 삶에, 어느 날 뜻밖의 ‘경보’가 울리기 시작한다! 걷는 것 하나는 자신 있던 만복의 놀라운 통학 시간에 감탄한 담임 선생님의 추천으로 그녀에게 딱 맞는 운동 ‘경보’를 시작하게 된 것. 공부는 싫고, 왠지 운동은 쉬울 것 같아 시작했는데 뛰지도 걷지도 못한다니! 과연 세상 귀찮은 천하태평 만복은 ‘경보’를 통해 새로운 자신을 만날 수 있을까?",,,,백승화,심은경,3.0,다보고 나면 기분이 좋아지는 버전의 족구왕을 본 듯한 느낌,2025-11-10,https://an2-img.amz.wtchn.net/image/v2/LScP8y2MAJapUNe5hlRECA.jpg?jwt=ZXlKaGJHY2lPaUpJVXpJMU5pSjkuZXlKdmNIUnpJanBiSW1SZk5Ea3dlRGN3TUhFNE1DSmRMQ0p3SWpvaUwzWXhMM0JoYzI5alpEaDZhbVJuY1dsemRIRmxlR3BqSW4wLmtyMG1Da2Npdk1LeDlkWXFkaURLQkhwSXFnN2FGM3pTZTJTMlNQSjZVUTg=,
해피 투게더 리마스터링,,1997,드라마 / 로맨스,,,"“우리 다시 시작하자”
그가 다시 시작하자고 하면 난 늘 그와 함께했다

홍콩을 떠나 지구 반대편 부에노스아이레스에 온 ‘보영’과 ‘아휘’. 이과수 폭포를 찾아가던 중 두 사람은 사소한 다툼 끝에 이별하고 각자의 길을 떠난다. 얼마 후 상처투성이로 ‘아휘’의 앞에 다시 나타난 ‘보영’은 무작정 “다시 시작하자”고 말한다. 서로를 위로하며 점차 행복한 시간을 보내는 두 사람. 

하지만 ‘보영’의 변심이 두려운 ‘아휘’와 ‘아휘’의 구속이 견디기 힘든 ‘보영’은 또다시 서로의 마음에 상처 내는 말을 내뱉은 뒤 헤어지는데...",,,,왕가위,양조위 / 장국영,4.5,똥차 가고 새차 온다,2025-11-09,https://an2-img.amz.wtchn.net/image/v2/rk7nyHGbgb4FJyoTyYhABg.jpg?jwt=ZXlKaGJHY2lPaUpJVXpJMU5pSjkuZXlKdmNIUnpJanBiSW1SZk5Ea3dlRGN3TUhFNE1DSmRMQ0p3SWpvaUwzWXlMM04wYjNKbEwybHRZV2RsTHpFMk56ZzJNamswTkRVeU56RTJNRGd5TXpZaWZRLlF4cUo3cnR3VmhXWG9qQUtUWmZOOFJZNkNyXzFqSkZ5U0tnQ3lCc0ZNbjg=,
400번의 구타,,1959,범죄 / 드라마,,,"“제가 진실을 말해도 믿지 않아요. 그러니 거짓말하는 게 낫죠”

발자크의 소설과 영화를 좋아하는 12살 소년, 앙투안 두아넬. 앙투안 두아넬은 학교와 부모로부터 문제아로 낙인 찍히며 어른들로부터 이해도, 보호도 받지 못한 채 살아간다. 앙투안은 가장 친한 친구인 르네와 함께 갑갑하고 억압적인 학교와 무관심한 부모로부터 독립하기 위한 작은 일탈을 계획한다. 하지만 앙투안의 계획은 예상치 못한 방향으로 흘러가는데… 과연 소년 앙투안은 냉혹한 세상에서 자유를 찾을 수 있을까?",,,,프랑수아 트뤼포,장 피에르 레오 / 클레르 모리에,4.0,스치듯 지나가는 앙투안의 눈물이 잊혀지질 않는다,2025-11-08,https://an2-img.amz.wtchn.net/image/v2/BwXSZwIJtm6V5qUubFmx8g.jpg?jwt=ZXlKaGJHY2lPaUpJVXpJMU5pSjkuZXlKdmNIUnpJanBiSW1SZk5Ea3dlRGN3TUhFNE1DSmRMQ0p3SWpvaUwzWXlMM04wYjNKbEwybHRZV2RsTHpFMk56TTROVFF5TlRjeE5UZzFORE14TmpraWZRLmRzTlNpWGQ0Y1plSDlYWVF6YTZtUHhvenEySmJwT3hCT2l0Mzg0UXhNYzg=,
다이얼 M을 돌려라,,1954,스릴러,,,"전직 테니스 선수 토니(레이 밀런드)는 부자인 아내 마고(그레이스 켈리)와 결혼한 뒤, 테니스를 그만두고 사업가로 그럭저럭 성공을 거둔다. 그러나 아내가 옛 동창이자 추리 소설가인 마크(로버트 커밍스)와 사랑에 빠지고 사업조차 곤경에 처하자 아내의 유산을 노리고 청부살인을 계획한다. 그는 감옥에서 나와 밑바닥 생활을 하고 있는 옛 친구 스완(안소니 도슨)을 끌어들여 마고를 죽이도록 계획을 꾸미고 자신은 알리바이를 위해 연적 마크와 함께 사교모임에 참석한다. 그러나 마고는 자신을 목 졸라 죽이려는 스완과 격투를 벌이다 엉겁결에 바느질 가위로 그의 등을 찌르고, 스완은 뒤로 넘어지면서 가위에 깊이 찔려 숨지고 마는데...",,,,알프레드 히치콕,레이 밀랜드 / 그레이스 켈리 / 로버트 커밍스,4.5,범인을 알고 봐도 지루할 틈이 없네,2025-11-07,https://an2-img.amz.wtchn.net/image/v2/QH71_9F_fUN-8AZKsF8aOQ.jpg?jwt=ZXlKaGJHY2lPaUpJVXpJMU5pSjkuZXlKdmNIUnpJanBiSW1SZk5Ea3dlRGN3TUhFNE1DSmRMQ0p3SWpvaUwzWXhMM0pyWm0xd2NXOXdkbkpzZEcxd2MyWnJablExSW4wLjJpZkRLRWdROXFTeDVmLXlyNGxLSnhCZk5CU3QyUkxnRDRtZkhBeDJXUUk=,
인정사정 볼 것 없다,,1999,액션 / 드라마 / 스릴러,,,"비 내리는 도심 한복판. 대담한 살인 사건이 3건 일어나고 쏟아지는 비에 증거는 씻겨 내려간다. 비상이 걸린 서부 경찰서 강력반, 영구라는 별명으로 불릴 만큼 괴팍하고 물불 안가리는 우형사(박중훈)와 김형사(장동건)는 사건에 관계된 짱구(박상면)와 영배(안재모)를 잡아들여 주범이 강성민(안성기)이라는 사실을 알아낸다. 수사팀은 강성민의 여자 친구인 주연(최지우)의 집에 잠복하지만 우형사의 추격에도 강성민을 놓치고 마는데..",,,,이명세,안성기 / 박중훈,2.5,러닝타임 내내 계속되는 박중훈 아저씨 개구쟁이 표정 겨우 버팀,2025-11-06,https://an2-img.amz.wtchn.net/image/v2/PT-h0f1sj5uRw-JmpoiDJA.jpg?jwt=ZXlKaGJHY2lPaUpJVXpJMU5pSjkuZXlKdmNIUnpJanBiSW1SZk5Ea3dlRGN3TUhFNE1DSmRMQ0p3SWpvaUwzWXhMM0YwZVc4eVlYRXhjMlp5ZW5kd2VEZG1abXd6SW4wLl8tZnBBaVdHSXRMTTd5bmt2TVRUWnNqck8yMHdMYXAyU2hKX1pUM2swYk0=,
동경 이야기,,1953,드라마,,,"“이봐 할멈, 동경이 참 넓지 않소”
“그러게요. 여기서 잘못하다 헤어지면 평생 찾아 헤매도 못 만나겠어요”

고즈넉한 시골 마을에서 평생을 살아온 노부부는 자식들의 얼굴을 보기 위해 번화한 동경으로 향한다. 하지만 도시 생활에 익숙해진 자식들은 정작 부모에게 온전한 시간을 내주지 못한다. 의사인 장남은 바쁜 병원 일에, 미용실을 운영하는 딸은 북적이는 가게에 매여 있다. 며느리 노리코만이 유일하게 진심을 다해 노부부를 정성껏 돌본다. 낯선 도시에서 살아가는 자식들을 걱정하며 노부부는 다시 고향으로 돌아갈 준비를 한다.",,,,오즈 야스지로,류 치슈 / 히가시야마 치에코 / 하라 세츠코,4.0,"자식농사를 잘지어도 저 정도구나라고 한탄하던 찰나, 어른이 될수록 모두 그렇게 변해간다는 며느리의 대사를 듣고 아차 싶었다. 나는 얼마나 다른가",2025-11-06,https://an2-img.amz.wtchn.net/image/v2/7FSIhS3CksYsx_tMTL482w.jpg?jwt=ZXlKaGJHY2lPaUpJVXpJMU5pSjkuZXlKdmNIUnpJanBiSW1SZk5Ea3dlRGN3TUhFNE1DSmRMQ0p3SWpvaUwzWXlMM04wYjNKbEwybHRZV2RsTHpRd09Ea3hOelk0T1Rrek1URTVJbjAuODVLMmRUeHVNbFhEWndEdWxnRDRoaFlmdUZ5YzU2bDRmQ2M4SzJvcWtNMA==,
발레리나,,2023,액션 / 스릴러,,,"소중한 친구의 죽음을 발견한 전직 경호원. 친구가 남긴 마지막 부탁을 들어주기 위해 아름답고 무자비한 복수에 나선다.

옥주(전종서)는 단 하나뿐인 소중한 친구 민희(박유림)의 갑작스러운 죽음을 접한다. 독보적인 실력을 지닌 경호원 출신의 옥주는 촉망받는 발레리나였던 민희를 죽음으로 몰고 간 최프로(김지훈)라는 악당의 존재를 찾아 나선다. 드라마 시리즈 <몸값>의 원작인 동명 단편 영화와 장편 영화 데뷔작 <콜>로 화제를 모았던 신예 이충현 감독의 두 번째 장편이다. 감독의 실제 연인이기도 한 주연 배우 전종서는 기존에 그녀가 입증해 낸 저돌적인 연기력을 바탕으로 막강한 여전사를 구현해 낸다. 인기 뮤지션 그레이가 음악 감독으로 참여하여 만들어 낸 맵시 있는 음률, 세련되고 탐미적인 촬영술, 과감하게 디자인된 공간과 색조, 그리고 격렬하게 설계된 액션 씬으로 이루어진 이 복수극은 짜릿하고 도발적인 장르적 쾌감을 선사한다. (정한석) [제28회 부산국제영화제] ",,,,이충현,전종서 / 김지훈,1.0,그레이 뮤직비디오가 쓸데없이 길다,2025-11-04,https://an2-img.amz.wtchn.net/image/v2/jO6XfLyS5OMgY815lQUZIA.jpg?jwt=ZXlKaGJHY2lPaUpJVXpJMU5pSjkuZXlKdmNIUnpJanBiSW1SZk5Ea3dlRGN3TUhFNE1DSmRMQ0p3SWpvaUwzWXlMM04wYjNKbEwybHRZV2RsTHpFMk9UVXhPVEEwTnpJeU9UUXlOakU1TlRVaWZRLkh3em5aS3JPTlU0bDRhSC1ncWFyVGp4Q0JWNDVoN3kyUnd4NmE2Y0g1VjQ=,
굿 윌 헌팅,,1997,드라마 / 로맨스,,,"“윌, 네 잘못이 아니야.”

수학, 법학, 역사학 등 모든 분야에 재능이 있는 ‘윌’(맷 데이먼)은 천재적인 두뇌를 가지고 있지만 어린 시절 받은 상처로 인해 세상에 마음을 열지 못하는 불우한 반항아.

절친인 ‘처키’(벤 애플렉)와 어울리던 ‘윌’의 재능을 알아본 MIT 수학과 ‘램보’ 교수는 대학 동기인 심리학 교수 ‘숀’(로빈 윌리엄스)에게 그를 부탁하게 되고 거칠기만 하던 ‘윌’은 ‘숀’과 함께 시간을 보낼수록 상처를 위로 받으며 조금씩 변화하기 시작하는데…",,,,구스 반 산트,맷 데이먼 / 로빈 윌리엄스,3.5,위로받고 싶을때 다시 꺼내보자,2025-11-03,https://an2-img.amz.wtchn.net/image/v2/lUTendfm417EDx7CluSLgA.jpg?jwt=ZXlKaGJHY2lPaUpJVXpJMU5pSjkuZXlKdmNIUnpJanBiSW1SZk5Ea3dlRGN3TUhFNE1DSmRMQ0p3SWpvaUwzWXlMM04wYjNKbEwybHRZV2RsTHpNME1qTXpPRGN5TVRJM01EYzRNU0o5Lk9TUDFFR08xTDJ0ald4Q1hzLV9GOFg2MWNtM1d0cTladWJqNzF4M2RkNE0=,
소리도 없이,,2020,범죄 / 드라마,,,"악의 없이, 계획에 없던 유괴범이 되다!

범죄 조직의 하청을 받아 근면성실하고 전문적으로 시체 수습을 하며 살아가는 ‘태인’과 ‘창복’. 어느 날 단골이었던 범죄 조직의 실장 ‘용석’에게 부탁을 받고 유괴된 11살 아이 ‘초희’를 억지로 떠맡게 된다.

그런데 다음 날 다시 아이를 돌려주려던 두 사람 앞에 '용석'이 시체로 나타나고, 두 사람은 예기치 못한 사건에 휘말리게 되는데…",,,,홍의정,유아인 / 유재명 / 문승아,3.0,시골 경장님 보고 와 이 마을 빌런 소굴이구나 초희 우짜냐.. 라고 생각했던 나 자신을 반성하며,2025-11-03,https://an2-img.amz.wtchn.net/image/v2/qp9GgQNa30Vw5rj56Dv-dg.jpg?jwt=ZXlKaGJHY2lPaUpJVXpJMU5pSjkuZXlKdmNIUnpJanBiSW1SZk5Ea3dlRGN3TUhFNE1DSmRMQ0p3SWpvaUwzWXhMMmQ0TUdoNWFXRjJiWGgwTlhocGR6QnVjemMxSW4wLlVtTWNnbTNuampJUWtCR1lxTjNXajN1LWg5VFBzYlFZdVAzYXI0c2lubXM=,
로미오와 줄리엣,,1996,드라마 / 로맨스,,,"누구도 따라 할 수 없는 사랑… 
이 사랑에 홀릭하다!

정열의 도시 베로나, 태양의 열기가 가득한 이 도시에서 두 가문 몬태규가와 캐플릿가는 끝없이 혈투를 벌인다. 어느 날 캐플릿가의 파티에 몰래 참석한 몬태규가의 로미오는, 아름다운 줄리엣을 만나 첫눈에 사랑에 빠진다. 로미오와 줄리엣은 부모 몰래 결혼식을 올리고, 이 결혼이 두 가문의 화해를 가져다 줄 거라 믿은 신부는 그들을 축복한다. 그러나 싸움에 휘말려 줄리엣의 사촌 티볼트를 죽이게 된 로미오가 베로나에서 추방당하게 되고, 줄리엣은 그녀를 좋은 가문에 강제로 결혼시키려는 부모를 피해 수면제를 먹고 죽은 것처럼 가장하는데..",,,,바즈 루어만,레오나르도 디카프리오 / 클레어 데인즈,4.5,고전의 대사를 이런 비주얼로 읊으면 이렇게나 신선하구나,2025-11-01,https://an2-img.amz.wtchn.net/image/v2/MN-htUsf9lcXMGg-IQIUgg.jpg?jwt=ZXlKaGJHY2lPaUpJVXpJMU5pSjkuZXlKdmNIUnpJanBiSW1SZk5Ea3dlRGN3TUhFNE1DSmRMQ0p3SWpvaUwzWXhMMnQ2Tkd4dWJqaGtiV3BpTm5kMGMzWjZjWGd5SW4wLk5kMnJ4bklQOXhuX2Yzd3ZIXzFvalFxdmlReUZqVU9fdHhmeTNEbkJzWEU=,
사랑은 비를 타고,,1952,코미디 / 뮤지컬 / 로맨스,,,"아마츄어 쇼 코미디언인 돈 록우드(진 켈리)와 코스모(도날드 오코너)는 공연을 하며 이곳저곳을 떠돌아다니다 뜻대로 되지않자 새 일자리를 얻기위해 헐리우드로 온다. 

그런데 우연찮게 돈 록우드는 마뉴멘탈 영화사의 스턴트맨 역을 따내게 되고, 당시 최고의 인기를 누리고 있던 여배우인 리나 레이먼트(쟌 하겐)와 함께 다수의 영화에 출연함으로써 단연 스타로 급부상하게 된다.

그러나 화려한 영광도 잠시, 헐리웃 영화계가 무성영화에서 유성영화 체제로 전환됨으로써 목소리 연기가 너무나 형편없는 리나 레이먼트 때문에 영화를 완전히 망치게 되는데...",,,,진 켈리 / 스탠리 도넌,진 켈리 / 데비 레이놀즈 / 도널드 오코너,5.0,"이 정도 재능과 끼가 없었다면 살아남지 못했던 그 시절, 최고의 뮤지컬 영화",2025-10-31,https://an2-img.amz.wtchn.net/image/v2/qCYqHaevugKX1myEk1dSdw.jpg?jwt=ZXlKaGJHY2lPaUpJVXpJMU5pSjkuZXlKdmNIUnpJanBiSW1SZk5Ea3dlRGN3TUhFNE1DSmRMQ0p3SWpvaUwzWXlMM04wYjNKbEwybHRZV2RsTHpFMk5qSTFNekEzTmpBeU9UYzJOelk0TmpJaWZRLjVoYnNudEJlVGQ2dl9feDdkRjdjOEVfMTlyaVdaWU43SXdNQUE2Mkl5aTQ=,
아사쿠사 키드,,2021,드라마 / 전기,,,"기타노 다케시에겐 스승이 있었다. 도쿄 아사쿠사 극장가의 전설, 후카미 센자부로. 그리고 뜨는 해가 있으면 지는 해가 있는 세상의 섭리는 이 두 사람도 비켜가지 않았다.",,,,게키단 히토리,오오이즈미 요 / 야기라 유야,3.5,"끊임없이 웃길 고민을 하되 웃음거리가 되진 말라는 스승의 가르침. 스승의 장례식에서도, 그의 영화 속에서도 다케시는 그 가르침을 이어나가는 중",2025-10-30,https://an2-img.amz.wtchn.net/image/v2/ZCSs1077TfukpZ8t_sA9bA.jpg?jwt=ZXlKaGJHY2lPaUpJVXpJMU5pSjkuZXlKdmNIUnpJanBiSW1SZk5Ea3dlRGN3TUhFNE1DSmRMQ0p3SWpvaUwzWXlMM04wYjNKbEwybHRZV2RsTHpFMk1qZzFPREUwTURreE9EUXpNamcxT1RRaWZRLmZkem5QTm9MUlhqaDdRemlfNl9fYThVS21tekpEMmhTeGstSFE2enE0Qjg=,
거미의 성,,1957,시대극 / 전쟁 / 드라마 / 역사 / 판타지 / 스릴러 / 액션,,,전쟁에서 이기고 성으로 돌아가던 와시즈는 산속에서 길을 잃고 헤매다가 마녀를 만난다. 마녀로부터 새 영주가 될 것이라는 예언을 들은 와시즈는 갈등에 휩싸이다 결국 영주를 죽이고 권력을 차지하는데...,,,,구로사와 아키라,미후네 토시로 / 야마다 이스즈,4.5,57년도에 이걸 ? 이라는 생각이 계속 드는 영화. 먹과 붓으로 그린 세련된 고전극,2025-10-29,https://an2-img.amz.wtchn.net/image/v2/na9630uhnFsb7-F7XW2vBw.jpg?jwt=ZXlKaGJHY2lPaUpJVXpJMU5pSjkuZXlKdmNIUnpJanBiSW1SZk5Ea3dlRGN3TUhFNE1DSmRMQ0p3SWpvaUwzWXhMM0I1TUdSNU5qUm9OekZoYlhKMU9HRnFhRzA1SW4wLm9uS3JveE1hVUJOanFPc1pXbW9mS0dZNVN5aW45V2h6NXRfQ1BuQldiNUk=,
카메라를 멈추면 안 돼!,,2017,공포 / 코미디 / 드라마,,,"음산한 기운의 창고 안, 좀비 영화를 찍는 촬영 현장. 원하는 결과물이 나오지 않자 격해진 감독과 배우들은 쉬는 시간을 갖는다. 그 순간, 어디선가 등장한 ‘진짜’ 좀비 떼들이 사람들을 하나둘씩 죽이기 시작하고 현장은 아수라장이 되는데! 이 모든 사건의 전말이 궁금한 당신, 카메라를 멈추면 안 돼!",,,,우에다 신이치로,하마츠 타카유키 / 마오 / 슈하마 하루미 / 나가야 카즈아키,4.5,카메라 돌자마자 주연배우들 담가버리는 감독 ㅋㅋㅋㅋ,2025-10-28,https://an2-img.amz.wtchn.net/image/v2/V0WWLt_6DquVbJsJEY9wsA.jpg?jwt=ZXlKaGJHY2lPaUpJVXpJMU5pSjkuZXlKdmNIUnpJanBiSW1SZk5Ea3dlRGN3TUhFNE1DSmRMQ0p3SWpvaUwzWXhMMlpsWm1Sd2FtNWtaak5yWkdsbGQyVnZhM1F6SW4wLmYzZ2MzTmM5OEZ3aXJYam5BQ0w5TzV4VGxXN0x1YXdIV0J3VmQ1UVFQWG8=,
킹메이커,,2021,드라마,,,"세상을 바꾸기 위해 도전하는 정치인 ‘김운범’ 앞에 그와 뜻을 함께하고자 선거 전략가 ‘서창대’가 찾아온다. 열세인 상황 속에서 서창대는 아무도 상상하지 못한 선거 전략을 펼치고 ‘김운범’은 선거에 연이어 승리하며, 당을 대표하는 대통령 후보까지 올라서게 된다.

대통령 선거를 향한 본격적인 행보가 시작되고 그들은 당선을 위해 총력을 기울인다. 그러던 중 ‘김운범’ 자택에 폭발물이 터지는 사건이 발생하고 용의자로 ‘서창대’가 지목되면서 둘의 관계는 새로운 국면을 맞이하게 되는데... 

치열한 선거판, 
그 중심에 있던 두 남자의 이야기가 시작된다!",,,,변성현,설경구 / 이선균,3.0,조우진도 좋았지만 이선균이 좋았다. 더 못봐서 아쉽다,2025-10-28,https://an2-img.amz.wtchn.net/image/v2/r-0290tfECGJgtzopVL3gQ.jpg?jwt=ZXlKaGJHY2lPaUpJVXpJMU5pSjkuZXlKdmNIUnpJanBiSW1SZk5Ea3dlRGN3TUhFNE1DSmRMQ0p3SWpvaUwzWXlMM04wYjNKbEwybHRZV2RsTHpFMk5ERXlOek0zTVRJeU9UWTNNalk0TVRJaWZRLkphSmFqLUxwaHh5TmVqNEZ1b3E0eDhDd09aeWt6QmtSaW9Dd1pBWk8wbTg=,
싱글라이더,,2016,드라마,,,"증권회사의 지점장 강재훈(이병헌). 안정된 직장과 반듯한 가족, 나름 성공한 인생이라 생각했다. 어느 날 부실채권 사건으로 모든 것을 잃어버린 그는 가족이 있는 호주로 떠난다. 그러나 다른 삶을 준비하는 아내 수진의 모습을 보고 선뜻 다가가지 못하고 돌연 자취를 감추는데...",,,,이주영,이병헌 / 공효진 / 안소희,2.5,갈수록 현실 및 영화 속 이병헌이 안타까운 영화,2025-10-27,https://an2-img.amz.wtchn.net/image/v2/qK4mYXS71ylJ6YWIQj_84w.jpg?jwt=ZXlKaGJHY2lPaUpJVXpJMU5pSjkuZXlKdmNIUnpJanBiSW1SZk5Ea3dlRGN3TUhFNE1DSmRMQ0p3SWpvaUwzWXhMM1ZsYjJGamIybHRZMlp5ZEhobU5ETnBhR2xuSW4wLlkyYXdNMDNZTTN6Si04SERXSy1NSU1sMHFuZm0xakRNeko2MERId3NScEk=,
혐오스런 마츠코의 일생,,2006,코미디 / 드라마,,,"무의미하고 방탕한 인생을 살고 있는 백수 ‘쇼’. 아버지의 부탁으로 죽은 채 발견된 고모 ‘마츠코’의 유품을 정리하게 된다. 그렇게 한 번도 만난 적 없는 ‘마츠코’의 일생이 ‘쇼’의 눈앞에 펼쳐지기 시작하는데…

사랑스러웠던 그녀에게 무슨 일이 일어난 걸까?",,,,나카시마 테츠야,나카타니 미키,3.0,억까와 지팔지꼰의 조화,2025-10-25,https://an2-img.amz.wtchn.net/image/v2/CzHfenseddfYatcP3bFydw.jpg?jwt=ZXlKaGJHY2lPaUpJVXpJMU5pSjkuZXlKdmNIUnpJanBiSW1SZk5Ea3dlRGN3TUhFNE1DSmRMQ0p3SWpvaUwzWXlMM04wYjNKbEwybHRZV2RsTHpJM01EQXlORFF4TVRjNE1EWTFNaUo5LmxLOXV3UGpEQXBhY0F3SXd6c1VsOG5ZaVJUMW5oYXVWd2Vpb1J5bXB2cFE=,
릴리 슈슈의 모든 것,,2001,드라마,,,"'릴리 슈슈'의 노래를 너무나 사랑하는 열네 살 소년 유이치. 그러나 그의 일상은 힘들다. 둘도 없는 단짝 친구 호시노가 어느날 반 아이들의 리더가 되어 자신을 이지메 시키고 첫사랑 쿠노 역시 이지메를 당하지만 그녀를 도와주기에는 자신의 슬픔을 감당하기에도 벅차다. 소년의 유일한 안식처는 오로지 영혼을 뒤흔드는 듯한 ‘릴리 슈슈’의 노래 뿐... 그러나 현실은 노래로 감출 만큼 만만하지 않다.

가상의 가수 '릴리 슈슈'를 좋아하는 팬 클럽의 운영자 유이치. 현실에서는 따돌림을 당하고 금품 갈취를 당하거나 폭력을 당하는 것이 일상이다. 그 반동으로 릴리 슈슈의 팬 클럽 운영에 더 적극적이게 되지만...",,,,이와이 슌지,이치하라 하야토 / 오시나리 슈고,5.0,멘탈 깨지면서도 너무 아름다운 영화. 한편의 뮤직비디오 같은 엔딩크레딧까지 포함해서,2025-10-24,https://an2-img.amz.wtchn.net/image/v2/mpbcFpgW4TG0097CMSMp6w.jpg?jwt=ZXlKaGJHY2lPaUpJVXpJMU5pSjkuZXlKdmNIUnpJanBiSW1SZk5Ea3dlRGN3TUhFNE1DSmRMQ0p3SWpvaUwzWXlMM04wYjNKbEwybHRZV2RsTHpFMk1USTVNekkyTmpjek1UTXpNVGN4TVRraWZRLmlNSkVrNUQzdktZR0pjcTdEVXhxdGt5b1d2bmYxVHh6eXpmNG9wMHdMaW8=,
슈퍼소닉,,2016,다큐멘터리 / 전기 / 음악,,,"영국 인구의 1/20, 무려 260만명이 열광한 전설의 공연

“그들의 음악으로 우리는 변했고,
거리엔 새로운 바람이 불고 있었어요”

1996년 8월, 영국 넵워스에서 개최되는 록밴드의 공연을 보기 위해 무려 25만명이 몰려들었다. 티켓을 구하기 위해 모여든 이들만 260만명. 영국 인구의 1/20에 해당하는 수치였다. 도심 외곽의 변두리 지하연습실에서 시작된 이들의 노래는 불과 3년 만에 한 도시를 넘어 국가를 그리고 전 세계를 뒤흔들고 있었다.",,,,맷 화이트크로스,,2.5,솔직히 연출이 너무 구림 … 찍어놓은 비디오가 많이 없었나..,2025-10-24,https://an2-img.amz.wtchn.net/image/v2/gyIsAOWa02RGuLAv9w1WNg.jpg?jwt=ZXlKaGJHY2lPaUpJVXpJMU5pSjkuZXlKdmNIUnpJanBiSW1SZk5Ea3dlRGN3TUhFNE1DSmRMQ0p3SWpvaUwzWXlMM04wYjNKbEwybHRZV2RsTHpFMU9Ea3dPVFE0TURVd09ERXpNRE1pZlEubVZ3dzVYSmE3ZTNtbllGcUpOZWZpa2xxanZyUUpwQmloWmJZRl91cDNUQQ==,
28년 후,,2025,공포 / 스릴러,,,"28일 후 시작, 28주 후 전염, 28년 후 진화...
태어나 처음 마주한 바이러스에 감염된 세상,
충격을 넘어선 극강의 공포가 밀려온다!

28년 전 생물학 무기 연구소에서 세상을 재앙으로 몰아넣은 바이러스가 유출된 후, 일부 생존자들이 모여 철저히 격리된 채 살아가는 섬 ‘홀리 아일랜드’. 이곳에서 태어나 한 번도 섬 밖을 나가 본 적 없는 소년 ‘스파이크’는 어느 날 섬을 떠나 본토에 발을 들이게 되고 난생처음 바이러스에 잠식된 세상을 마주하게 된다. 변이된 바이러스는 10,228일의 시간 동안 감염자들을 더욱 충격적으로 진화시켰고 ‘스파이크’는 그 실체를 목격하며 극강의 공포에 휩싸이게 되는데...

대니 보일 감독 X 알렉스 가랜드 각본 X 킬리언 머피 제작
장르를 재정의한 좀비물의 바이블! 그 강렬한 귀환을 함께하라!",,,,대니 보일,알피 윌리엄스 / 아론 테일러 존슨 / 조디 코머 / 레이프 파인즈,1.0,"아픈 엄마 살리려고 몰래 섬밖으로 나오는 아들까진 이해하겠음. 하지만 영화가 내내 띠용스럽다. 좀비가 기어와서 신발끈을 쭙쭙거려도 세상모르고 쿨쿨 잔다던가, 임신한 좀비 애기를 손깍지까지 껴주며 받아준다던가, 엄마 머리를 3분 뚝배기로 만들어준다던가, 거대한 좀비 거시기가 덜렁거린다던가, 금발의 추리닝 특공대가 나타난다던가... 초반 알파가 섬 들어가는길을 쫓아오는 정도로 끝냈으면 오히려 평이 더 좋았을 듯.",2025-10-22,https://an2-img.amz.wtchn.net/image/v2/ffiNowk30wEAhIdu1YqLsA.jpg?jwt=ZXlKaGJHY2lPaUpJVXpJMU5pSjkuZXlKdmNIUnpJanBiSW1SZk5Ea3dlRGN3TUhFNE1DSmRMQ0p3SWpvaUwzWXlMM04wYjNKbEwybHRZV2RsTHpJd05EazNNRGswT1RjNU5EZ3hOamNpZlEud2dnX1RabTE3eUJEMG80RjVJeFQ5RG80OW55cFlIVjF3bmlRVGQtUGxHUQ==,
마스터,,2012,드라마,,,"제 2차 세계대전이 끝난 후, 젊은이들은 각자 자신의 길을 찾아 떠나지만 프레디 퀠(호아킨 피닉스)은 여전히 방황하며 백화점의 사진기사로 살아가고 있다. 자신이 제조한 술에 의존하며 살아가고 있는 프레디는 술에 취해 유람선의 한 파티장에서 난동을 부리게 되고 다음날 그 자리에 있었던 랭케스터(필립 세이모어 호프만)를 만나게 된다. 몇 마디 나누지 않았음에도 서로에게 이끌리게 된 두 남자. 프레디는 인간의 심리를 연구하는 ‘코즈’ 연합회를 이끌고 있는 마스터, 랭케스터의 실험대상이자, 조력자이자, 친구로서 그의 가족들과 함께 머물게 된다. 하지만 프레디는 진정한 마스터라 믿었던 랭케스터 역시 자신과 다르지 않은 불완전한 인간임을 깨닫고, 랭케스터 역시 가족들로부터 프레디를 멀리하라는 경고를 받게 된다. 두 남자 사이에 균열은 점점 커져가고 아슬아슬한 관계는 점점 파국에 치닫는데...",,,,폴 토머스 앤더슨,호아킨 피닉스 / 필립 세이모어 호프만 / 에이미 아담스,3.0,어렵다. 그치만 영화가 끝나고 곱씹어보는 맛이 있는 것 같다.,2025-10-21,https://an2-img.amz.wtchn.net/image/v2/9PzTjubxRQ7K3_X8_ZQITw.jpg?jwt=ZXlKaGJHY2lPaUpJVXpJMU5pSjkuZXlKdmNIUnpJanBiSW1SZk5Ea3dlRGN3TUhFNE1DSmRMQ0p3SWpvaUwzWXlMM04wYjNKbEwybHRZV2RsTHpFMk5URTJOVEk1TkRVME1qUTBNVFUyT0RRaWZRLkFBSlctb3h6SmdaRHU0bDdscmowWnZmVE5Yenc0MHpMdC1lWEQyZUVHTkU=,
굿뉴스,,2025,코미디 / 스릴러 / 재난 / 범죄,,,"납치범들이 일본 여객기를 장악하고 평양으로 향할 것을 요구하자, 정체불명의 인물이 이 비행기를 서울로 착륙시키려는 기발한 계획을 세운다.",,,,변성현,설경구 / 홍경 / 류승범,3.5,설경구 캐릭터가 좀 오그라듦. 불한당 한재호가 맹구가발 뒤집어쓰고 점찍은 느낌?,2025-10-21,https://an2-img.amz.wtchn.net/image/v2/SWHx4mVBlvXFHjbb11csjQ.jpg?jwt=ZXlKaGJHY2lPaUpJVXpJMU5pSjkuZXlKdmNIUnpJanBiSW1SZk5Ea3dlRGN3TUhFNE1DSmRMQ0p3SWpvaUwzWXlMM04wYjNKbEwybHRZV2RsTHpFMU16ZzRNRFV6T0RBMU1qazBOak1pZlEuV1dkLVdQaEZfbVQ2WjRsNXE5U19NMEZFcUdqa2JENksxem5WZ0JBRWZuVQ==,
스티브,,2025,코미디 / 드라마,,,문제아들에게 마지막 기회가 되는 어느 교정학교의 헌신적인 교장. 자신을 짓누르는 압박 속에서도 학생들을 올바른 길로 이끌려 애쓰는 그의 숨 가쁜 하루가 펼쳐진다.,,,,팀 밀란츠,킬리언 머피,3.0,미쳐버릴 것같은 하루하루가 반복되더라도,2025-10-17,https://an2-img.amz.wtchn.net/image/v2/KplADoan2wVVt486IkRp_A.jpg?jwt=ZXlKaGJHY2lPaUpJVXpJMU5pSjkuZXlKdmNIUnpJanBiSW1SZk5Ea3dlRGN3TUhFNE1DSmRMQ0p3SWpvaUwzWXlMM04wYjNKbEwybHRZV2RsTHpnME1qYzFOVFF5TVRVek1EQTVPRGtpZlEuUi1YT0hMenZ4UGtvalIyNm5ucWl6MGRrSGFSVkZTQzJkcmtCZjhvSkFIcw==,
대부 3,,1990,범죄 / 드라마,,,"대부 마지막 시리즈. 이젠 늙어버린 돈 마이클 콜레오네. 자신의 마피아 패밀리의 정통성을 이어갈 후계자를 찾는다. 그는 자신의 친아들을 후계자로 지목하나 그는 거절하고, 이혼한 아내마저 아들만은 안 된다고 말린다. 그런 중에 자신의 패밀리 중 하나인 빈센트는 마이클 꼴레오네의 딸인 코니와 사랑에 빠진다. 마이클은 코니와 빈센트의 사랑을 말리지만 딸은 이미 사랑에 눈이 멀었는데...",,,,프랜시스 포드 코폴라,알 파치노 / 다이앤 키튼 / 탈리아 샤이어 / 앤디 가르시아,4.5,"되돌아가기엔 너무 먼길을 와버린 마이클의 쓸쓸한 말년, 울지마요 아저씨",2025-10-17,https://an2-img.amz.wtchn.net/image/v2/zL503F9I35jjTCs-gWaWmQ.jpg?jwt=ZXlKaGJHY2lPaUpJVXpJMU5pSjkuZXlKdmNIUnpJanBiSW1SZk5Ea3dlRGN3TUhFNE1DSmRMQ0p3SWpvaUwzWXlMM04wYjNKbEwybHRZV2RsTHpFMk5qRXpORGMwTVRBd05EazVOemswTlRRaWZRLmlESDlWNVJ4dmZRV1ZDa3NFVlhCWXpmWXVERXk1WGo1QVFxUXJ6U05ENDg=,
자토이치,,2003,시대극 / 액션,,,"‘자토이치’는 도박과 마사지로 생계를 이어가는 맹인 방랑자. 하지만 이 남루한 행색의 사내에겐 외모와는 달리 신기에 가까운 능력이 있다. 번개처럼 빠르고 한치의 오차도 없이 상대를 찌르는, 전광석화 같은 검술이 그것! 민심이 흉흉한 어느 마을에 당도한 자토이치. 그는 도박장에서 비밀스러운 게이샤 자매를 만난다. 치명적인 미모를 지닌 ‘오키누’와 그녀의 동생 ‘오세이’는 아버지의 원수를 갚기 위해 신분을 위장한 채 주점에서 일하고 있다.  한편, 마을에 군림한 채 온갖 악행을 저지르는 ‘긴조’는 숙적들을 처단하기 위해 떠돌이 무사인 하토리’를 고용하기에 이른다. 맹인 검객, 게이샤 자매, 떠돌이 무사. 이제 이들은 결코 피할 수 없는 숙명적인 대결 앞에 서게 되는데.",,,,기타노 다케시,기타노 다케시,4.0,피튀기는 흥겨운 민속극을 보는 것 같다.,2025-10-15,https://an2-img.amz.wtchn.net/image/v2/JC9yPdVCPbb0s9tXWQcRsA.jpg?jwt=ZXlKaGJHY2lPaUpJVXpJMU5pSjkuZXlKdmNIUnpJanBiSW1SZk5Ea3dlRGN3TUhFNE1DSmRMQ0p3SWpvaUwzWXhMM2h5YVd3MGFYbHBkVzk2WW14NmVucHJaR05xSW4wLmN3VFRlb25LN3J3S19xTjNRQjNNb3RvRU5LWFdjM2tab2Jlc0RLZ1NTLWc=,
돈을 갖고 튀어라,,1969,코미디 / 범죄,,,"버질(Virgil Starkwell: 우디 알렌 분)은 자동 판매기를 터는데서부터 그의 범죄 인생을 시작한다. 그의 부모님은 영화가 시작되면 이웃들이 알아보지 못하도록 콧수염과 가짜 코가 달린 안경을 쓰고 나와 비뚤어진 아들에 대해 이야기한다. 버질은 장갑차를 훔치려다가 교도소에 가게 된다. 교도소에 나오는 죄수들은 우리가 비슷한 범죄 영화에서 늘 보아오던 전형적인 인물들이다. 버질은 비누를 총모양으로 깍아 도망치려다 실패하고, 형량만 2년이 더 늘어난다. 버질은 나가기 위해 의학 실험용으로 자원한 결과 가석방되게 된다. 다시 바깥 세상에  나온 그는 바르게 살려고 하나 범죄 욕구가 너무나 강하게 그를 끌었다. 결국 그는 아름다운 세탁 부인 마골린의 지갑을 털려는 계획을 세운다. 그러나 그는 그녀와 사랑에 빠지게 된다. ""처음 15분만에 나는 그녀와 결혼하고 싶다는 것을 알았지요. 그리고 반시간 후에 나는 그녀의 지갑을 털려는 계획을 완전히 포기하게 되었습니다."" 이제 사랑에 빠진 그는 돈이 필요하게  된다. 은행을 털 계획을 세운 그는 은행에 가서 은행원에게 갈겨쓴 종이를 건넨다. 버질과 은행원간에 논쟁이 벌어진다. 은행원은 그가 갈겨 쓴 글을 읽을 수가 없었기 때문이다. 다시 그는 감옥에 가게 된다. 마골린은 그의 용기를 북돋우기 위해 그에게 정기적으로 면회간다. 실수로 버질은 감옥에서 나오게 되고 마골린과 함께 다른 주로 간 그는 사무실을 차리고 범죄 일생을 마감하려 한다. 그런데 하이디라는 그의 동료가 그의 과거를 알고 그를 협박한다. 버질은 달구어진 막대기로 그녀를 찔러 죽여 보복하려고 준비한다. 마골린이 임신을 하게 되어 돈이 필요하게  된 버질은 다시 은행을 털려다 실패하고 감옥에 간다. 그곳에서 다섯명의 다른 기결수와 탈옥한 그는 농장에 침입한다. 버질은 일급 지명 수배자가 되고 다시 감옥에 간다. 버질은 감옥에서 비누를 깍으며 그의 범죄 일생을 되돌아본다.",,,,우디 앨런,우디 앨런 / 자넷 마골린,3.5,쉬지않고 몰아치는 피식의 호흡,2025-10-13,https://an2-img.amz.wtchn.net/image/v2/xaxXedL3ADlVww0sOoNTPw.jpg?jwt=ZXlKaGJHY2lPaUpJVXpJMU5pSjkuZXlKdmNIUnpJanBiSW1SZk5Ea3dlRGN3TUhFNE1DSmRMQ0p3SWpvaUwzWXhMMnh5YUhwcGIzWjRPRGN5WTJGellXVnVhR2czSW4wLmVlMGl3S2RNUkI5Tk1HZ1g0c2V2RkpCSW54aHhfR0tsS3E4MWJ4VjJLUzQ=,
마스크가 필요해,,2021,드라마 / 단편,,,"결혼을 계획하고 동거중인 지은과 남혁은 코로나19 때문에 결혼식과 신혼집 이사를 미루고 지내고 있다. 그러던 어느 날, 일을 끝내고 집으로 돌아오던 지은은 마스크를 잃어버린다.",,,,손현록,이예진 / 고유준,3.5,코로나와 임신 모두에 대한 걱정을 모두 막아줬으면 하는 얇은 마스크 하나,2025-10-12,https://an2-img.amz.wtchn.net/image/v2/vuIRGmzpgKgeDh4xg5czUA.jpg?jwt=ZXlKaGJHY2lPaUpJVXpJMU5pSjkuZXlKdmNIUnpJanBiSW1SZk5Ea3dlRGN3TUhFNE1DSmRMQ0p3SWpvaUwzWXlMM04wYjNKbEwybHRZV2RsTHpFMU5UQTJNekl3TkRFMU1EazBPVFlpZlEuY0EzR245cGNoOXdIbE1Qc3hqZ2x3VDBLcTRpTVRlV0lNdTNHckU4cXhyVQ==,
동사서독 리덕스,,2008,액션 / 드라마,,,<동사서독>을 왕가위 감독 자신이 재편집한 버전. 사막의 주막에 은거하는 구양봉은 현상금 사냥꾼들을 고용해 암살을 사주하는 중개인이다. 젊은 시절 사랑에 실패한 그는 몰인정하고 냉소적인 사람으로 변한다. 구양봉의 주막은 상처받은 사람들이 머물고 사라지는 정거장과 같다. 옛사랑의 죽음을 전해들은 구양봉은 마침내 자신을 둘러싼 고독의 근원을 찾기 시작하는데...,,,,왕가위,장국영 / 장학우 / 장만옥 / 양조위 / 유가령,4.0,마지막 장만옥의 독백씬 하나만으로도 볼 가치가 충분한 영화,2025-10-11,https://an2-img.amz.wtchn.net/image/v2/ssPrloYpylKuT2Dy6iPKVA.jpg?jwt=ZXlKaGJHY2lPaUpJVXpJMU5pSjkuZXlKdmNIUnpJanBiSW1SZk5Ea3dlRGN3TUhFNE1DSmRMQ0p3SWpvaUwzWXlMM04wYjNKbEwybHRZV2RsTHpFMk1USTBNRFUyTnprek1USTROemsxTVRJaWZRLlFpNWp2ZU9GVzZDU3RSZFV1X1J5YlFaSHhFWDd5ZF9mMEhvQzVhNkdoTjg=,
와이키키 브라더스,,2001,드라마 / 음악,,,"나이트클럽에서 연주하는 남성 4인조 밴드와이키키 브라더스는 불경기로 인해 한 곳에 정착하지 못한 채 출장 밴드를 전전한다. 팀의 리더 성우는 고교 졸업 후 한 번도 찾지 않았던 고향, 수안보의 와이키키 호텔에 일자리를 얻어 팀원들과 귀향한다.",,,,임순례,이얼 / 박원상 / 황정민 / 류승범 / 오광록,3.5,홀라당 벗고 후련히 바닷가로 뛰어들던 어린시절을 상상하며 취객의 돈을 받기 위해 홀라당 벗고 기타를 치는 현실,2025-10-10,https://an2-img.amz.wtchn.net/image/v2/vK9J3ixwKmLQV10-7AEgFg.jpg?jwt=ZXlKaGJHY2lPaUpJVXpJMU5pSjkuZXlKdmNIUnpJanBiSW1SZk5Ea3dlRGN3TUhFNE1DSmRMQ0p3SWpvaUwzWXhMMlJqTkd0NGIyOW5ZWFptZEhvMloyVjJjM0JxSW4wLkpSQ29TR2VUQ3liTlFib09VdEZpblo2RDREMlhyOXRvMVdsTEdkYVlaRUU=,
디지몬 어드벤처 1기: 운명적 만남,,1999,애니메이션 / 가족 / 액션 / 모험 / 판타지 / SF / 스릴러,,,컴퓨터 모니터를 통해 세상 밖으로 나온 의문의 알. 타이치와 히카리 남매 앞에 디지몬과의 신비롭고 운명적인 만남이 펼쳐진다.,,,,호소다 마모루,,4.5,애니계 최고의 오프닝 엔딩곡까지 완벽,2025-10-09,https://an2-img.amz.wtchn.net/image/v2/5f_r6XuKIrG5gqS5Inv_nw.jpg?jwt=ZXlKaGJHY2lPaUpJVXpJMU5pSjkuZXlKdmNIUnpJanBiSW1SZk5Ea3dlRGN3TUhFNE1DSmRMQ0p3SWpvaUwzWXhMM2M0TVhOaWIyNTRjbU52WTJ0cWJHNXNZVFZoSW4wLld2MTRsUWRsdFFWM3V0RURKQk9oYnYwNXNKOThWWTR1LXJ5aks2am1DbGc=,
인생,,1994,드라마 / 전쟁,,,"1940년대 중국, 지주의 아들로 태어난 부귀(갈우 분)는 경제적 풍요로움 아름다운 아내(공리 분)가 있어 부러울 것이 없는 남자였다. 그러나 그는 도박에 빠져 전재산을 잃고 아내는 그를 만류하다 못해 떠나버린다. 아버지마저 충격으로 숨을 거두자 그에게 남은 것은 절망과 후회 뿐이다. 삶의 의욕을 잃은 부귀에게 아내가 두 아이를 데리고 돌아오고 부귀는 가족들을 위해 그림자극을 시작한다.",,,,장예모,갈우 / 공리,4.5,기쁜 일에도 슬픈일에도 그저 살아나가는 것이 인생,2025-10-08,https://an2-img.amz.wtchn.net/image/v2/32cN--OJ4gDkq7iDKjH7eQ.jpg?jwt=ZXlKaGJHY2lPaUpJVXpJMU5pSjkuZXlKdmNIUnpJanBiSW1SZk5Ea3dlRGN3TUhFNE1DSmRMQ0p3SWpvaUwzWXhMMjgzWVc0d04ybHhkWFZwTW1SNloyeDFPV1poSW4wLl9jd09sMk9TOHk4UTFoemlzOFRHVVg4eHZzbElaMG5naUNPQnlBQ2trcU0=,
판타스틱 플래닛,,1973,애니메이션 / 공포,,,"푸른 거인(트라그)들이 지배하는 이얌 행성. 이곳에서 작은 인간(옴)들은 애완동물이나 장난감처럼 취급된다. 아기 옴 ‘테어’는 어린 거인들의 장난으로 졸지에 엄마를 잃고 고아가 되는데, 마침 그곳을 지나던 거인소녀 티바의 도움으로 목숨을 구한다. 도망치지 못하도록 목걸이를 채우고 기르는 것은 여느 거인들와 마찬가지지만, 티바는 테어를 친구처럼 아끼고 사랑해준다. 테어는 우연한 기회에 티바가 공부하는 헤드폰을 통해 거인들의 지식을 전수받게 되고 그들이 독점했던 우주의 질서와 비밀스런 정보들이 테어의 머리에도 또렷하게 새겨진다. 성숙해가면서 명상에 몰두하는 거인들의 습성에 따라 테어에 대한 티바의 관심도 서서히 줄어들 무렵, 테어는 학습용 헤드폰을 가지고 탈출을 감행하고... 탈출에 성공한 테어는 야생의 옴들을 만나 거인의 지식을 전파하며, 더 이상 괴물이나 거인을 두려워할 필요가 없다고 설득한다. 테어와 함께 야생의 옴들이 힘을 합쳐 거인을 공격하는 등 위협적인 움직임을 보이자 거인들은 대대적인 옴 소탕계획을 세우는데...",,,,르네 랄루,신시아 애들러 / 베리 보스트윅 / 마크 그러너 / 노라 헤프린 / 마빈 밀러,3.0,머리 아픈 그림책을 본 느낌,2025-10-07,https://an2-img.amz.wtchn.net/image/v2/IsF0Iwl59f1Zlm7mJpXgSA.jpg?jwt=ZXlKaGJHY2lPaUpJVXpJMU5pSjkuZXlKdmNIUnpJanBiSW1SZk5Ea3dlRGN3TUhFNE1DSmRMQ0p3SWpvaUwzWXhMM0YxWTIwNE1qRjFaRzF6ZW1ZNWRIWnJPR3hySW4wLnFyQk5VZHF6UWRYbGRoN3pETlg1Tzh3VlR1a3JDTXRyenczajNrRzFQUzA=,
탈주,,2024,액션 / 스릴러,,,"“내 앞 길 내가 정했습니다”

휴전선 인근 북한 최전방 군부대. 10년 만기 제대를 앞둔 중사 ‘규남’(이제훈)은 미래를 선택할 수 없는 북을 벗어나 원하는 것을 해 볼 수 있는 철책 너머로의 탈주를 준비한다. 그러나, ‘규남’의 계획을 알아챈 하급 병사 ‘동혁’(홍사빈)이 먼저 탈주를 시도하고, 말리려던 ‘규남’까지 졸지에 탈주병으로 체포된다.

“허튼 생각 말고 받아들여. 이것이 니 운명이야”

탈주병 조사를 위해 부대로 온 보위부 소좌 ‘현상’(구교환)은 어린 시절 알고 지내던 ‘규남’을 탈주병을 체포한 노력 영웅으로 둔갑시키고 사단장 직속보좌 자리까지 마련해주며 실적을 올리려 한다. 하지만 ‘규남’이 본격적인 탈출을 감행하자 ‘현상’은 물러설 길 없는 추격을 시작한다.",,,,이종필,이제훈 / 구교환,2.0,양화대교 틀어줄때 눈치챘어야했다,2025-10-07,https://an2-img.amz.wtchn.net/image/v2/FvIooWuI9aL4j_vIrWJP4w.jpg?jwt=ZXlKaGJHY2lPaUpJVXpJMU5pSjkuZXlKdmNIUnpJanBiSW1SZk5Ea3dlRGN3TUhFNE1DSmRMQ0p3SWpvaUwzWXlMM04wYjNKbEwybHRZV2RsTHpJd016VXhPVFl4TkRFek1qVWlmUS5yMmtXRjZVaU94UFB5ei1XUmhrVVg2bXpWcHNxR21RamhmWTNOM2RvVEFZ,
노킹 온 헤븐스 도어,,1997,범죄 / 액션 / 드라마 / 코미디,,,"뇌종양 진단을 받은 마틴과 골수암 말기의 루디는 같은 병실에 입원한다. 시한부 판결을 받아 삶이 얼마 남지 않았다는 공통점 외에는 전혀 다른 성격의 두 남자. 단 한번도 바다를 보지 못한 루디를 위해 마틴은 그와 함께 바다로 향하는 생애 마지막 여행을 시작한다. 하지만, 여행을 위해 그들이 훔친 차는 100만 마르크가 들어있는 악당들의 스포츠카였던 것. 뜻밖의 돈을 얻게 된 이들은 천국의 문턱에서 그들이 평소 하고 싶었던 소원을 이야기한다. 하지만 행복도 잠시, 악당과 경찰의 추격 속에 그들의 여행은 위태롭게 흘러 가는데…",,,,토머스 얀,틸 슈바이거 / 얀 요제프 리퍼스,1.0,웃어야되냐 울어야되냐?,2025-10-05,https://an2-img.amz.wtchn.net/image/v2/TIsCyRe_7E4ZZr3Ab4r1Sw.jpg?jwt=ZXlKaGJHY2lPaUpJVXpJMU5pSjkuZXlKdmNIUnpJanBiSW1SZk5Ea3dlRGN3TUhFNE1DSmRMQ0p3SWpvaUwzWXhMM1ZoYjNCMk9HWTJkR05wTW5WbmVtdDZZVzl2SW4wLmY5SWN1S3ZNRUJJQVZWZXdJejRVSmhiOVZZM1V3aDMxMmRlZWFZd29JOHM=,
소나티네,,1993,액션 / 코미디 / 범죄 / 로맨스 / 드라마 / 스릴러,,,"냉혹한 성격의 야쿠자인 무라카와는 조직의 문제 때문에 잠시 오키나와로 몸을 피한다. 무라카와와 함께 피신한 야쿠자들은 바닷가에서 아이들과 같은 모습으로 놀이를 즐기며 한가한 시간을 보낸다. 그러나 그곳에도 위장한 킬러가 잠입해와 무라카와의 부하를 죽이자, 무라카와는 더 이상 몸을 숨기지 않고 보스를 찾아가는데...",,,,기타노 다케시,기타노 다케시 / 와타나베 테츠 / 카츠무라 마사노부,2.5,나한텐 그냥 야쿠자의 여름방학이었던 것,2025-10-03,https://an2-img.amz.wtchn.net/image/v2/gn6TA_BUmedFYe2wtD4ioA.jpg?jwt=ZXlKaGJHY2lPaUpJVXpJMU5pSjkuZXlKdmNIUnpJanBiSW1SZk5Ea3dlRGN3TUhFNE1DSmRMQ0p3SWpvaUwzWXhMM05uZEhwcFluWnhPWEo2YUdsMWNHSnJiWFo0SW4wLkF6SEFaRUc1RFRQcWxUaUNQc0t3OG9pYTV6alM1Qm5QSlVOVU9HRjI4UDA=,
기쿠지로의 여름,,1999,코미디 / 드라마,,,"모두가 기다리던 여름방학. 하지만 마사오는 전혀 즐겁지 않다. 할머니는 매일 일을 나가시느라 바쁘고 친구들은 가족들과 함께 바다나 시골로 놀러 가버려 외톨이가 되었기 때문. 어느 날 먼 곳에 돈을 벌러 가셨다는 엄마의 주소를 발견한 마사오. 그림 일기장과 방학숙제를 배낭에 넣고 엄마를 찾아 여행길에 오른다. 친절한 이웃집 아줌마는 직업도 없이 빈둥거리는 전직 야쿠자 남편 기쿠지로를 마사오의 보호자로 동행시킨다. 왕복 600km의 여정. 그러나 그 여행은 마사오도 기쿠지로도 잊을 수 없는 생애 최고의 즐거운 시간을 선사하는데...
 52세 철없는 어른과 9세 걱정많은 소년. 그들이 마침내 찾은 것은?!",,,,기타노 다케시,기타노 다케시 / 세키구치 유스케,4.0,"영화를 보다보면 마지막즈음에 왜 영화 제목이 마사오의 여름이 아닌 기쿠지로의 여름인지 알 수 있다. 다소 유치할수도 있지만 기분이 좋아지는 영화, 기타노 다케시 이 아저씨는 영화는 귀엽다",2025-09-30,https://an2-img.amz.wtchn.net/image/v2/rKKng2mSaEOAyUSKf_IEoQ.jpg?jwt=ZXlKaGJHY2lPaUpJVXpJMU5pSjkuZXlKdmNIUnpJanBiSW1SZk5Ea3dlRGN3TUhFNE1DSmRMQ0p3SWpvaUwzWXhMMlZ4ZVhONmMzUnhNM1J2Y0dwMWQyRjRaMkowSW4wLkcxR2JPZ3RFTXJUYTFSZ0FUdUt2RVRnaXd3V05qYVZ0d3h2MzRxOEQwdjg=,
사스콰치 선셋,,2024,코미디 / 모험,,,"안개가 자욱한 어느 숲에서
하루도 조용할 날 없이 지내는
더럽게 사랑스러운(?) 사스콰치 가족.

이들은 안착할 수 있는 생활 터전을 찾아
지극히 평범하지 않은 여정을 떠난다, 그것도 1년 내내!",,,,데이비드 젤너 / 네이선 젤너,제시 아이젠버그 / 라일리 키오,2.0,"브금 잘 뽑아 2점이지 불쾌한 골짜기의 연속, 영화는 안봐도 되지만 앨범은 추천",2025-09-27,https://an2-img.amz.wtchn.net/image/v2/aPRjaCt0ZYswBaEmsN1Nng.jpg?jwt=ZXlKaGJHY2lPaUpJVXpJMU5pSjkuZXlKdmNIUnpJanBiSW1SZk5Ea3dlRGN3TUhFNE1DSmRMQ0p3SWpvaUwzWXlMM04wYjNKbEwybHRZV2RsTHpNMU9EUTJPREl3TVRReU1EZzBNU0o5LmNVTnF2b0Q2aWdnZEJfODZLNEFXVDZpbEJTN2N0N3Z4YkhBenVIWXZOUnc=,
공각기동대,,1995,SF / 애니메이션 / 액션,,,"[2026 문화다양성 주간 / 싱어송라이터 단편선]
SF 걸작 중 하나로 ‘인간이란 무엇인가?’에 관해 가장 깊이 있게 질문을 하는 작품입니다. 특히 인공적으로 만들어진 ‘초지능’이 더 이상 공상의 영역처럼 느껴지지 않는, 그래서 인간이 ‘무엇’과 ‘어떻게’ 공존할지에 대한 관점이 요구되는 지금, 시의 적절하게 느껴집니다.

[2026 문화다양성 주간 / 미디어 아티스트 이이남]
어릴 때는 미래 SF처럼 봤지만 지금 다시 보면 현재를 예언한 작품처럼 느껴집니다. 인간의 기억과 감정, 자아마저 기술로 복제될 수 있는 시대. “나는 누구인가?”라는 질문을 끝없이 던지게 만듭니다. AI 시대에 다시 한번 꼭 봐야 할 영화입니다.



초고속 네트워크 사회, 점점 더 지능화되고 흉포해지는 범죄에 대항하기 위해 사이보그 쿠사나기 모토코 소령을 필두로 공안 9과 ‘공각기동대’가 탄생한다. 쿠사나기와 그의 팀은 ‘고스트 해킹’을 통해 타인의 생각을 조작하고 변형시키는 정체불명의 해커 ‘인형사’를 제거하기 위해 임무에 뛰어든다.",,,,오시이 마모루,,4.5,내용이 완전히 이해가 안되더라도 보는맛과 듣는맛이 충분하다,2025-09-26,https://an2-img.amz.wtchn.net/image/v2/bw7OBLYJJ30tkL5C_0ydwQ.jpg?jwt=ZXlKaGJHY2lPaUpJVXpJMU5pSjkuZXlKdmNIUnpJanBiSW1SZk5Ea3dlRGN3TUhFNE1DSmRMQ0p3SWpvaUwzWXlMM04wYjNKbEwybHRZV2RsTHpJd01ETTJNVEkyTnpVeE9UazBNU0o5LmFhNjR6b0xETUdUU3RJLTZYMGNiM3l3TGN3VUdrb0dQY1VEN3dMbFdyQU0=,
매그니피센트 7,,2016,액션 / 모험 / 서부극,,,"“정의를 원하죠. 
하지만 복수를 택하겠어요” 

1879년, 평화로운 마을 로즈 크릭을 무력으로 점령한 보그 일당의 탐욕적인 악행과 착취로 인해 선량한 사람들이 이유 없이 쫓겨나게 된다. 남편의 억울한 죽음을 지켜본 엠마는 치안 유지관을 가장한 현상범 전문 헌터 ‘샘 치좀’(덴젤 워싱턴)을 찾아가 전 재산을 건 복수를 의뢰한다. ‘샘 치좀’은 도박꾼 ‘조슈아 패러데이’(크리스 프랫), 명사수 ‘굿나잇 로비쇼’(에단 호크), 암살자 ‘빌리 락스’(이병헌), 무법자, 추격자 그리고 인디언 전사까지, 7인의 무법자들을 모아 모든 것을 날려버릴 마지막 결전을 준비하는데….정의가 사라진 세상, 통쾌한 복수가 시작된다!",,,,안톤 후쿠아,덴젤 워싱턴 / 크리스 프랫 / 에단 호크 / 이병헌 / 맷 보머,2.0,딱 액션까지만,2025-09-20,https://an2-img.amz.wtchn.net/image/v2/gfz1WXSls74h5nV8H6MnRA.jpg?jwt=ZXlKaGJHY2lPaUpJVXpJMU5pSjkuZXlKdmNIUnpJanBiSW1SZk5Ea3dlRGN3TUhFNE1DSmRMQ0p3SWpvaUwzWXhMM1l3TjIxdU1XcHljVFYyZUdaa09EaDRaMjV4SW4wLnVuNTlOb2JETkRrUWNaajNVWkVlbkwzaVI0VlllWUlseW91RGk0cGg1ZkU=,
더티 댄싱,,1987,드라마 / 음악 / 로맨스,,,"1963년 여름, 베이비(제니퍼 그레이)라는 애칭으로 불리는 17세의 프란시스는 의사인 아버지 제이크(제리 오바하)와 어머니 마조리(켈리 비솝), 그리고 언니 리사(제인 브루커)와 함께 아버지의 친구가 경영하는 켈러만 산장으로 피서를 떠난다. 그곳에는 같은 또래의 젊은이들이 많이 있어 저녁이면 댄스 파티를 즐기곤 하지만 어딘지 틀에 박힌 파티가 썩 마음에 들지 않는다. 그러다가 산책 도중 우연히 숲속 산장에서 젊은이들의 기괴한 댄스 파티를 발견하다. 기성세대에서는 볼 수 없는 음란한 율동의 춤, 소위 더티 댄싱이었다. 그곳에서 베이비는 낮에 본 핸섬한 댄스 교사 자니(패트릭 스웨이즈)와 그의 파트너인 페니(신시아 로즈)가 추는 춤에 그만 매료된다. 그런데, 우연히 페니가 그곳에서 아르바이트를 하는 로비(맥스 캔터)라는 예일대생과의 관계로 임신한 사실을 알게 되었고, 낙태 수술할 250달러가 없어 고민하고 있는 것도 알게 되는데...",,,,에밀 아돌리노,제니퍼 그레이 / 패트릭 스웨이지,3.5,마지막 춤추는 장면은 내 딸이라도 양아치한테 반한거 인정할듯,2025-09-19,https://an2-img.amz.wtchn.net/image/v2/v1KuRnXsEvFBWV_FThLa5A.jpg?jwt=ZXlKaGJHY2lPaUpJVXpJMU5pSjkuZXlKdmNIUnpJanBiSW1SZk5Ea3dlRGN3TUhFNE1DSmRMQ0p3SWpvaUwzWXhMM2QxWlRNeWJYSjBPSFprWlhGb2NHWXpaM0ZoSW4wLlgzZDlxZzNSNWRuQlZRaVd6eGpTTmtELUtOdlM5VkhQb0JzTTlnZzJGOTA=,
레볼루셔너리 로드,,2008,드라마 / 로맨스,,,"첫눈에 반한 에이프릴(케이트 윈슬렛)과 프랭크(레오나르도 디카프리오)는 결혼을 해서 행복한 가정을 이룬다. 뉴욕 맨하탄에서 1시간 정도 걸리는 교외 지역인 ‘레볼루셔너리 로드’에서 가장 아름다운 집에 보금자리를 꾸리게 된 두 사람. 모두가 안정되고 행복해 보이는 길, 레볼루셔너리 로드에서 그들의 사랑과 가정은 평안해 보이지만, 잔잔하고 반복되는 일상에서 탈출을 원하는 에이프릴과 프랭크는 모든 것을 버리고 파리로의 이민을 꿈꾼다. 

새로운 삶을 찾게 되는 것에 들뜨고 행복하기만 한 두 사람. 하지만, 회사를 그만두려는 찰나 프랭크는 승진 권유를 받게 된다. 모든 것을 뒤로 하고 파리로 가고자 하는 에이프릴, 그리고 현실에서 좀 더 안정된 삶을 살고자 하는 프랭크. 서로를 너무 사랑하지만 현실과 이상 사이에서 갈등하게 되는 두 사람. 그들은 과연 어떤 선택을 하게 될까.",,,,샘 멘데스,레오나르도 디카프리오 / 케이트 윈슬렛,4.5,둘 중 누구 하날 탓할수있을까,2025-09-18,https://an2-img.amz.wtchn.net/image/v2/kHC_3EInAcUrMgcnaRDU2w.jpg?jwt=ZXlKaGJHY2lPaUpJVXpJMU5pSjkuZXlKdmNIUnpJanBiSW1SZk5Ea3dlRGN3TUhFNE1DSmRMQ0p3SWpvaUwzWXhMMjkyWVhSMmNIbHVkblE0WjJGbWJXUmhNV1Y0SW4wLlpwWlg0LWVubEVkMFRkWkZUb0dXdnpaYkpWRVNDUk1Hd3hJdjlqbFp0LUU=,
미션,,1986,드라마,,,"우리는, 죽음의 경계 앞에 서 있다.

18세기, 극단의 시대. 원주민 과라니족의 마을로 선교활동을 온 ‘가브리엘 신부’와 살인 복역수 ‘멘도자’는 포르투갈 영토에 편입되어 죽음의 위기에 처한 원주민들을 목격한다.

무력 VS 비폭력
이들을 지키기 위해 서로 다른 선택을 감행하는 두 사람, 과연 두 사람은 그들을 지켜낼 수 있을까?",,,,롤랑 조페,로버트 드 니로 / 제레미 아이언스,3.0,멘도자가 참회하는 영화 초반까지만 와닿았다,2025-09-17,https://an2-img.amz.wtchn.net/image/v2/zNjLuIrecJgEHVL1ElRZJQ.jpg?jwt=ZXlKaGJHY2lPaUpJVXpJMU5pSjkuZXlKdmNIUnpJanBiSW1SZk5Ea3dlRGN3TUhFNE1DSmRMQ0p3SWpvaUwzWXhMM0JrWkhKMGJqbDNZWGR0TUd4dk1uTnZjbWQ2SW4wLmMxRkswdG8telIzMGd4aHhjc3NqUHZTSks0b3BxM3REaW9VZ2RxbnlqaGM=,
매트릭스 3: 레볼루션,,2003,SF / 액션,,,"진실을 찾는 여정에 한 걸음 더 접근하게 된 네오. 그러나 그 와중에 능력을 소진하고 매트릭스와 현실세계의 중간계를 떠돌게 된다. 한편 기계들이 인간말살을 목적으로 인류 최후의 보루 시온으로 침공해오자 인간들은 인류의 미래를 지키기 위해 필사적인 전투를 벌인다. 그러나 베인의 몸 속에 침투한 에이전트 스미스(휴고 위빙)가 본 모습을 드러내면서 네오에게는 예기치 못한 변수가 생긴다. 매 순간 세력이 커져가면서 기계들의 통제권까지 벗어난 스미스는 현실 세계와 매트릭스는 물론 기계도시까지 말살할 야욕을 불태우고, 오라클(매리 앨리스)은 네오에게 마지막 조언을 건네는데...",,,,라나 워쇼스키 / 릴리 워쇼스키,키아누 리브스 / 캐리 앤 모스  / 로렌스 피쉬번 / 휴고 위빙,3.0,2편 보다 쪼금 나은 정도?,2025-09-16,https://an2-img.amz.wtchn.net/image/v2/DXRGou8TMcyVb1eZTQIG-g.jpg?jwt=ZXlKaGJHY2lPaUpJVXpJMU5pSjkuZXlKdmNIUnpJanBiSW1SZk5Ea3dlRGN3TUhFNE1DSmRMQ0p3SWpvaUwzWXlMM04wYjNKbEwybHRZV2RsTHpFMk16azBPVE0zTlRVM09ESTJOekE0TVRRaWZRLmwyZzBTV0RUclB2d2RfeUE2TU5Ca0FmaDdpTmZjLUhWN0FyQVFzd25VOE0=,
맨 프럼 어스,,2007,SF / 판타지 / 드라마,,,"10년간 지방의 대학에서 교수 생활을 하던 중에 종신교수직도 거절하고 돌연 이사를 가려는 존 올드맨 (데이빗 리 스미스 분)은 그의 행동에 의심을 품고 집요하게 추궁하는 동료들이 마련한 환송회에서 갑자기 폭탄선언을 한다. 그건 다름 아닌 자신이 14,000년 전부터 살아온 사람이라는 것. 만약에..로 시작한 고백에서 그는 매번 10년마다 자신이 늙지 않는다는 것을 알아채기 전에 다른 신분으로 바꿔 이주해왔고 이 곳에서도 10년을 채웠기 때문에 떠날 수 밖에 없으며, 자신이 그 동안 이동하면서 역사 속 많은 인물들과 사건에 관여했다고 주장한다. 맨 처음엔 그저 농담으로 생각하던 사람들이 게임형식으로 질문을 던지고, 존이 논리정연 답변을 척척 해나가면서 각 분야 전문가인 동료 교수들은 그의 주장에 점차 신빙성이 있음을 알게 된다. 그러나 급기야 그가 자신이 부처의 가르침을 중동에 전하려다 본의 아니게 예수가 되어버렸다고 하자 존의 주장에 수긍해 주던 독실한 기독교 신자인 동료의 분노를 사버린다. 그럼에도 불구하고 존의 논리적으로 반박할 수 없는 정연함에 동료 모두들 괴로워하자 그런 동료를 위해 존은 지금까지의 자신의 얘기가 다 거짓말이었다고 주장한다. 하지만 동료들이 다 떠나고 나서 그의 주장에 대한 놀라운 진실이 밝혀지는데...",,,,리처드 쉥크만,존 빌링슬리 / 엘렌 크로포드 / 윌리엄 캣 / 애니카 피터슨 / 리차드 리엘,2.5,"저예산 계의 걸작인것은 알겠으나, 90년대 미드를 비디오테이프로 보는것 같았다. 듣는 사람들 반응도 솔직히 완전히 이해가 되진 않았다. 저렇게까지(총을 들이민다던가, 질질 짠다던가) 반응할 일인가 //? (솔직히 저런 사람 지인으로 두면 더 좋은거 아님?)",2025-09-16,https://an2-img.amz.wtchn.net/image/v2/sM3dXV1myHVmqg8fO1NpMQ.jpg?jwt=ZXlKaGJHY2lPaUpJVXpJMU5pSjkuZXlKdmNIUnpJanBiSW1SZk5Ea3dlRGN3TUhFNE1DSmRMQ0p3SWpvaUwzWXhMMk5qWldKMVlqQnVjRGc0YldsM2RuQTBkbTgySW4wLkRTMExKWWFSYXJocVdHUFRtOU5lN01qV21RNXhjWmxFeUplZzNMS01Id1U=,
웡카,,2023,판타지 / 모험 / 코미디 / 뮤지컬 / 가족,,,"세상에서 가장 달콤한 여정
좋은 일은 모두 꿈에서부터 시작된다!

마법사이자 초콜릿 메이커 ‘윌리 웡카’의 꿈은 디저트의 성지, ‘달콤 백화점’에 자신만의 초콜릿 가게를 여는 것. 가진 것이라고는 낡은 모자 가득한 꿈과 단돈 12소베른 뿐이지만 특별한 마법의 초콜릿으로 사람들을 사로잡을 자신이 있다.

하지만 먹을 것도, 잠잘 곳도, 의지할 사람도 없는 상황 속에서 낡은 여인숙에 머물게 된 ‘웡카’는 ‘스크러빗 부인’과 ‘블리처’의 계략에 빠져 눈더미처럼 불어난 숙박비로 인해 순식간에 빚더미에 오른다. 게다가 밤마다 초콜릿을 훔쳐가는 작은 도둑 ‘움파 룸파’의 등장과 ‘달콤 백화점’을 독점한 초콜릿 카르텔의 강력한 견제까지. 세계 최고의 초콜릿 메이커가 되는 길은 험난하기만 한데…",,,,폴 킹,티모시 샬라메,3.0,예상했던것보다 더 담백해서 오히려 좋았다,2025-09-12,https://an2-img.amz.wtchn.net/image/v2/Vnn_KYM-QxlK00ydZiSpKA.jpg?jwt=ZXlKaGJHY2lPaUpJVXpJMU5pSjkuZXlKdmNIUnpJanBiSW1SZk5Ea3dlRGN3TUhFNE1DSmRMQ0p3SWpvaUwzWXlMM04wYjNKbEwybHRZV2RsTHpFM01ESXdNakl6TURJek1qQXdOVGs1TnpFaWZRLnZXakM5cEZMT2hzLXhnOXl3dGpsdU1RVHpZSUw2NFRBazRsZ3RiUFdhdXc=,
매트릭스 2 - 리로디드,,2003,SF / 액션,,,"시온이 컴퓨터 군단에게 장악될 위기에 처하면서, 네오는 자신의 능력에 대한 더 큰 통제력을 갖게 된다. 이제 몇 시간 후면 지구상에 남은 인류 최후의 보루인 시온이 인간 말살을 목적으로 프로그래밍 된 센티넬 무리에 의해 짓밟히게 될 터. 그러나 시온의 시민들은 오라클의 예언이 이루어져 전쟁이 끝날 것이라는 모피어스의 신념에 용기를 얻고, 네오에게 모든 희망과 기대를 걸어보기로 한다. 서로에 대한 사랑의 힘으로, 스스로에 대한 믿음으로 용기를 얻은 네오와 트리니티는 모피어스와 함께 인간을 억압하고 착취하는 시스템에 맞서기 위해 매트릭스로 돌아간다.",,,,릴리 워쇼스키 / 라나 워쇼스키,키아누 리브스,3.0,스미스 요원 전투씬 CG는 플래시(2023)를 보는 것 같았다. 플래시는 뭐냐 도대체?,2025-09-11,https://an2-img.amz.wtchn.net/image/v2/ZOOP1cO6LVVIjsRN66wqvw.jpg?jwt=ZXlKaGJHY2lPaUpJVXpJMU5pSjkuZXlKdmNIUnpJanBiSW1SZk5Ea3dlRGN3TUhFNE1DSmRMQ0p3SWpvaUwzWXhMMnR2Tm5KelkzTmlZV1V4ZFd0bFkzRnFNakIxSW4wLjVNWks4ak0xTGdMZkJsNjBlUl9QQ2FUc1hjLUpkVnlIY1E2WmpvQWttTms=,
퍼스트맨,,2018,전기 / 드라마 / 역사,,,"""여러분은 지금까지 보지 못한 걸 보게 될 겁니다""

이제껏 누구도 경험하지 못한 세계에 도전한 우주비행사 닐(라이언 고슬링)은, 거대한 위험 속에서 극한의 위기를 체험하게 된다. 전세계가 바라보는 가운데, 그는 새로운 세상을 열 첫 발걸음을 내딛는데…

이제, 세계는 달라질 것이다.",,,,데미언 셔젤,라이언 고슬링 / 클레어 포이,4.5,"영화 포스터가 가장 큰 허들, 이렇게나 슬픈 영화였다니",2025-09-10,https://an2-img.amz.wtchn.net/image/v2/5EkOUoUa-MDYvt2qWa2lSQ.jpg?jwt=ZXlKaGJHY2lPaUpJVXpJMU5pSjkuZXlKdmNIUnpJanBiSW1SZk5Ea3dlRGN3TUhFNE1DSmRMQ0p3SWpvaUwzWXhMM0Z5ZVdSc09ISnhiV04xY0RkbGIyRTROSEo2SW4wLjJLY01ma1VadnQtS0x6c0E4c01NMXFJdTEweXUxZGVEQ2pSR2dWeFBkajg=,
팬텀 스레드,,2017,드라마 / 로맨스,,,"내 사랑이 널 완성할거야.

1950년 런던. 왕실과 사교계의 드레스를 만드는 의상실 우드콕의 디자이너 ‘레이놀즈’는 우연히 마주친 젊고 당찬 ‘알마’에게 첫눈에 반한다. 레이놀즈 인생 최고의 뮤즈이자 유일한 연인이 된 알마. 마치 환상처럼 화려한 인생을 살고 있지만 레이놀즈가 만든 세상의 일부일 뿐인 그녀는 자신의 전부인 사랑을 걸고 그의 인생을 망치기로 한다.

나의 아름다운 뮤즈, 넌 누구지?",,,,폴 토머스 앤더슨,다니엘 데이 루이스 / 비키 크립스,4.5,고약한 영감탱이 길들이기 : 독버섯을 추천합니다,2025-09-09,https://an2-img.amz.wtchn.net/image/v2/Wtp0taV5C-CIxzp9hjP4Vg.jpg?jwt=ZXlKaGJHY2lPaUpJVXpJMU5pSjkuZXlKdmNIUnpJanBiSW1SZk5Ea3dlRGN3TUhFNE1DSmRMQ0p3SWpvaUwzWXhMMlY0WW5Sb2EyWnhaemRpZW5sMk4yeDNjMkZ3SW4wLk9HTXZfT0xmUFZxRTN6RmZoTXRoNnRvaXVsRTBfNE9PV3ViR1VqNDg0QWs=,
2046 리마스터링,,2004,드라마 / 로맨스 / SF,,,2046년 미래를 배경으로 한 소설을 쓰는 작가 '차우'는 평소 진정한 사랑을 하지 않고 많은 여성과 일회적인 만남만 지속한다. 같은 호텔에 묵고 있는 '바이양'과도 육체적인 관계만 즐기지만 '바이양'은 진심으로 그를 사랑하게 된다. 그러던 중 호텔 사장의 딸 '징웬'의 도움을 받아 소설을 함께 쓰기 시작한 '차우'는 어느새 그녀를 사랑하게 된다. '차우'의 다양한 사랑 이야기가 투영된 소설의 결말은 무엇일까.,,,,왕가위,양조위 / 장쯔이 / 공리 / 왕페이 / 기무라 타쿠야,3.0,"재수없어서 더 매력적인 차우, 그래도 화양연화가 더 좋았다",2025-09-08,https://an2-img.amz.wtchn.net/image/v2/UN2GgObzFEHXuSeWEainrA.jpg?jwt=ZXlKaGJHY2lPaUpJVXpJMU5pSjkuZXlKdmNIUnpJanBiSW1SZk5Ea3dlRGN3TUhFNE1DSmRMQ0p3SWpvaUwzWXlMM04wYjNKbEwybHRZV2RsTHpFMk1USXhOVFUwTnpFM01qTXdNekl4TURZaWZRLloyOGxicU5SQm90VlhSUnRyU1UtNXV6Y05HWmtpM2EzVEplUUo0Mm9VblE=,
매트릭스,,1999,판타지 / SF / 액션 / 모험,,,"서기 2199년,
인공지능 AI에 의해 인류가 재배되고 있다!

인간의 기억마저 AI에 의해 입력되고 삭제 되는 세상. 진짜보다 더 진짜 같은 가상 현실 ‘매트릭스’. 그 속에서 진정한 현실을 인식할 수 없게 재배되는 인간들. 그 ‘매트릭스’를 빠져 나오면서 AI에게 가장 위험한 인물이 된 ‘모피어스’는 자신과 함께 인류를 구할 마지막 영웅 ‘그’를 찾아 헤맨다. 마침내 ‘모피어스’는 낮에는 평범한 회사원으로, 밤에는 해커로 활동하는 청년 ‘네오’를 ‘그’로 지목하는데…

꿈에서 깨어난 자들,
이제 그들이 만드는 새로운 세상이 열린다!",,,,릴리 워쇼스키 / 라나 워쇼스키,키아누 리브스 / 로렌스 피쉬번,4.0,이제야봤다 학습할 수 있는 쌈기술이 동양무술 뿐이라는 설정 빼고는 대단한 영화가 맞다,2025-09-07,https://an2-img.amz.wtchn.net/image/v2/wIlz_kCJcivvFJ1Lgdnzeg.jpg?jwt=ZXlKaGJHY2lPaUpJVXpJMU5pSjkuZXlKdmNIUnpJanBiSW1SZk5Ea3dlRGN3TUhFNE1DSmRMQ0p3SWpvaUwzWXhMM0p5YjJRNGRYWm1hM0pzY1dkbmVUQTFZbTlpSW4wLldtNnBoN0ZlcmZwMmgtaGllWEdCX0g4bW9hQXo3ZmFxUk1VUlc2TERZbmc=,
노스페라투,,2024,미스터리 / 공포 / 판타지 / 드라마,,,오랜 시간 통제할 수 없는 강력한 힘에 이끌려 악몽과 괴로움에 시달려 온 ‘엘렌’ 남편 ‘토마스’가 거액의 부동산 계약을 위해 머나먼 ‘올록성’으로 떠난 후부터 엘렌은 불안 증세가 심해지고 알 수 없는 말을 되뇌인다. “그가 오고 있어…” 기이한 현상들이 일어나며 마을로 점점 짙게 번져오는 그림자. 영원한 어둠 속에서 깨어난 올록 백작이 찾아오는데…,,,,로버트 에거스,빌 스카스가드 / 릴리 로즈 뎁 / 니콜라스 홀트,3.0,흑백영화를 본것같은 기분,2025-09-06,https://an2-img.amz.wtchn.net/image/v2/MPQhm9XT_nk6G-T6vCg21g.jpg?jwt=ZXlKaGJHY2lPaUpJVXpJMU5pSjkuZXlKdmNIUnpJanBiSW1SZk5Ea3dlRGN3TUhFNE1DSmRMQ0p3SWpvaUwzWXlMM04wYjNKbEwybHRZV2RsTHpjMk5qZ3hOamM0T0RFM01URTJOeUo5Ljd1eGxtNVY2Vl9oT0ZMcnEwUnA3MWNncWgzWFNIY2phSXhGNDVjd3hURU0=,
비틀쥬스 비틀쥬스,,2024,코미디 / 판타지 / 공포,,,"유령과 대화하는 영매로 유명세를 타게 된 ‘리디아’(위노나 라이더)와 그런 엄마가 마음에 들지 않는 10대 딸 ‘아스트리드’(제나 오르테가). 할아버지 ‘찰스’의 갑작스러운 죽음으로 가족들은 함께 시골 마을에 내려간다. 유령을 보는 엄마가 마음에 들지 않는 ‘아스트리드’는 방황하던 중 함정에 빠져 저세상에 발을 들이게 되고 딸을 구하기 위해 ‘리디아’는 인간을 믿지 않는 저세상 슈퍼스타 ‘비틀쥬스’를 소환한다. 이루지 못한 ‘리디아’와의 결혼을 조건으로 내민 ‘비틀쥬스’. 이번엔 ‘아스트리드’가 ‘비틀쥬스’를 다시 저세상으로 보내야 하는데···.

저세상 슈퍼스타 '비틀쥬스'와 Z세대 반항아 '아스트리드'!
산 자와 죽은 자, 누가 남을 것인가!",,,,팀 버튼,마이클 키튼 / 위노나 라이더 / 캐서린 오하라,2.0,나랑 팀버튼과 맞지 않는다는걸 재확인,2025-09-04,https://an2-img.amz.wtchn.net/image/v2/QxdQ8lSUnBYSSBk0C7m3Dw.jpg?jwt=ZXlKaGJHY2lPaUpJVXpJMU5pSjkuZXlKdmNIUnpJanBiSW1SZk5Ea3dlRGN3TUhFNE1DSmRMQ0p3SWpvaUwzWXlMM04wYjNKbEwybHRZV2RsTHpnM01Ea3lNamM0TnpFMU5qY2lmUS4tOXJid2RzbU1yVFZRX1JjdUxSaW9Hbl9NUEY5OWVlTmFFclBJOFdLbXZF,
혹성탈출: 새로운 시대,,2024,액션 / SF,,,"인류의 시대는 끝났고, 세상의 주인이 바뀌었다!

진화한 유인원과 퇴화된 인간들이 살아가는 땅. 유인원 리더 '프록시무스'는 완전한 군림을 위해 인간들을 사냥하며 자신의 제국을 건설한다. 한편, 또 다른 유인원 '노아'는 우연히 숨겨진 과거의 이야기와 ‘시저’의 가르침을 듣게 되고, 의문의 한 인간 소녀와 함께 자유를 향한 여정을 시작하게 되는데…

美 버라이어티 선정 2024년 최고의 기대작
<아바타: 물의 길> 제작진 x <메이즈 러너> 웨스 볼 감독
5월 8일, 압도적 비주얼 스펙터클을 경험하라!",,,,웨스 볼,오웬 티그,3.0,끝까지 총을 숨기고 있던 메이,2025-09-04,https://an2-img.amz.wtchn.net/image/v2/zBRENu4P_9GTs9O13EdsMA.jpg?jwt=ZXlKaGJHY2lPaUpJVXpJMU5pSjkuZXlKdmNIUnpJanBiSW1SZk5Ea3dlRGN3TUhFNE1DSmRMQ0p3SWpvaUwzWXlMM04wYjNKbEwybHRZV2RsTHpRek9UY3pNREUyTXpRME1qazJJbjAuUVAtMHRxTk1SNmFzTjNneVZJLTN5eTJCOVJad09mQVE1d0N3Z0Y2ZlJxSQ==,
조커: 폴리 아 되,,2024,범죄 / 드라마,,,"“더 이상 혼자가 아니야” 
세상이란 무대에서 폭주하기 시작한 ‘조커’와 ‘할리 퀸’을 확인하라! 

2년 전, 세상을 뒤흔들며 고담시 아이콘으로 자리한 ‘아서 플렉’은 아캄 수용소에 갇혀 최종 재판을 앞둔 무기력한 삶을 살아간다. 그러던 어느 날, 수용소에서 운명적으로 만난 ‘리 퀸젤’은 ‘아서’의 삶을 다시 뒤바꾸며 그의 마음 속에 잠들어 있던 ‘조커’를 깨우고 ‘리’ 역시 각성하며 자신을 ‘할리 퀸’이라 지칭하며 서로에게 깊이 빠져든다. 무고한 시민을 죽인 죄로 재판에 오르게 된 ‘아서’ 그는 최후의 심판대에서 ‘할리 퀸’과 함께 자신, ‘조커’의 이야기를 시작하는데…",,,,토드 필립스,호아킨 피닉스 / 레이디 가가,3.5,"조커의 노래가 끝난 후 맞이하는 아서플랙의 비참한 결말, 별점보고 우려했던 것보다 잘 만든 영화였다",2025-09-03,https://an2-img.amz.wtchn.net/image/v2/847abkbgo9P7hwBSdaUz0A.jpg?jwt=ZXlKaGJHY2lPaUpJVXpJMU5pSjkuZXlKdmNIUnpJanBiSW1SZk5Ea3dlRGN3TUhFNE1DSmRMQ0p3SWpvaUwzWXlMM04wYjNKbEwybHRZV2RsTHpFek1UVTJPVFV3TVRBMU5UWTVOamc1SW4wLkpBc1NzbnFnM0NZVEptLVZkd00xekplME5sX1c4ZXlYYmVQeHQ4UTh0Yzg=,
추락의 해부,,2023,드라마 / 스릴러,,,"남편의 추락사로 한순간에 유력한 용의자로 지목된 유명 작가 '산드라'. 유일한 목격자는 시각장애가 있는 아들과 안내견뿐. 

단순한 사고였을까?
아니면 우발적 자살 혹은 의도된 살인? 

사건의 전말을 해부해 가는 제76회 칸영화제 황금종려상 수상작",,,,쥐스틴 트리에,산드라 휠러 / 스완 아를로 / 밀로 마차도 그라너,3.5,"결국 아들 다니엘의 이야기가 채택되었을 뿐, 끝까지 명확한 판결을 내리긴 어렵다",2025-09-02,https://an2-img.amz.wtchn.net/image/v2/wbNmMNrrIIoy-nBkqUDNzw.jpg?jwt=ZXlKaGJHY2lPaUpJVXpJMU5pSjkuZXlKdmNIUnpJanBiSW1SZk5Ea3dlRGN3TUhFNE1DSmRMQ0p3SWpvaUwzWXlMM04wYjNKbEwybHRZV2RsTHpFek5qVTVPRGcxTkRreE1EVXdPRFlpZlEudkdSQWd6VFcySXZPY0oweFN4SmxYLUYtcGl5cnV2V19GbHVuQlZpWDRZNA==,
그란 투리스모,,2023,모험 / 액션 / 드라마,,,"“게임이나 하던 애를 데려다 시속 320km 로켓에 앉히겠다고?”  

레이싱 게임 ‘그란 투리스모’의 덕후 ‘잔 마든보로’. 스피드라고는 게임으로만 만족해야 했던 그에게 레이싱 선수 발굴을 목표로 만들어진 ‘그란 투리스모 콘테스트’라는 기회가 찾아온다. 

앉아서 게임만 하던 그의 앞에 닥친 혹독한 훈련과 치열한 경쟁. 뛰어난 잠재력을 입증해 프로 레이싱 팀에 합류하는데 성공하지만 상대팀 선수들은 게이머 출신인 그를 인정하지 않고, 프로 레이싱의 세계는 그를 더욱 거칠게 몰아붙이는데... 

리셋 버튼 없는 목숨을 건 실전! 게이머에서 레이서가 된 소년의 흥미로운 스토리가 스크린에서 펼쳐진다!",,,,닐 블롬캠프,아치 매더퀴 / 데이빗 하버 / 올랜도 블룸,2.5,올랜도 블룸의 이해할 수 없는 캐릭터 땜에 몰입이 안되다 르망 24시에서 민심회복하고 실화라서 별점 반개 더 준다,2025-09-01,https://an2-img.amz.wtchn.net/image/v2/ZkVTvSLOkjdlORqb5vigdQ.jpg?jwt=ZXlKaGJHY2lPaUpJVXpJMU5pSjkuZXlKdmNIUnpJanBiSW1SZk5Ea3dlRGN3TUhFNE1DSmRMQ0p3SWpvaUwzWXlMM04wYjNKbEwybHRZV2RsTHpFMk9URTVORFkzTWpjNU9ESTVOamd4TXpZaWZRLmFZM3hxTEtuOEx5NnJvbERFbVluUFl0b1FkSXV2Wm56ZVhlN3pwQ2xSYkk=,
위키드,,2024,판타지 / 뮤지컬 / 모험 / 액션 / 가족 / 로맨스 / 음악,,,"자신의 진정한 힘을 미처 발견하지 못한 '엘파바'(신시아 에리보) 자신의 진정한 본성을 아직 발견하지 못한 ‘글린다'(아리아나 그란데) 전혀 다른 두 사람은 마법 같은 우정을 쌓아간다. 그러던 어느 날, '마법사'의 초대를 받아 에메랄드 시티로 가게 되고 운명은 예상치 못한 위기와 모험으로 두 사람을 이끄는데… 

마법 같은 운명의 시작, 누구나 세상을 날아오를 수 있어",,,,존 추,신시아 에리보 / 아리아나 그란데,3.0,"뮤지컬을 안좋아한다 근데 노래는 제쳐두고 스토리만 두고봐도 재밌음, 2편이 궁금하긴 하군",2025-09-01,https://an2-img.amz.wtchn.net/image/v2/KtzcdjEpeV43IlzDPXbcjw.jpg?jwt=ZXlKaGJHY2lPaUpJVXpJMU5pSjkuZXlKdmNIUnpJanBiSW1SZk5Ea3dlRGN3TUhFNE1DSmRMQ0p3SWpvaUwzWXlMM04wYjNKbEwybHRZV2RsTHpJd09UZzRNVFF6TkRjME5qRTBOVGtpZlEuUUdYanFNNGFmTXhCV1AyenpvcUZpazBWMXZ4VU9yalBJSXNoNDR5a0VOMA==,
트위스터스,,2024,액션 / 모험 / 스릴러,,,"뉴욕 기상청 직원 ‘케이트’(데이지 에드가-존스)는 대학 시절 토네이도에 맞서다 소중한 사람들을 잃고 죄책감에 살고 있다. 그런 그녀 앞에 옛 친구 ‘하비’(안소니 라모스)가 찾아와 토네이도를 소멸시킬 수 있는 획기적인 방법을 제안한다.

고민 끝에 합류하게 된 ‘케이트’는 ‘하비’와 오클라호마로 향하고, 일명 토네이도 카우보이라 불리는 유명 인플루언서 ‘타일러’(글렌 파월)를 만난다. 마치 자연을 정복한 듯이 자신감 넘치는 ‘타일러'와 매사 부딪히게 되는 ‘케이트’. 어느 날, 모든 것을 집어삼킬 거대한 토네이도가 휘몰아칠 것을 감지하게 되는데…

쫓아라! 막아라! 살아남아라!
역대급 토네이도에 정면돌파 선언!",,,,정이삭,데이지 에드가 존스 / 글렌 파월 / 앤서니 라모스,1.0,안봐도 되는 영화중 하나였구나,2025-08-28,https://an2-img.amz.wtchn.net/image/v2/89ZbCdctJLFF9MJgKTKFWQ.jpg?jwt=ZXlKaGJHY2lPaUpJVXpJMU5pSjkuZXlKdmNIUnpJanBiSW1SZk5Ea3dlRGN3TUhFNE1DSmRMQ0p3SWpvaUwzWXlMM04wYjNKbEwybHRZV2RsTHpreE5qUXdOell5TXpBek9USXpPVFFpZlEuTE5XckM5aThna3dYcUFJMFJPcmlMTEFKQ0JjS0tIQ0JEVXRyYVlEcktfUQ==,
트랜스포머 ONE,,2024,애니메이션 / 액션 / SF,,,"트랜스포머 시리즈의 주역, 옵티머스 프라임과 메가트론이 한때 형제와도 같은 친구사이였고, 그들이 어떻게 사이버트론 행성의 운명을 바꾸고 영원한 숙적이 되었는지 그 시작에 대한 이야기를 다루고 있다.",,,,조시 쿨리,,3.5,바로 아들래미 옵티머스 프라임 하나 사주러 갑니다,2025-08-27,https://an2-img.amz.wtchn.net/image/v2/uYKJrp8mRNF3eTSv40ek4w.jpg?jwt=ZXlKaGJHY2lPaUpJVXpJMU5pSjkuZXlKdmNIUnpJanBiSW1SZk5Ea3dlRGN3TUhFNE1DSmRMQ0p3SWpvaUwzWXlMM04wYjNKbEwybHRZV2RsTHpRek1USTVOak0zT0Rnek5EazFNaUo5LmZqLTVDNWhiZlp6aXkwa2gyUGRSU3AzODRkejk3OWxxT01qWHNwa296QVE=,
글래디에이터 Ⅱ,,2024,액션 / 시대극 / 드라마 / 모험,,,"로마의 영웅이자 최고의 검투사였던 ‘막시무스’가 콜로세움에서 죽음을 맞이한 뒤 20여 년이 흐른 후. 쌍둥이 황제 ‘게타’와 ‘카라칼라’의 폭압 아래 시민을 위한 자유로운 나라 ‘로마의 꿈’은 잊힌 지 오래다.

한편 ‘아카시우스’ 장군이 이끄는 로마군에 대패한 후 모든 것을 잃고 노예로 전락한 ‘루시우스’는 강한 권력욕을 지닌 ‘마크리누스’의 눈에 띄어 검투사로 발탁된다. 로마를 향한 걷잡을 수 없는 분노, 타고난 투사의 기질로 콜로세움에 입성하게 된 ‘루시우스’는 결투를 거듭하며 자신이 진짜 누구인지 알게 되고 마침내 로마의 운명을 건 결전을 준비하게 되는데...!

“나는 권력을 위해 싸우지 않는다!”
역사로 기억될 새로운 반란이 시작된다!",,,,리들리 스콧,폴 메스칼 / 페드로 파스칼 / 덴젤 워싱턴 / 코니 닐슨 / 조셉 퀸,1.0,장난하나 진짜,2025-08-26,https://an2-img.amz.wtchn.net/image/v2/Tvst4f9qKMn4k6fq7eFUIQ.jpg?jwt=ZXlKaGJHY2lPaUpJVXpJMU5pSjkuZXlKdmNIUnpJanBiSW1SZk5Ea3dlRGN3TUhFNE1DSmRMQ0p3SWpvaUwzWXlMM04wYjNKbEwybHRZV2RsTHpFM01qTTVORFV3T1RRME1qZzNNakFpZlEuWnRlbGZTX2RsX0dneHRwcFg3T2Y1LTNQRml6NXpPQUF0ZS1neEhDTHlXaw==,
콰이어트 플레이스: 첫째 날,,2024,드라마 / 공포 / SF / 스릴러,,,"쉿, 살고 싶다면 절대 소리내지 말 것!

평균 소음 90 데시벨을 자랑하는 미국 최대도시 뉴욕, 고양이 ‘프로도’와 함께 간만에 외출을 나온 ‘사미라’는 공연을 보고 돌아가던 중 하늘에서 떨어져 내리는 섬광을 목격하고 곧 사람들을 닥치는 대로 공격하는 정체불명 괴생명체의 출현에 충격에 휩싸인다. 아수라장이 된 뉴욕 도심에 ‘절대 소리 내지 말라’는 안내방송이 울려퍼지는 가운데 맨해튼의 모든 다리가 폭격으로 끊어지고, 사람들은 온갖 위협이 도사리는 도시에 고립되고 만다. 살아남기 위해 홀로 사투를 벌이던 '사미라'는 우연히 또 다른 생존자 ‘에릭’을 만나고 두 사람은 괴생명체를 피해 지하철역부터 시가지, 할렘까지 숨죽인 여정을 이어 나가는데…",,,,마이클 사노스키,루피타 뇽오 / 자이먼 운수 / 알렉스 울프 / 조셉 퀸,3.0,쓸데없는 고구마 전개보다 짧고 담백하게 그리는게 더 낫다,2025-08-26,https://an2-img.amz.wtchn.net/image/v2/PJqVMtzkzTrgOge_em0VjA.jpg?jwt=ZXlKaGJHY2lPaUpJVXpJMU5pSjkuZXlKdmNIUnpJanBiSW1SZk5Ea3dlRGN3TUhFNE1DSmRMQ0p3SWpvaUwzWXlMM04wYjNKbEwybHRZV2RsTHpVd01qazBPRFV3TkRjek16WTBOalFpZlEuMHplRVpjY1JFYkc3UmlXazIxVzJjd2VWMXBtSU5NTU1oOGpKdFRBNDZ0Zw==,
아노라,,2024,로맨스 / 코미디 / 드라마,,,"우즈베키스탄계 미국인인 애니는 뉴욕에서 스트리퍼로 일하고 있다. 그러던 어느 날 그녀는 러시아 재벌 집 아들 반야를 만난다. 미국으로부터 추방되지 않으려 고심하던 반야와 애나는 사랑에 빠지고, 둘은 즉흥적으로 결혼을 해버린다. 하지만 꿈 같은 그들의 신혼생활은 이 소식을 들은 반야의 부모가 이 혼인을 무효 시키기 위해 러시아에서 뉴욕으로 날아오면서 위태해진다. <아노라>는 션 베이커 감독이 각본, 연출, 편집을 모두 맡은 2024년 미국 코미디 드라마 영화로, 마이키 매디슨이 이국적인 댄서 역할의 주연을 맡아 훌륭한 연기를 선보였다. 이 작품은 올해 칸영화제 경쟁 부문에서 2011년 <트리 오브 라이프>(2011) 이후 미국 영화로는 처음으로 황금종려상을 수상했다. 상영 후에는 10분간 기립박수가 이어지며, 관객들의 뜨거운 찬사를 받았다. 션 베이커 감독의 여덟 번째 장편 영화인 <아노라>는 그가 왜 오늘날 가장 사랑받는 미국 독립 영화 감독 중 한 명인지 분명히 보여준다. [제29회 부산국제영화제]


결코 이 사랑을 놓지 않을 것

뉴욕의 스트리퍼 ‘아노라’는 자신의 바를 찾은 철부지 러시아 재벌2세 ‘이반’을 만나게 되고 충동적인 사랑을 믿고 허황된 신분 상승을 꿈꾸며 결혼식을 올리게 된다. 그러나 신데렐라 스토리를 꿈꿨던 것도 잠시, 한 번도 본 적 없는 ‘이반’의 부모님이 아들의 결혼 사실을 알게 되자 길길이 날뛰며 미국에 있는 하수인 3인방에게 둘을 잡아 혼인무효소송을 진행할 것을 지시한다. 하수인 3인이 들이닥치자 부모님이 무서워 겁에 질린 남편 ‘이반’은 ‘아노라’를 버린채 홀로 도망친다. ‘이반’을 찾아 결혼 생활을 유지하고 싶은 ‘아노라’와 어떻게든 ‘이반’을 찾아 혼인무효소송을 시켜야만 하는 하수인 3인방의 대환장 발악이 시작된다.",,,,션 베이커,미키 매디슨,4.0,찐 남주는 따로 있었구나,2025-08-25,https://an2-img.amz.wtchn.net/image/v2/-VPsiUq1zxfIzjc5aiUR4g.jpg?jwt=ZXlKaGJHY2lPaUpJVXpJMU5pSjkuZXlKdmNIUnpJanBiSW1SZk5Ea3dlRGN3TUhFNE1DSmRMQ0p3SWpvaUwzWXlMM04wYjNKbEwybHRZV2RsTHpRMk5qYzJNakEyT1RjeE5ESTFNU0o5LlRvdzZiTWp6djlXOTBDdmFPcFptQzczMjFQV2NZNmRPNENrc19WZUIxVUU=,
고질라 X 콩: 뉴 엠파이어,,2024,액션 / SF,,,"고질라 X 콩, 이번에는 한 팀이다!

‘고질라’ VS ‘콩’, 두 타이탄의 전설적인 대결 이후 할로우 어스에 남은 ‘콩’은 드디어 애타게 찾던 동족을 발견하지만 그 뒤에 도사리고 있는 예상치 못한 위협에 맞닥뜨린다. 한편, 깊은 동면에 빠진 ‘고질라’는 알 수 없는 신호로 인해 깨어나고 푸른 눈의 폭군 ‘스카 킹’의 지배 아래 위기에 처한 할로우 어스를 마주하게 된다. 할로우 어스는 물론, 지구상에도 출몰해 전세계를 초토화시키는 타이탄들의 도발 속에서 ‘고질라’와 ‘콩’은 사상 처음으로 한 팀을 이뤄 반격에 나서기로 하는데…",,,,애덤 윈가드,댄 스티븐스 / 레베카 홀 / 브라이언 타이리 헨리,1.0,코멘트가 아깝다,2025-08-23,https://an2-img.amz.wtchn.net/image/v2/kghD629URz1DTFPyNidYbQ.jpg?jwt=ZXlKaGJHY2lPaUpJVXpJMU5pSjkuZXlKdmNIUnpJanBiSW1SZk5Ea3dlRGN3TUhFNE1DSmRMQ0p3SWpvaUwzWXlMM04wYjNKbEwybHRZV2RsTHpZME5EQTJPREUzTkRFek9UZ3lOU0o5LmVyMExjLWJpNDZfcXlqT2xRYVpLOWczTXVrWHQzRlBiMXZQc19jdkI0UHM=,
바비,,2023,모험 / 코미디 / 판타지 / 드라마,,,"원하는 무엇이든 될 수 있는 '바비랜드'에서 살아가던 '바비'가 현실 세계와 이어진 포털의 균열을 발견하게 되고, 이를 해결하기 위해 '켄'과 예기치 못한 여정을 떠나면서 펼쳐지는 이야기",,,,그레타 거윅,마고 로비 / 라이언 고슬링,2.5,신선했지만 화제성 대비 기대 이하,2025-08-21,https://an2-img.amz.wtchn.net/image/v2/_0K6VmYvuLCqaQDmT3grmQ.jpg?jwt=ZXlKaGJHY2lPaUpJVXpJMU5pSjkuZXlKdmNIUnpJanBiSW1SZk5Ea3dlRGN3TUhFNE1DSmRMQ0p3SWpvaUwzWXlMM04wYjNKbEwybHRZV2RsTHpFMk9EazFNams0TVRrNU9EZzVNVGd3TWpJaWZRLm85QzdORURjVWVWU2Fmc2h4ZU9SMk40UFhNSmpTcUxIeGZHcVZ1MnRzWGc=,
플래시,,2023,액션 / 모험 / 판타지,,,"시공간이 붕괴된 세계, 
차원이 다른 히어로가 온다!  

빛보다 빠른 스피드, 물체 투과, 전기 방출, 자체 회복, 천재적인 두뇌까지 갓벽한 능력을 자랑하지만 존재감은 제로, 저스티스 리그에서 궂은일을 도맡아 하는 히어로 ‘플래시’. 어느 날 자신에게 빛보다 빠른 속도로 달리면 시공간 이동 능력이 있음을 알게 된 그는 ‘브루스 웨인’의 만류를 무시한 채 끔찍한 상처로 얼룩진 과거를 바꾸기 위해 시간을 역행한다. 의도치 않은 장소에 불시착한 ‘플래시'는 멀티버스 세상 속 또 다른 자신과 맞닥뜨리고 메타 휴먼이 흔적도 없이 사라지고 모든 것이 뒤엉킨 세상과 마주하게 된다. ‘플래시’는 자신이 알던 모습과 전혀 달라진 나이 들고 은퇴한 ‘배트맨’과 크립톤 행성에서 온 ‘슈퍼걸’의 도움으로 외계의 침공으로부터 시간과 차원이 붕괴된 지구를 구하려 나서는데…",,,,앤디 무시에티,에즈라 밀러,2.5,슈퍼걸과 팀버튼 배트맨으로도 커버칠 수 없는 최악의 CGI,2025-08-20,https://an2-img.amz.wtchn.net/image/v2/aPBfW4n8B0OPO-OYrCsmzg.jpg?jwt=ZXlKaGJHY2lPaUpJVXpJMU5pSjkuZXlKdmNIUnpJanBiSW1SZk5Ea3dlRGN3TUhFNE1DSmRMQ0p3SWpvaUwzWXlMM04wYjNKbEwybHRZV2RsTHpFMk9EVTJOVGczTkRZNU9UWXhNRE0zTmpjaWZRLkwwUEgzQVRSSFEtY1JfZG1NZFdka0tySWFHMDhUYXhmczdrWE8wc2k4c0U=,
가여운 것들,,2023,로맨스 / SF,,,"천재적이지만 특이한 과학자 갓윈 백스터(윌렘 대포)에 의해 새롭게 되살아난 벨라 백스터(엠마 스톤). 갓윈의 보호를 받으며 성장하던 벨라는 날이 갈수록 세상에 대한 호기심과 새로운 경험에 대한 갈망이 넘쳐난다.

아름다운 벨라에게 반한 짓궂고 불손한 바람둥이 변호사 덩컨 웨더번(마크 러팔로)이 더 넓은 세계를 탐험하자는 제안을 하자, 벨라는 새로운 경험에 대한 갈망으로 대륙을 횡단하는 여행을 떠나고 처음 보는 광경과 새롭게 만난 사람들을 통해 놀라운 변화를 겪게 되는데….

세상에 대한 경이로움과 아름다움, 놀라운 반전과 유머로 가득한 벨라의 여정이 이제 시작된다.",,,,요르고스 란티모스,엠마 스톤 / 마크 러팔로 / 윌렘 데포,3.5,감독이 뭔말을 하고 싶은진 알겠지만 꽤나 저급한 방식이었다,2025-08-19,https://an2-img.amz.wtchn.net/image/v2/dBGzAJo2Nv4SEDSrvJBufw.jpg?jwt=ZXlKaGJHY2lPaUpJVXpJMU5pSjkuZXlKdmNIUnpJanBiSW1SZk5Ea3dlRGN3TUhFNE1DSmRMQ0p3SWpvaUwzWXlMM04wYjNKbEwybHRZV2RsTHpNNE5EazNNamMzTWpFNU1UY3lOU0o5LlZqVjNaZG9Qb0pBNGMtTVMtWVFjSXkxZDMxTG9JRkhoUVh1YUt1WXpuX2s=,
브루탈리스트,,2024,드라마,,,"전쟁의 상흔을 뒤로하고 미국에 정착한 건축가 ‘라즐로 토스’(애드리언 브로디). 미국 이민자의 냉혹한 현실 속에 전쟁의 트라우마를 견뎌내던 어느 날. ‘라즐로’의 천재성을 알아본 부유한 사업가 ‘해리슨’(가이 피어스)이 기념비적인 건축물 설계를 제안한다. 하지만, 시대와 공간, 빛의 경계를 넘어 대담하고 혁신적인 그의 건축 설계는 사람들의 공감을 얻지 못하고 반대에 부딪히게 된다. 후원자 해리슨의 감시와 압박, 주변의 비난이 거세질수록 오히려 더 자신의 설계에 집착하던 ‘라즐로’. 혁신적인 브루탈리즘 건축에 자신을 투영하던 ‘라즐로’는 결국 공사가 중단될 위기에 처하는데... 발 디딜 곳 없는, 소속이 불분명한 삶의 연대기 트라우마가 예술로 승화된다!",,,,브래디 코베,애드리언 브로디 / 펠리시티 존스 / 가이 피어스,4.5,"결국 과정도 중요하다는걸 뼈저리게 느끼도록
한다",2025-08-18,https://an2-img.amz.wtchn.net/image/v2/mYiIhziFRChp-XlsIZDKbA.jpg?jwt=ZXlKaGJHY2lPaUpJVXpJMU5pSjkuZXlKdmNIUnpJanBiSW1SZk5Ea3dlRGN3TUhFNE1DSmRMQ0p3SWpvaUwzWXlMM04wYjNKbEwybHRZV2RsTHpreE1UQXhNelV5TWpjM01qQXdOVEVpZlEubkhrU0NGekRqVHcyME1YNUI1UTdaaGo3SVpkcTA1M1lXV1V5d0RyT2l2dw==,
어나더 라운드,,2020,코미디 / 드라마,,,"각각 역사, 체육, 음악, 심리학을 가르치는 같은 고등학교 교사 니콜라이, 마틴, 피터, 토미는 의욕 없는 학생들을 상대하며 열정마저 사라지고 매일이 우울하기만 하다. 니콜라이의 40번째 생일 축하 자리에서 “인간에게 결핍된 혈중 알코올 농도 0.05%를 유지하면 적당히 창의적이고 활발해진다”는 흥미로운 가설에 대한 이야기를 나누고, 마틴이 실험에 들어간다. 인기 없던 수업에 웃음이 넘치고 가족들과의 관계에도 활기가 생긴 마틴의 후일담에 친구들 모두 동참하면서 두 가지 조건을 정한다. [언제나 최소 0.05%의 혈중 알코올 농도 유지할 것! 밤 8시 이후엔 술에 손대지 않을 것!] 지루한 교사, 매력 없는 남편, 따분한 아빠. 최적의 직업적, 사회적 성과를 위해 점차 알코올 농도를 올리며 실험은 계속되는데… 과연 술은 인간을 더 나은 상태로 만들 수 있을지, 도전의 결말은?!",,,,토마스 빈터베르그,매즈 미켈슨 / 토머스 보 라센 / 마그누스 밀랑,4.0,최고의 엔딩,2025-08-16,https://an2-img.amz.wtchn.net/image/v2/0sXM1Fyxxm8bM0CU2MqPkw.jpg?jwt=ZXlKaGJHY2lPaUpJVXpJMU5pSjkuZXlKdmNIUnpJanBiSW1SZk5Ea3dlRGN3TUhFNE1DSmRMQ0p3SWpvaUwzWXlMM04wYjNKbEwybHRZV2RsTHpFMk16ZzNPREk0TVRrNE5UWTFNamd4TXpRaWZRLlpmcU12UmY5dmNxbFE4YzhEOUlxaHhLODc3ZVVxcWo0RDA3ckR2bVZwWHc=,
사랑은 단백질,,2008,애니메이션 / 드라마 / 코미디,,,"어느 무료한 여름 밤. 세 명의 자취생 재호, 경순, 홍찬은 은 닭을 시켜먹기로 한다. 돈을 구걸하는 돼지 저금통의 배를 따서 닭을 시키고 기다리는데 배달을 온건 돼지 사장과 닭사장이다. 닭사장은 자신의 아들인 닭돌이를 튀겨 배달해 왔다고 하는데... [서울인디애니페스트2024]",,,,연상호,,1.5,뭔말을 하고 싶은지는 잘 모르겠는데 산 닭은 살아야지 ...,2025-08-14,https://an2-img.amz.wtchn.net/image/v2/wODHZsffR13hCDz2ob_QTg.jpg?jwt=ZXlKaGJHY2lPaUpJVXpJMU5pSjkuZXlKdmNIUnpJanBiSW1SZk5Ea3dlRGN3TUhFNE1DSmRMQ0p3SWpvaUwzWXhMMmxvYkdobGR6VnVkblJvYVc5NmMyNXlhREpqSW4wLkJBTk9WZmxUdFhqMWNFN0NLM3A5bVBmLU1ST0xfUjh2V3M3X0FRY2R6Y00=,
하나비,,1997,범죄 / 드라마 / 로맨스 / 스릴러,,,"형사인 니시(기타노 다케시)와 호리베(렌 오스기)는 야쿠자 소탕 전문형사 콤비이자 친한 친구 사이. 그러던 어느 날, 니시는 딸을 잃고 아내가 시한부 판정까지 받게 된다. 잠복 근무 중 동료들의 호의로 니시가 아내의 병문안을 간 사이 불의의 습격을 받은 호리에는 불구가 되어 가족들에게 버림을 받는다. 게다가 호리에를 습격한 범인이 니시를 따르던 후배 경찰까지 죽이자 이에 분노한 니시는 그 자리에서 마지막 총알까지 다 퍼부으면서 범인을 죽인 후 경찰직을 그만둔다. 한편 아내의 치료비 때문에 큰 빚을 지게 된 니시는 경찰을 사칭하여 은행을 터는데...",,,,기타노 다케시,기타노 다케시 / 키시모토 가요코 / 오오스기 렌,4.0,"헐리우드에 놀란과 한스짐머가 있다면, 일본에는기타노 다케시와 히사이시조가 있다.
기타노 다케시가 표현한 불꽃놀이는 왜인지 귀엽고 슬프다",2025-08-14,https://an2-img.amz.wtchn.net/image/v2/_hL3Capnm2Egerc-GvGDVQ.jpg?jwt=ZXlKaGJHY2lPaUpJVXpJMU5pSjkuZXlKdmNIUnpJanBiSW1SZk5Ea3dlRGN3TUhFNE1DSmRMQ0p3SWpvaUwzWXhMM0pzYm1nemRIaHNjMjFoWm5sdGRUaG5NR3hySW4wLjJ3VDRkakxGWXNtT0FQeVZtWC1CWnNMMVBXXzAwY2g0QngxVU5wdDFhVHc=,
그 여름 가장 조용한 바다,,1991,로맨스 / 드라마,,,"듣지도 말하지도 못하는 주인공 시게루. 쓰레기 수거일을 하는 그의 곁엔 유일하게 여자친구만이 함께 한다. 시게루는 어느 날 바닷가 쓰레기통에서 버려진 서핑보드를 줍는다. 다음날부터 매일 같은 장소를 지나 바다로 걸어가는 시게루와 여자친구. 다른 서핑팀들이 지켜보는 가운데 시게루는 혼자 파도를 타고 여자친구는 바닷가에 앉아 그를 기다린다. 하지만 시게루의 서핑보드는 완전히 망가지고, 결국 돈을 모아 새로운 서핑보드를 구입한다. 다시 바다로 걸어나가 파도를 타는 시게루와 여전히 그를 지켜보는 여자친구. 한편 이들을 주시하던 서핑 팀은 자신들의 팀에 합류할 것을 권유하고, 시게루는 처음으로 대회에도 나가고 팀원들과 함께 서핑을 즐기게 된다.",,,,기타노 다케시,마키 쿠로우도 / 오시마 히로코,5.0,"조용해서 아름답고, 조용해서 슬픈 결말",2025-08-13,https://an2-img.amz.wtchn.net/image/v2/nXBUgxZLTjna0-GfUtZkbw.jpg?jwt=ZXlKaGJHY2lPaUpJVXpJMU5pSjkuZXlKdmNIUnpJanBiSW1SZk5Ea3dlRGN3TUhFNE1DSmRMQ0p3SWpvaUwzWXhMMko1YnpScGNHSjJiSFptTTJoaGFXVmtZMmRwSW4wLlY1QVBLakVmYVRvR0ZzOTlWRGZQb1dnRlhld2NTQ2c5ZGNNZkpQWU1WWWs=,
초록물고기,,1997,범죄 / 드라마,,,"막 군대를 제대하고 고향행 기차에 오른 막동. 우연히 기차 안에서 미애를 만난다. 그리고 그녀의 장미빛 스카프를 줍게된다. 막동의 고향은 예전같지 않다. 예전에 있던 논과 밭은 사라지고 빽빽히 고층아파트들이 서있다. 그리고 가족들도 뿔뿔이 흩어져 버렸다.

일자리를 구하러 다니는 막동, 그러다가 우연히 한 나이트 클럽에서 노래를 부르는 미애와 재회하게 된다. 미애는 그의 정부이며 조직 폭력배 보스 배태곤을 통해 막동의 일자리를 마련해 준다.

자신을 소유물로 여기는 배태곤에게서 벗어나고 싶어하는 미애는 막동에게 순수한 사랑을 느낀다. 둘 간의 이런 감정을 눈치 챈 배태곤은 막동에게 청부살인을 시키는데...",,,,이창동,한석규 / 심혜진 / 문성근,4.0,이창동의 리얼리즘은 시골총각 막동이가 느와르의 주인공이 된다 그게 결말을 더 슬프게 만든다,2025-08-12,https://an2-img.amz.wtchn.net/image/v2/lXrMv63CQ6cHZhZQChxyUA.jpg?jwt=ZXlKaGJHY2lPaUpJVXpJMU5pSjkuZXlKdmNIUnpJanBiSW1SZk5Ea3dlRGN3TUhFNE1DSmRMQ0p3SWpvaUwzWXhMM0IwYkhWMFlYSXhhbTFtWldWNE1qQXdabXhvSW4wLkVsM1dONUxZd0xLa2QxSk95SjFLc2VzdjNVbnZzR04tV0pqT19sY1g1amc=,
죽은 시인의 사회,,1989,드라마,,,"“오 캡틴, 나의 캡틴”

미국 입시 명문고 웰튼 아카데미, 공부가 인생의 전부인 학생들이 아이비리그로 가기 위해 고군분투하는 곳.

새로 부임한 영어 교사 ‘키팅’은 자신을 선생님이 아닌 “오, 캡틴, 나의 캡틴”이라 불러도 좋다고 말하며 독특한 수업 방식으로 학생들에게 충격을 안겨 준다. 점차 그를 따르게 된 학생들은 공부보다 중요한 인생의 의미를 하나씩 알아가고 새로운 도전을 시작한다.

하지만 이를 위기로 여긴 다른 어른들은 이들의 용기 있는 도전을 시간 낭비와 반항으로 단정 지으며 그 책임을 ‘키팅’ 선생님에게 전가하는데...",,,,피터 위어,로빈 윌리엄스,4.5,내 기준 캡틴은 이 분 한명 뿐이다,2025-08-08,https://an2-img.amz.wtchn.net/image/v2/f1gSYR6FByPjMJ_jWY3G8Q.jpg?jwt=ZXlKaGJHY2lPaUpJVXpJMU5pSjkuZXlKdmNIUnpJanBiSW1SZk5Ea3dlRGN3TUhFNE1DSmRMQ0p3SWpvaUwzWXlMM04wYjNKbEwybHRZV2RsTHpFMk1UVTNPVGsyTXpRM05qWXpORFV6T0RBaWZRLkdNUlVEcTNraUVINk1VcFdEQnlpaTFoUzVIZUd2WHZKT2FTZXJiYUZKSlk=,
패왕별희 디 오리지널,,1993,드라마 / 음악 / 로맨스,,,"어렸을 때부터 함께 경극을 해온 ‘두지’(장국영)와 ‘시투’(장풍의). 세상에 둘도 없는 절친한 아우와 형이지만, ‘두지’는 남몰래 ‘시투’에 대한 마음을 품고 있다. 하지만 ‘시투’는 여인 ‘주샨’(공리)에 마음을 빼앗기고, 그로 인해 ‘두지’는 감정의 소용돌이에 빠지게 되는데… 

사랑과 운명, 아름다움을 뒤바꾼 화려한 막이 열린다!",,,,천카이거,장국영 / 장풍의 / 공리,5.0,왜 장국영이 높게 평가되는지 알 수 있는 영화. 도무지 영화 속 그를 대체할 수 있는 배우가 떠오르지 않는다,2025-08-06,https://an2-img.amz.wtchn.net/image/v2/Myp2Ix15LCY_PG9FjdrS2A.jpg?jwt=ZXlKaGJHY2lPaUpJVXpJMU5pSjkuZXlKdmNIUnpJanBiSW1SZk5Ea3dlRGN3TUhFNE1DSmRMQ0p3SWpvaUwzWXlMM04wYjNKbEwybHRZV2RsTHpFMk9USTFPVEV3T1RRMk1UZzJNall3TnpVaWZRLklxdjdvYWhSVmN3UlZabzhHRy0taVM0X1F3Z2dkaG1jeVRQYl9RVUFkQ2s=,
반칙왕,,2000,코미디 / 드라마 / 스포츠,,,"어눌하고 소심한 은행원 임대호(송강호). 그는 하루걸러 지각에 실적도 저조하고 제대로 되는 일이라곤 하나도 없다. 매일 그를 괴롭히는 부지점장(송영창)의 헤드락걸기는 정말 지긋지긋하다. 어느날 찾아간 체육관에서 '반칙왕' 울트라 타이거마스크의 사진을 보고 흥분한 그는 얼떨결에 장관장(장항선)에게 레슬링을 배우겠다고 선언해버린다. 자신의 철없는 행동을 후회하는 것도 잠시, 매일 고된 훈련이 시작된다. 피도 눈물도 없이 맹연습을 시키는 교관은 다름아닌 장관장의 딸 민영(장진영). 그녀는 레슬링 프로모션 외에는 도무지 관심이 없다. 대호에게 이 모진 훈련은 곧 자신과의 싸움. 연습을 거듭할수록 자신에게도 가슴 속 깊이 감춰 둔 열정이 이글거리고 있음을 발견한다. 한편, 부지점장의 횡포는 점점 심해지고 설상가상으로 친구 두식(정웅인) 마저 상사에게 반항하다 퇴출 당하고 만다. 그럼에도 불구하고, 링 위에서만큼은 최고가 되고 싶다는 일념을 불태우는 대호는 레슬링 연습에 더욱 매진하는데...",,,,김지운,송강호 / 장진영,1.5,헤드락 거는 미친 상사? 근데 또 그것땜에 프로레슬링 시작한 부하직원?,2025-08-03,https://an2-img.amz.wtchn.net/image/v2/kJ3TNFgryQiQ0QjFzphDoQ.jpg?jwt=ZXlKaGJHY2lPaUpJVXpJMU5pSjkuZXlKdmNIUnpJanBiSW1SZk5Ea3dlRGN3TUhFNE1DSmRMQ0p3SWpvaUwzWXhMM1JrTm1wdmIyUnRlblJrWkcxNk1HTnlaSEp6SW4wLmpMRGVZTzBaYWRWTUNnTTdjMWdIU3VYWnZQSmZocTNKX0VkODZuTHhseEE=,
퍼펙트 데이즈,,2023,드라마,,,"도쿄 시부야의 공공시설 청소부 ‘히라야마’는 매일 반복되지만 충만한 일상을 살아간다. 오늘도 그는 카세트 테이프로 올드 팝을 듣고, 필름 카메라로 나무 사이에 비치는 햇살을 찍고, 자전거를 타고 단골 식당에 가서 술 한잔을 마시고, 헌책방에서 산 소설을 읽으며 하루를 마무리한다. 그러던 어느 날, 사이가 소원한 조카가 찾아오면서 그의 반복되는 일상에 작은 변화가 생긴다.",,,,빔 벤더스,야쿠쇼 코지 / 에모토 토키오 / 나카노 아리사,4.0,나혼자 산다 희망편이었던 것.,2025-07-31,https://an2-img.amz.wtchn.net/image/v2/uf4PRInBPpLoCVU-fHqjYQ.jpg?jwt=ZXlKaGJHY2lPaUpJVXpJMU5pSjkuZXlKdmNIUnpJanBiSW1SZk5Ea3dlRGN3TUhFNE1DSmRMQ0p3SWpvaUwzWXlMM04wYjNKbEwybHRZV2RsTHpNek9UZzBNRFE1T0RjMk5EUTJPREFpZlEuTXYzZ01SZ2pOYW16VWpmcVJEcEVBOFVzaUFQRE1JeDRyXzZ2V1M5aGFTVQ==,
아메바 소녀들과 학교괴담: 개교기념일,,2024,코미디 / 공포,,,"영화감독이 꿈인 ‘지연(김도연)’과 친구들은 우연히 방송반 캐비닛에서 1998년에 촬영 된 비디오테이프를 보게 된다. 그 날 이후, ‘지연’과 친구들은 동시에 기이한 현상을 겪고, 비디오테이프의 정체를 쫓다 학교괴담을 알게 되는데…

개교기념일, 저주의 종이 울리면 시작되는 숨바꼭질!
이제 학교괴담은 현실이 되어 이들을 덮친다!",,,,김민하,김도연 / 손주연 / 정하담 / 강신희,3.5,세계최초 B”+“급 영화,2025-07-29,https://an2-img.amz.wtchn.net/image/v2/K6U926CojuN1W8xbzc2-wg.jpg?jwt=ZXlKaGJHY2lPaUpJVXpJMU5pSjkuZXlKdmNIUnpJanBiSW1SZk5Ea3dlRGN3TUhFNE1DSmRMQ0p3SWpvaUwzWXlMM04wYjNKbEwybHRZV2RsTHpjeU1EWXhNRGN4TURBMU16YzNPQ0o5Li1fcTlhb2pkZkNISjZfblFpZk5tOUs5a09wMmkxaG9ZYzlKNDducDUtX1E=,
마이너리티 리포트,,2002,액션 / 범죄 / 미스터리 / SF / 스릴러,,,"2054년 워싱턴, 범죄를 예측하는 치안 시스템 프리크라임은 시민들의 안전을 지켜주는 든든한 존재. 프리크라임은 범죄가 일어날 시간과 장소, 범행을 저지를 사람까지 예측해내고, 이를 바탕으로 특수경찰이 미래의 범죄자들을 체포한다. 프리크라임 팀장인 존 앤더튼(톰 크루즈)은 천부적인 감각으로 미래의 범죄자를 추적해내는 능력을 인정받고 있다. 하지만 프리크라임 시스템은 믿을 수 없는 살인을 예견한다. 그것은 바로 앤더튼 자신이 누군가를 살해하는 범행 장면. 프리크라임의 모든 시스템이 앤더튼을 추격하는 가운데 앤더튼은 음모를 파헤치고 미래를 바꾸기 위해 직접 미래의 피살자를 찾아나선다.",,,,스티븐 스필버그,톰 크루즈,2.5,25년도에 봐도 신선한 소재. 다만 딱 신선한 소재정도까지만 와닿는 느낌?,2025-07-29,https://an2-img.amz.wtchn.net/image/v2/tePLZY9lx2zoCpsJtMrNTQ.jpg?jwt=ZXlKaGJHY2lPaUpJVXpJMU5pSjkuZXlKdmNIUnpJanBiSW1SZk5Ea3dlRGN3TUhFNE1DSmRMQ0p3SWpvaUwzWXhMM0kyYzJoM05XbzRjbnBwY21wemMzSjRkWGx3SW4wLndnRmdUY1dLLUY2dW5QWi10LUsxODdBbVpDRTVJbXdZUWZQLWhMMlE3S0k=,
베러맨,,2024,전기 / 판타지 / 뮤지컬,,,"“나는 나를 넘어선다” 
더 나은 나, IT’S SHOWTIME   

어릴 때부터 노래에 남다른 재능을 보인 로비는 보이밴드 ‘테이크 댓’으로 데뷔해 영국 전역에서 최고의 인기를 누린다. 하지만 인기가 커질수록 각종 사건사고로 멤버들과 갈등을 빚고 결국 팀을 탈퇴한다. 화려한 솔로 복귀에 성공하지만, 내면의 상처와 불안은 점점 커져만 간다. 로비는 ‘더 나은 나’가 되기 위한 싸움을 시작하는데...   

<위대한 쇼맨>감독의 뮤직 판타지 
비틀즈 이후 가장 성공한 슈퍼스타가 온다!",,,,마이클 그레이시,존노 데이비스 / 로비 윌리엄스,3.5,유인원 맞장씬은 혹성탈출 합성짤로 믿고있었는데 진짜잖아?,2025-07-26,https://an2-img.amz.wtchn.net/image/v2/3ZMC_ikctFG9hQ6I2Uye3Q.jpg?jwt=ZXlKaGJHY2lPaUpJVXpJMU5pSjkuZXlKdmNIUnpJanBiSW1SZk5Ea3dlRGN3TUhFNE1DSmRMQ0p3SWpvaUwzWXlMM04wYjNKbEwybHRZV2RsTHpFeU56WXlNamM0TkRnNE1qZzBPVGNpZlEuTXlnU2prY3Q3bll5YnNsLVNCZDkwY182UjA0WHVJaXVZcnRZSVRBU244Yw==,
지구를 지켜라!,,2003,코미디 / 액션 / 스릴러,,,"병구는 외계인으로 인해 지구가 곧 위험에 처할 거라고 믿는다. 이번 개기월식까지 안드로메다 왕자를 만나지 못하면 지구에는 아무도 살아 남지 못할 엄청난 재앙이 몰려올 것이다.병구는 분명히 외계인이라고 믿는 유제화학의 사장 강만식을 납치해 왕자와 만나게 해줄 것을 요구한다.  한편, 경찰청장의 사위인 강만식의 납치 사건으로 인해 경찰내부는 긴장감이 감돌고 지금은 뇌물비리 사건으로 물러나 있지만 왕년에 이름을 날렸던 명형사인 추형사는 병구를 범인으로 지목하고 집까지 추적해 온다. 영문도 모르고 끌려온 강사장은 기상천외한 고문을 견딜 수 없게 되자 급기야 병구가 수집해놓은 외계인 자료를 훔쳐보고 그럴듯한 이야기를 지어낸다.  이제 승리는 누가 상대방을 잘 속여 넘기는가에 달려있다. 외계인의 음모를 밝히려는 병구와 외계인(으로 추궁 당하는) 강사장의 목숨을 건 진실 대결. 과연 지구의 운명은 어떻게 될 것인가? 병구는 개기월식이 끝나기 전에, 지구를 지킬 수 있을까?",,,,장준환,신하균 / 백윤식,1.0,이 영화는 과소평가를 당한적이 없을지도?,2025-07-25,https://an2-img.amz.wtchn.net/image/v2/MhgzoShEZinbVJVhQhKEOw.jpg?jwt=ZXlKaGJHY2lPaUpJVXpJMU5pSjkuZXlKdmNIUnpJanBiSW1SZk5Ea3dlRGN3TUhFNE1DSmRMQ0p3SWpvaUwzWXhMMnh0WlRSaFlXWm9jVzQ1TVdobGRtbDVhbkJvSW4wLjdieWJFM1B1cnRVRjhNOGV5RW4yZE5NSko1eWs2dl9odGlrRlcwcnFya0E=,
옛날 옛적 서부에서,,1968,서부극 / 드라마,,,"프랭크가 보낸 세명의 총잡이가 기차역에서 누군가를 기다린다. 드디어 그들이 기다리던 한 남자가 하모니카를 불며 기차역에 도착하고, 그들 세 총잡이는 모두 이름 없는 그 남자의 총에 쓰러진다. 한편, 프랭크와 그 부하들은 아일랜드 출신인 맥베인 일가를 잔인하게 살해하는데, 뉴올리언즈에서 이제 막 도착한 맥베인의 새 아내 질로서는 황망할 수밖에 없다. 두 사람은 한달 전 이미 결혼을 한 상태였다.
 다시 뉴올리언즈로 돌아가려던 질은 마음을 고쳐먹고 맥베인과 아이들의 시체만 있는 그 집에서 혼자 생활을 시작한다. 프랭크가 그런 범죄를 저지른 것은, 맥베인이 소유하고 있는 지역이 지하수 덕분에 막대한 돈을 벌 수 있기 때문이다. 그런 프랭크의 배후에는 돈밖에 모르는 자본가 모튼이 있다.
 이후 프랭크는 맥베인의 유산을 넘겨받은 질을 유혹해 타협하려 하지만, 알 수 없는 이유로 프랭크를 노리는 무명의 총잡이로 인해 일은 복잡해진다. 이름 없이 ‘하모니카’로 불리는 그는 끝까지 자신의 정체를 밝히지 않는다. 하지만 그의 머릿속에는 오래전 프랭크와 얽힌 잔인한 기억이 도사리고 있다.",,,,세르지오 레오네,파올로 스토파 / 클라우디아 카르디날레 / 헨리 폰다 / 제이슨 로바즈 / 찰스 브론슨,3.5,하모니카 보다 때양볕 아래에서 올 블랙으로 빼입은 헨리 폰다가 더 간지,2025-07-24,https://an2-img.amz.wtchn.net/image/v2/Ca60oG8jm-2YEIG78qBw0Q.jpg?jwt=ZXlKaGJHY2lPaUpJVXpJMU5pSjkuZXlKdmNIUnpJanBiSW1SZk5Ea3dlRGN3TUhFNE1DSmRMQ0p3SWpvaUwzWXhMM1ZqWjIxeGNtSm5Obk4yY1dSamJuTmxNams1SW4wLndtYmdxRFpmOGpGcmpQUTZGRE95SWpzenIzc3M1WFZoVHRNdThwVHBiaFU=,
헬보이,,2019,액션 / 모험 / 판타지 / 공포 / SF,,,"'헬보이'는 자신이 소속된 B.P.R.D의 임무로 영국의 한 비밀 단체의 괴수 사냥을 도우러 갔지만 되려 공격을 당하고, 곧 영국에서 어마어마한 일이 벌어지고 있다는 것을 알게 된다. 서기 566년, 아서왕에게 패하고 몸이 7조각으로 나뉘어 봉인된 '블러드 퀸'을 다시 부활시켜 인류를 파멸시키려는 초자연적 빌런들에 의해 영국은 물론 전 세계가 위험에 빠지게 된다. 헬보이는 이들에 맞서 인류를 위험으로부터 구해야만 하는데…

* B.P.R.D(Bureau of Paranormal Research & Defence): 초자연 현상 연구 방위국",,,,닐 마샬,데이빗 하버 / 밀라 요보비치 / 이안 맥셰인,1.0,헬보이 보다가 잠든적처음이다,2025-07-22,https://an2-img.amz.wtchn.net/image/v2/Ch4nRnR0zpT46AP1KR1toQ.jpg?jwt=ZXlKaGJHY2lPaUpJVXpJMU5pSjkuZXlKdmNIUnpJanBiSW1SZk5Ea3dlRGN3TUhFNE1DSmRMQ0p3SWpvaUwzWXhMMkptYlRWb2JYVTVPWGhzZGpSeWFITmhZV2N5SW4wLjhuX3dhZnljRHFIaERDelZjQlRzNkJSSjlSZUpQSW5NV0tDMVZ0ZHE2RWc=,
케이프 피어,,1991,공포 / 스릴러,,,"영화는 복수심에 불타는 맥스 케이디(로버트 드니로 분)가 강간 폭행죄로 14년형을 마치고 출소하면서부터 시작된다. 

감옥에 있는 동안 글을 배우고 문학서에서 철학서 등을 독파, 스스로 변호할 수준까지 오른 맥스는 자신의 과거 공선변호사인 샘 보든(닉 놀테 분)을 찾아간다. 샘은 14년전 케이디가 무죄를 선고 받을 수 있는 정보를 입수했지만 16세 소녀를 강간한 그에겐 자유를 누릴 권리가 없다고 판단, 검찰측에 제시하지 않았다. 이 사실을 알고 있는 맥스는 샘이 자신을 배신했다는 생각에 수감내내 복수심을 키워온 것. 처음 맥스의 위협을 받고 가볍게 생각했던 샘은 맥스가 평소 가까이 지내던 법원서기인 로리 데이비스에게 접근하여 그녀에게 무자비한 성폭행을 보고는 경악한다. 사립 탐정 커젝(죠 돈 베이커 분)을 고용한 샘은 그 일로 점차 자신의 가정까지 흔들리는 것을 느끼게 된다. 

한편 맥스는 막 사춘기에 접어든 15살 난 샘의 딸 대니(줄리엣 루이스 분)가 한창 성격이 반항적이고 성적 호기심이 높은 것을 이용하여 헨리 밀러의 '섹서스'와 '북회귀선' 등을 이용하여 접근한다. 위기 의식을 느낀 나머지 샘은 청부업자를 고용하여 맥스를 습격하게 한다. 청부업자들은 파이프와 체인으로 맥스를 피투성이로 만들지만 불사신 같은 맥스는 이들을 때려 눕히는데...",,,,마틴 스콜세지,로버트 드 니로 / 닉 놀테 / 제시카 랭,2.0,아니 아무리그래도 너가 나쁜놈인건 맞잖아..? 변호사 아저씨 좀 억울할만해,2025-07-18,https://an2-img.amz.wtchn.net/image/v2/66N-BUjimYVWrhLbfCEDvQ.jpg?jwt=ZXlKaGJHY2lPaUpJVXpJMU5pSjkuZXlKdmNIUnpJanBiSW1SZk5Ea3dlRGN3TUhFNE1DSmRMQ0p3SWpvaUwzWXhMM0IxWjNodVpHRjZkbmx6ZDNGak4ySXhaWGh4SW4wLm0yY2lqYnBEcG1DOFg4YzI5X2U3c1RPQlBkWDdlN3J3YVNWYlFWNS1tWnM=,
F1 더 무비,,2025,스포츠 / 드라마,,,"최고가 되지 못한 전설 VS 최고가 되고 싶은 루키

한때 주목받는 유망주였지만 끔찍한 사고로 F1®에서 우승하지 못하고 한순간에 추락한 드라이버 '소니 헤이스'(브래드 피트). 그의 오랜 동료인 '루벤 세르반테스'(하비에르 바르뎀)에게 레이싱 복귀를 제안받으며 최하위 팀인 APXGP에 합류한다. 그러나 팀 내 떠오르는 천재 드라이버 '조슈아 피어스'(댐슨 이드리스)와 '소니 헤이스'의 갈등은 날이 갈수록 심해지고. 설상가상 우승을 향한 APXGP 팀의 전략 또한 번번이 실패하며 최하위권을 벗어나지 못하고 고전하는데···

빨간 불이 꺼지고
운명을 건 레이스가 시작된다!",,,,조셉 코신스키,브래드 피트,3.5,레이싱 장면은 대체 불가다. 그래도 탑건 매버릭이 더 재밌었다,2025-07-18,https://an2-img.amz.wtchn.net/image/v2/p9F7kkHckdKTm8JgD6q8kg.jpg?jwt=ZXlKaGJHY2lPaUpJVXpJMU5pSjkuZXlKdmNIUnpJanBiSW1SZk5Ea3dlRGN3TUhFNE1DSmRMQ0p3SWpvaUwzWXlMM04wYjNKbEwybHRZV2RsTHpJd09UQXpORGc0TnpFeU1qUXpOakFpZlEuc1gzd3R0QkFHV0VRTlR0a1c1dnEzT1M4TXBxenA5Zzlhc1NWY1VfRUdoMA==,
영웅본색,,1986,액션 / 범죄 / 드라마 / 스릴러,,,"암흑가에서 성장한 송자호(적룡 분)는 경찰의 길을 걷는 동생 아걸(장국영 분) 때문에 손을 씻으려 한다. 그러나 음모에 말려 체포, 감옥에 들어가고, 친구 소마(주윤발 분)는 그의 복수를 하다가, 총에 맞아 한 쪽 다리를 저는 불구가 된다.

수 년의 세월이 흘러 대만에서 출옥해 홍콩으로 와 새 생활을 시작한 자호는 옛 부하인 아성(이자웅 분) 밑에서 자동차 세차나 하고 푼돈을 받고 있는 소마를 발견하게 된다. 지하 주차장에서 찬 도시락을 먹는 소마와 눈물 겨운 재회를 하는 자호. 소마는 의리를 저버리고 지금의 암흑가 보스가 된 아성으로부터 과거의 영광을 되찾자고 제안한다. 하지만 송자호는 자신들의 시대가 끝났음을 선언하고 갱생의 길을 걷는다.

암흑가의 새 보스 아성은 송자호의 출현에 긴장을 한다. 처음에는 그를 회유하나 이에 아랑곳하지 않자, 아걸의 집에 킬러를 보내 아버지를 살해한다. 이 일로 아걸과 자호 사이 오해가 생기는데...",,,,오우삼,적룡 / 장국영 / 주윤발,2.5,송자호가 멋있다라고 느껴질라치면 그의 머리 스타일이 도저히 용납해주지않는다,2025-07-16,https://an2-img.amz.wtchn.net/image/v2/5AtaS-YdCIN7i7sB1jGt4w.jpg?jwt=ZXlKaGJHY2lPaUpJVXpJMU5pSjkuZXlKdmNIUnpJanBiSW1SZk5Ea3dlRGN3TUhFNE1DSmRMQ0p3SWpvaUwzWXhMMmxyWm5Kb2MyTjNObkYyWVhaeWNtRm5iR1Z0SW4wLjVqSFFoUHRrOHJIaTl5Yi10bFExWHhtalZKWHo0ZFJKeDJkLTM0V3oxYk0=,
컨택트,,2016,미스터리 / SF / 스릴러 / 드라마,,,"[2025 문화다양성 주간 / 국악인 신유진]
외계인과 인간이 소통해 나가는 과정을 담아낸다는 점에서 색다른 SF라고 생각한 작품입니다. 잔잔한 분위기 속에 그려지는 몽환적인 장면들은 보는 이로 하여금 마치 꿈속에서 낯선 생명체를 만나고 있는듯한 신비로운 느낌을 선사합니다.

외계에서 온 비행물체들이 거대한 위용을 자랑하며 지구에 도착하지만 왜 그들이 지구에 왔는지는 아무도 모른다. 혼란에 빠진 지구, 외계인들과의 소통을 위해 언어학자인 루이스를 포함한 특별팀이 구성되어 비행물체로 접근하게 되고 지구를 구하기 위한 그들의 사투가 시작된다.",,,,드니 빌뇌브,에이미 아담스 / 제레미 레너,2.5,마지막에 와이프는 옆에서 울고 있는데 조느라 왜 우는지 물어봐야했다,2025-07-15,https://an2-img.amz.wtchn.net/image/v2/MIlQMcPNAEgUQNbHJHz6tg.jpg?jwt=ZXlKaGJHY2lPaUpJVXpJMU5pSjkuZXlKdmNIUnpJanBiSW1SZk5Ea3dlRGN3TUhFNE1DSmRMQ0p3SWpvaUwzWXlMM04wYjNKbEwybHRZV2RsTHpFMk56TTROelkyTkRVMU5EWXlNVFkxTXpVaWZRLlkweG9WeDJ5azByejdTcDVfRDdQTzBCdXJJb0l1RGxITzg1SUdyMW80VTA=,
히트,,1995,액션 / 범죄 / 드라마,,,"LA 경찰국 강력계의 빈센트 한나(알 파치노) 반장은 두 번의 이혼 경력과 순탄치 않은 세 번째 결혼생활로 불안하고 우울한 일상을 이어간다. 어느 날 특급 우편 차량을 급습하는 사건이 일어나고 호송 요원 세 명이 무참히 살해되자 한나는 특유의 예리한 감으로 닐 맥컬리(로버트 드 니로)의 존재를 찾아낸다. 자신의 팀원들을 가족처럼 보살피는 빈틈없는 프로 범죄자 닐은 자신을 쫓는 한나를 비웃듯 따돌리고 닐의 용의주도하고 프로페셔널한 면모에 한나는 닐에 대한 관심과 승부욕이 생기기 시작하는데…

액션의 전설이 다시 부활한다!",,,,마이클 만,알 파치노 / 로버트 드 니로,3.5,"이제껏본 커피챗 중에서 가장 멋있었다, 진짜는 진짜를 알아보는 법",2025-07-13,https://an2-img.amz.wtchn.net/image/v2/GDfGUUrHZekCnpjbeDGjzQ.jpg?jwt=ZXlKaGJHY2lPaUpJVXpJMU5pSjkuZXlKdmNIUnpJanBiSW1SZk5Ea3dlRGN3TUhFNE1DSmRMQ0p3SWpvaUwzWXhMMk01WVRObGJITm9aV1Z4YUdkemFHaG5lRzB4SW4wLnZPZ2d0RXdmdGN5dGxkN0hIQlB4bmxNYnBRN3BYOVNXajBCWmQ2Y1VnNFk=,
케이팝 데몬 헌터스,,2025,애니메이션 / 음악 / 코미디 / 모험,,,"<케이팝 데몬 헌터스>에 푹 빠져 있다면? 이제 싱어롱 특별판을 통해 애청곡들을 모두 들으면서 나머지 열정을 불태워 보자. 화면에 나오는 가사도 확인할 수 있다.


케이팝 슈퍼스타 루미, 미라, 조이. 매진을 기록하는 대형 스타디움 공연이 없을 때면 이들은 또 다른 활동에 나선다. 바로 비밀 능력을 이용해 팬들을 초자연적 위협으로부터 보호하는 것.",,,,매기 강 / 크리스 애플한스,,3.0,OST와 고증맛집,2025-07-13,https://an2-img.amz.wtchn.net/image/v2/DJJRrNbRpB_uW1mz-fGeVg.jpg?jwt=ZXlKaGJHY2lPaUpJVXpJMU5pSjkuZXlKdmNIUnpJanBiSW1SZk5Ea3dlRGN3TUhFNE1DSmRMQ0p3SWpvaUwzWXlMM04wYjNKbEwybHRZV2RsTHpFME5UUTFNVGt6TVRnM01qTTRPRFkzSW4wLk54STR2Z0M3VUhBUEVyMXBETFlhdWIza3dkVG52S0xhNlYzYWtiX2NINDQ=,
콘클라베,,2024,드라마 / 스릴러,,,"[2026 문화다양성 주간 / 만화가 고사리박사]
그럼에도 우리에게 신이 필요한 이유는 무엇일까요. 종교는 다시 순수로 돌아가야 합니다. 미래로 나아가기 위해.



교황의 예기치 못한 죽음 이후 새로운 교황을 선출하는 ‘콘클라베’가 시작되고, 로렌스(랄프 파인즈)는 단장으로서 선거를 총괄하게 된다. 한편 당선에 유력했던 후보들이 스캔들에 휘말리면서 교활한 음모와 탐욕이 수면 위로 드러나는데…",,,,에드워드 버거,레이프 파인즈,4.0,결국 완벽한 사람은 없다고 할지라도,2025-07-08,https://an2-img.amz.wtchn.net/image/v2/WHqiTfjpBm803MZB81_xmA.jpg?jwt=ZXlKaGJHY2lPaUpJVXpJMU5pSjkuZXlKdmNIUnpJanBiSW1SZk5Ea3dlRGN3TUhFNE1DSmRMQ0p3SWpvaUwzWXlMM04wYjNKbEwybHRZV2RsTHpFek1ERXlOekkzTnpRME5qY3hNelEzSW4wLkZ3V0ZGaG5sRUI5TENKYkFYQzltOUVRdjFZajRBTjhOamNFNUZrQUtfZG8=,
현기증,,1958,미스터리 / 로맨스 / 스릴러 / 범죄 / 드라마 / 액션,,,"샌프란시스코 시경 소속 형사 스카티는 옥상에서의 추격 전 중 동료 경찰이 추락사하는 사고를 저지른 후, 병적인 고소공포증을 얻게 된다. 그는 경찰을 사직하고 사립탐정이 되어 한 아름다운 여인을 보호하는 임무를 맡는다. 그러나 고소공포증 때문에 이 여인의 자살을 막지 못한 그는 죄책감에 시달리다 못해 정신병원 신세까지 지게 된다. 다시 샌프란시스코로 돌아온 그는 어느날 죽은 여인과 똑같은 여인을 발견하게 되는데, 여기서부터 이야기는 반전을 거듭한다.",,,,알프레드 히치콕,제임스 스튜어트 / 킴 노박,4.0,영화 후반부 맥카티의 꿈 장면은 정말 신선했다,2025-07-06,https://an2-img.amz.wtchn.net/image/v2/LyJtei4V82lfu777YL6QIg.jpg?jwt=ZXlKaGJHY2lPaUpJVXpJMU5pSjkuZXlKdmNIUnpJanBiSW1SZk5Ea3dlRGN3TUhFNE1DSmRMQ0p3SWpvaUwzWXhMM1oxZDJSdGNEaGxjbTF3YlhrNVpYQTNibXBtSW4wLmJhNFRpRENZSlFoUXdZNkh4MlkwTnhBZklCWHdFaUI3VHRIWW1zbk1MSnc=,
습도 다소 높음,,2020,코미디 / 드라마,,,"<낭만극장 이용수칙>
체온 체크. 문진표 작성. 마스크 착용 필수…
​
“그런데 에어컨은 왜 안 틀죠?”
이것이 진짜 재난이다!
​
극한의 습도가 엄습해온 어느 여름날, 이희준 감독의 신작 <젊은 그대> 시사회를 보기 위해 관객들이 극장에 모여든다. 하지만 이게 웬걸, 긴축경영으로 에어컨 가동을 거부한 극장은 관객들이 뿜어내는 고온의 짜증으로 더욱더 다습해져 가고, 그저 쾌적하고 싶을 뿐인 관객들은 정신을 혼미하게 하는 습도의 폭격에 돌발 행동을 보이기 시작하는데...
​
일생일대의 위기가 이렇게 온다고?!

누구도 살아남을 수 없는 습도 대폭발,
웃음 대폭발의 하루가 시작된다!",,,,고봉수,백승환 / 이희준 / 고주환 / 차유미 / 김충길,3.0,"에어컨 틀고봐도 더운 영화, 미치것네",2025-07-02,https://an2-img.amz.wtchn.net/image/v2/SOqSFKdMeiWo5Fofp9ab4Q.jpg?jwt=ZXlKaGJHY2lPaUpJVXpJMU5pSjkuZXlKdmNIUnpJanBiSW1SZk5Ea3dlRGN3TUhFNE1DSmRMQ0p3SWpvaUwzWXlMM04wYjNKbEwybHRZV2RsTHpFMk16QTBPRGs0T1RBNE5Ua3pOVGcwTWpnaWZRLk5MVTRMaWJQbTBmV1lvVTdpd2lFTWZMVHNsbWlhMl85LUprdW5mRjJuZkE=,
차인표,,2021,코미디,,,화려한 날들은 갔다. 그것도 제법 오래전에. 하지만 여전히 과거의 영광에 젖어 사는 배우 차인표. 그의 세상이 느닷없이 무너진다. 드디어 정신 차릴 순간이 왔단 말인가.,,,,김동규,차인표,0.5,차인표여야 하는 이유가 뭐지?,2025-07-02,https://an2-img.amz.wtchn.net/image/v2/edyQ_BNXg2bhQW5KcMUgyQ.jpg?jwt=ZXlKaGJHY2lPaUpJVXpJMU5pSjkuZXlKdmNIUnpJanBiSW1SZk5Ea3dlRGN3TUhFNE1DSmRMQ0p3SWpvaUwzWXhMMlJ0Ym5BMGFYWm1lV2x6Tmpka2NXVjVaWFJ1SW4wLjZkRGdaNHluSTBzd2JTbXZ6QjhzWFJrV1ZkWk1ySmFncGZ5MW9taFZsOGM=,
보헤미안 랩소디,,2018,드라마,,,"“나는 스타가 되지 않을 것이다, 전설이 될 것이다”

공항에서 수하물 노동자로 일하며 음악의 꿈을 키우던 이민자 출신의 아웃사이더 ‘파록버사라’. 보컬을 구하던 로컬 밴드에 들어가게 되면서 ‘프레디 머큐리’라는 이름으로 밴드 ‘퀸’을 이끌게 된다. 시대를 앞서가는 독창적인 음악과 화려한 퍼포먼스로 관중들을 사로잡으며 성장하던 ‘퀸’은 라디오와 방송에서 외면을 받을 것이라는 음반사의 반대에도 불구하고 무려 6분 동안 이어지는 실험적인 곡 ‘보헤미안 랩소디’로 대성공을 거두며 월드스타 반열에 오른다. 그러나 독보적인 존재감을 뿜어내던 ‘프레디 머큐리’는 솔로 데뷔라는 유혹에 흔들리게 되고 결국 오랜 시간 함께 해왔던 멤버들과 결별을 선언하게 되는데… 세상에서 소외된 아웃사이더에서 전설의 록밴드 ‘퀸’ 되기까지, 우리가 몰랐던 그들의 진짜 이야기가 시작된다.",,,,브라이언 싱어,라미 말렉,3.0,어찌되었든 이 영화덕분에 퀸 노래를 다시 찾아듣게 됐잖아?,2025-07-02,https://an2-img.amz.wtchn.net/image/v2/1CxiPqBGUo8mJGXYuhH0bw.jpg?jwt=ZXlKaGJHY2lPaUpJVXpJMU5pSjkuZXlKdmNIUnpJanBiSW1SZk5Ea3dlRGN3TUhFNE1DSmRMQ0p3SWpvaUwzWXlMM04wYjNKbEwybHRZV2RsTHpFMk5qWXhPRGMyTURBeU5qUTNOVGcwTmpNaWZRLlhBeTNrT2ZGck4xaGd4N1MybVVXUXl5QkQ1WTVsejBsdG1wTzlsUFVhLUk=,
스파이더맨: 노 웨이 홈,,2021,액션 / 모험 / 판타지 / SF,,,"영화 <스파이더맨: 노 웨이 홈>은 정체가 탄로난 스파이더맨 '피터 파커'(톰 홀랜드)가 문제를 해결하기 위해 '닥터 스트레인지'(베네딕트 컴버배치)의 도움을 받던 중 뜻하지 않게 멀티버스가 열리게 되고, 이를 통해 '닥터 옥토퍼스'(알프리드 몰리나) 등 각기 다른 차원의 숙적들이 나타나며 사상 최악의 위기를 맞게 되는 이야기를 그린 마블 액션 블록버스터.",,,,존 왓츠,톰 홀랜드,4.0,"멀티버스, 히어로 코믹스의 상징적인 영화",2025-07-01,https://an2-img.amz.wtchn.net/image/v2/ewlBFnwJ8rEg8UjpQhiHsg.jpg?jwt=ZXlKaGJHY2lPaUpJVXpJMU5pSjkuZXlKdmNIUnpJanBiSW1SZk5Ea3dlRGN3TUhFNE1DSmRMQ0p3SWpvaUwzWXlMM04wYjNKbEwybHRZV2RsTHpFMk16a3dNemN3T0RNek1USTFPRGN6TVRnaWZRLndzLUhKcDRBYlZ1NUM3Z3k2ZUVKZVpieWZyNUF5SHJwN1RBa0NzQVdkQmM=,
돈 룩 업,,2021,코미디 / 드라마 / SF,,,지구를 향해 돌진하는 혜성의 존재를 발견한 두 천문학자. 임박한 재앙을 전 인류에 경고하려 언론사를 찾아다니기 시작한다. 하지만 다른 데 정신이 팔린 세상은 시큰둥한 반응뿐. 그래서요?,,,,아담 맥케이,레오나르도 디카프리오 / 제니퍼 로렌스,3.5,최초로 괜찮았던 넷플릭스 오리지널 영화,2025-07-01,https://an2-img.amz.wtchn.net/image/v2/TLIVG50sdIX2bMLYaSB6Ew.jpg?jwt=ZXlKaGJHY2lPaUpJVXpJMU5pSjkuZXlKdmNIUnpJanBiSW1SZk5Ea3dlRGN3TUhFNE1DSmRMQ0p3SWpvaUwzWXlMM04wYjNKbEwybHRZV2RsTHpFMk16ZzNOVE00TlRZd056azVPRGN6TlRBaWZRLlZJY0FEUnZjRmNtdXJqTDlWWGdaVkZoMzRQYnBsblc0Wlk5dHRST3QxV00=,
스카페이스,,1983,드라마 / 범죄 / 액션,,,"1980년 5월 쿠바가 마리엘 항을 개항하여 반카스트로 지지자들이 미국 플로리다에 입항한다. 토니 몬타나와 마니리베라도 이민 수용소로 보내진다. 3개월 후 마니가 수용소에 있는 레벤가라는 자를 살해해 주면 신분증을 입수해 주겠다는 일을 받아 수용소에 폭동을 일으켜 레벤가를 암살한다. 접시닦이로 근근히 살아가던 토니는 프랭크의 부하로부터 콜롬비아 마약상과의 거래일을 맡았다가 위험천만한 위기를 넘긴다. 그 사건을 계기로, 토니는 프랭크의 신임을 얻고 그의 부하가 되지만, 수 개월 후 결국 자신을 없애려는 프랭크를 죽이고 조직을 장악, 보스 자리에 오르는데...",,,,브라이언 드 팔마,알 파치노,4.0,"알파치노가 본체인가, 토니 몬타나가 본체인가",2025-07-01,https://an2-img.amz.wtchn.net/image/v2/637YNw3e6ImTlhNWWlwj4Q.jpg?jwt=ZXlKaGJHY2lPaUpJVXpJMU5pSjkuZXlKdmNIUnpJanBiSW1SZk5Ea3dlRGN3TUhFNE1DSmRMQ0p3SWpvaUwzWXlMM04wYjNKbEwybHRZV2RsTHpFM01ETXpNemt4TWpNM09EVTNNak0xT0RBaWZRLjhwYzhEUUhxdkEwSDFMbnl2VnpTSXhMZVFEUXNndDJidWI1X2t6YWNYTWM=,
12명의 성난 사람들,,1957,범죄 / 드라마,,,"뉴욕시의 법정에 아버지를 칼로 찌른 한 소년의 살인 혐의를 두고, 12인의 배심원들은 만장일치 합의를 통해 소년의 유무죄 여부를 가려줄 것을 요구받는다. 판사는 유죄일 경우 이 소년은 사형이 불가피하다는 것을 이들에게 미리 일러둔다.  배심원 방에 모인 이들은 투표를 통해 유무죄 여부를 가리기로 한다. 사람들이 전부 소년이 유죄로 판단하는 가운데, 오직 배심원 8(헨리 폰다)는 소년이 무죄라고 주장하는데...",,,,시드니 루멧,마틴 발삼 / 존 피들러 / 리 J. 콥 / E.G. 마샬 / 잭 클러그먼,4.5,비가 그치고 개운하게 밖으로 나가는 기분이 여기까지 느껴진다,2025-07-01,https://an2-img.amz.wtchn.net/image/v2/Qjy93MKSZL6a2z3OoBXpOw.jpg?jwt=ZXlKaGJHY2lPaUpJVXpJMU5pSjkuZXlKdmNIUnpJanBiSW1SZk5Ea3dlRGN3TUhFNE1DSmRMQ0p3SWpvaUwzWXhMMmx3YjNOeGRtWmhjbXB1WVRKdlkyVm1NbUZzSW4wLlRubE9Ya2Fhdm44b0E4Wk5BVGMxTmlQZktOcjYwYWFoTUJfUE1IeTRQRHM=,
곡성(哭聲),,2016,미스터리 / 스릴러 / 드라마,,,"낯선 외지인이 나타난 후 벌어지는 의문의 연쇄 사건들로 마을이 발칵 뒤집힌다. 경찰은 집단 야생 버섯 중독으로 잠정적 결론을 내리지만 모든 사건의 원인이 그 외지인 때문이라는 소문과 의심이 걷잡을 수 없이 퍼져 나간다. 경찰 ‘종구’(곽도원)는 현장을 목격했다는 여인 ‘무명’(천우희)을 만나면서 외지인에 대한 소문을 확신하기 시작한다. 딸 ‘효진’이 피해자들과 비슷한 증상으로 아파오기 시작하자 다급해진 ‘종구’. 외지인을 찾아 난동을 부리고, 무속인 ‘일광’(황정민)을 불러 들이는데...",,,,나홍진,곽도원 / 황정민 / 쿠니무라 준 / 천우희 / 김환희,4.0,애는 건들지마라,2025-06-30,https://an2-img.amz.wtchn.net/image/v2/eB_dsODtz9zfAhB3gZALmw.jpg?jwt=ZXlKaGJHY2lPaUpJVXpJMU5pSjkuZXlKdmNIUnpJanBiSW1SZk5Ea3dlRGN3TUhFNE1DSmRMQ0p3SWpvaUwzWXhMMko0WkhCdWEzQjNNSEpxWld4dk1YQTRkV0p2SW4wLlg2Z1pZbldSbTRMVXMzMy1BSnZRTUFReGQwa1NvYk5yamVVWnVLdTF2N2M=,
복수는 나의 것,,2002,범죄 / 스릴러,,,선천성 청각 장애인 류에게 누나는 유일한 가족이다. 신부전증을 앓고 있는 누나는 병이 악화되어 신장을 이식하지 않으면 얼마 살 수 없다는 진단을 받는다. 누나와 혈액형이 달라 이식 수술이 좌절된 류는 장기밀매단과 접촉해 자신의 신장과 전재산 천 만원을 넘겨주고 누나를 위한 신장을 받기로 하지만 모든 것이 사기로 드러난다. 누나에게 맞는 신장을 찾기 위해 돈이 필요한 류는 애인이자 운동권 학생인 영미의 말에 아이를 유괴한다. 착한 유괴라고 류를 설득해 동진의 딸을 유괴하지만 이 사실을 알게 된 류의 누이는 스스로 목숨을 끊고 우연한 사건으로 아이마저 죽게 되는데...,,,,박찬욱,송강호 / 신하균 / 배두나,4.0,"박찬욱의 머릿속이 궁금하다, 어떻게 이따위 상황을 상상한거냐",2025-06-30,https://an2-img.amz.wtchn.net/image/v2/IjoO-R8EFMcupj01cbsQ9Q.jpg?jwt=ZXlKaGJHY2lPaUpJVXpJMU5pSjkuZXlKdmNIUnpJanBiSW1SZk5Ea3dlRGN3TUhFNE1DSmRMQ0p3SWpvaUwzWXhMM05wWjNoMWRYVnRiWEV5YlhsdGFXUnpkM0F6SW4wLkVydmNsejF5Rnd5UzZmLU43MTFIMkJoblFxNk1MY3VmazNCSS0za2JQMmM=,
친절한 금자씨,,2005,드라마 / 스릴러 / 범죄,,,"사람들의 시선을 단번에 사로잡을 만큼 뛰어난 미모의 소유자인 금자는 20살에 죄를 짓고 감옥에 가게 된다. 어린 나이, 너무나 아름다운 외모로 인해 검거되는 순간에도 언론에 유명세를 치른다. 누구보다 성실하고 모범적인 수감생활을 보내는 금자. 친절한 금자씨라는 말도 교도소에서마저 유명세를 떨치던 그녀에게 사람들이 붙여준 별명이다. 13년간의 복역을 무사히 마치고 출소하는 순간, 금자는 그 동안 치밀하게 준비해온 복수를 시작한다. 그녀가 복수하려는 인물은 자신을 죄인으로 만든 백선생. 그녀가 친절을 베풀며 도왔던 동료들은 이제 다양한 방법으로 금자의 복수를 돕는다.",,,,박찬욱,이영애 / 최민식,4.0,"금자씨의 행동은 합당했던 것 같다, 너나 잘해라",2025-06-30,https://an2-img.amz.wtchn.net/image/v2/f94aJSIyxZAhFnIeKHMUZA.jpg?jwt=ZXlKaGJHY2lPaUpJVXpJMU5pSjkuZXlKdmNIUnpJanBiSW1SZk5Ea3dlRGN3TUhFNE1DSmRMQ0p3SWpvaUwzWXhMMmN3YTJ0cmVqQm5kemhyY0hSbFpXdDNZMnR5SW4wLm9sV2VRQkMta2RILTlFd2FmR0FGdnk2SFRBUVd2LWd0Z1o2QWVzWHpraFE=,
파벨만스,,2022,드라마,,,"전 세계가 사랑한 거장 감독 스티븐 스필버그, 
그 위대한 꿈의 시작! 

난생 처음 극장에서 스크린을 마주한 순간부터 영화와 사랑에 빠진 소년 ‘새미’(가브리엘 라벨). 아빠 ‘버트’(폴 다노)의 8mm 카메라를 들고 일상의 모든 순간을 담기 위해 열중하던 새미는 우연히 필름에 포착된 가족의 비밀을 알게 되고 충격에 휩싸인다. 진실을 비추는 필름의 힘을 실감한 새미에게 크고 작은 삶의 변화가 일어나고 엄마 ‘밋지’(미셸 윌리엄스)의 응원으로 영화를 향한 열정은 더욱 뜨거워져만 가는데…

영원히 간직하고픈 기억,
영화의 모든 순간과 사랑에 빠진다!",,,,스티븐 스필버그,가브리엘 라벨 / 미셸 윌리엄스 / 폴 다노,3.5,"영화같은 삶이 아닌 영화 그 자체였구나, 무언가를 지독하게 좋아할 수 있다는 것도 축복이다",2025-06-30,https://an2-img.amz.wtchn.net/image/v2/5cb2NLIrTQ6b36-KYdZMmQ.jpg?jwt=ZXlKaGJHY2lPaUpJVXpJMU5pSjkuZXlKdmNIUnpJanBiSW1SZk5Ea3dlRGN3TUhFNE1DSmRMQ0p3SWpvaUwzWXlMM04wYjNKbEwybHRZV2RsTHpFMk56azFNekF4TWpZM05qTTFOVFExTURJaWZRLk9PUEExUmZfUEZjeFRkZGhqeFNyUHgzaEp6blBSakoyTW5xODV4Q0FTRUk=,
키즈 리턴,,1996,범죄 / 드라마 / 스포츠,,,"온갖 시시한 일들을 저지르고 다니는 마짱과 신지는 무료한 일상에 염증을 느낀다. 그러던 어느 날, 마짱은 자신이 돈을 뺏은 아이가 데려온 권투선수에게 맥없이 당하고 만다. 이에 마짱과 신지는 권투를 배우기로 하지만 신지와의 게임에서 무참히 패한 마짱은 이내 권투를 그만두고 떠난다. 고등학교를 졸업할 때까지 권투에 전념한 신지는 마침내 권투 시합에 나가지만 지게 되고, 야쿠자가 된 마짱 역시 두들겨 맞은채 버려지는데...",,,,기타노 다케시,안도 마사노부 / 카네코 켄 / 모리모토 레오 / 야마야 하츠오,4.0,만담듀오처럼 꿈이 명확할때 빛을 볼 확률이 더 높다 그렇지만 답없는 꼴통들의 고군분투 속에도 희망이 있다,2025-06-24,https://an2-img.amz.wtchn.net/image/v2/txanCZrNglAxlafLO4UsBA.jpg?jwt=ZXlKaGJHY2lPaUpJVXpJMU5pSjkuZXlKdmNIUnpJanBiSW1SZk5Ea3dlRGN3TUhFNE1DSmRMQ0p3SWpvaUwzWXhMMk42Y0hKMWRESnliM042WVdWNk1EQjZiRE5ySW4wLklWWUFueW9ydFZ3M1NwTk1YR29ocnBNZ0xqTU1odjJ1NEoySlJ1c21SNEU=,
천공의 성 라퓨타,,1986,판타지 / 액션 / 애니메이션 / 가족,,,"전설의 공중도시 ‘라퓨타’를 향한
거대한 여정이 시작된다!

해적 일당의 습격으로 비행선 아래로 떨어지게 된 소녀 ‘시타’는 광산촌의 견습 기계공인 소년 ‘파즈’에 의해 목숨을 구하게 된다. 둘은 하늘을 나는 전설 속 ‘라퓨타’를 함께 찾기로 약속하지만 신비한 힘을 품은 ‘시타’의 비행석 목걸이를 노리는 군대와 무자비한 해적들에게 쫓겨 위기를 겪게 되는데…!",,,,미야자키 하야오,,3.0,OST가 너무 좋다 역시 히사이시조,2025-06-24,https://an2-img.amz.wtchn.net/image/v2/saiCIL-43zIOCe3pXqosYA.jpg?jwt=ZXlKaGJHY2lPaUpJVXpJMU5pSjkuZXlKdmNIUnpJanBiSW1SZk5Ea3dlRGN3TUhFNE1DSmRMQ0p3SWpvaUwzWXlMM04wYjNKbEwybHRZV2RsTHpFeE9UZ3hPVFk0TWpZM05UZzFOellpZlEuamJoZFNJWjBlS2Z3ajhOdXBEV3dud3lYeEkyanFZaDd4a0pjRE1ZWXFyNA==,
파라노말 액티비티,,2007,공포 / 미스터리 / 스릴러,,,"8살 때부터 자신의 주위를 맴돌던 정체불명의 존재를 느껴왔던 케이티. 최근 들어 점점 더 강도가 심각해지는 이상한 사건들로 인해 그녀의 남자친구 미카는 그들의 24시간을 카메라에 담기 시작한다. 촬영이 시작된 이후 문이 스스로 움직이고 벽의 액자가 저절로 깨지는 등 이상한 현상들이 녹화되기 시작하고, 정체 불명의 존재를 찾기 위해 노력한다. 미카는 정체 불명의 대상을 불러내기 위해 케이티의 반대에도 불구하고, 다양한 방법을 시도하며 촬영을 멈추지 않는다. 그들이 잠든 사이에 의문의 발자국이 침실에 남겨지고, 자고 있는 케이티가 사라지는 등 이상한 일들이 연이어 벌어지는 가운데, 계속되는 고통으로 잠을 이루지 못하는 케이티는 퇴마사를 부르기에 이른다. 하지만, 섬뜩한 기운을 느낀 퇴마사는 집안에 발을 들이는 것조차 두려워하며 돌아가고 만다. 시간이 지날수록 설명하기 조차 힘든 미스터리한 사건들은 두 사람을 위협하기 시작하는데…",,,,오렌 펠리,케이티 페더스톤 / 미카 슬롯 / 마크 프레드릭스 / 엠버 암스트롱 / 애슐리 파머,4.0,"관객 몇없는 영화관에서 다같이 모여서봤던 기억이,, 그때 당시 신선한 충격이었던 영화",2025-06-24,https://an2-img.amz.wtchn.net/image/v2/gHKbYu6GMBEljqykROYJPQ.jpg?jwt=ZXlKaGJHY2lPaUpJVXpJMU5pSjkuZXlKdmNIUnpJanBiSW1SZk5Ea3dlRGN3TUhFNE1DSmRMQ0p3SWpvaUwzWXhMMjVwZUdsb09EQjFjbk01YlhCM1pqQnVjRzV3SW4wLjVZMFlrSmtWdncyVnYwalJiclNTRkdUT1l0N1hOelphX1lRZW5lVVpZWHM=,
던전 앤 드래곤: 도적들의 명예,,2023,액션 / 모험 / 판타지,,,"한때는 명예로운 기사였지만, ‘어떤 사건’ 이후 ‘홀가’, ‘사이먼’, ‘포지’와 함께 도적질을 하게 된 ‘에드긴’. ‘소피나’의 제안으로 ’부활의 서판’을 얻기 위해 ‘코린의 성’에 잠입하지만 포지와 소피나의 배신으로 실패하고 감옥에 갇힌다. 기발한 방법으로 탈옥에 성공한 에드긴과 홀가는 소중한 사람들과 다시 만나고, ‘부활의 서판’도 되찾기 위해 자신만의 팀을 꾸리기 시작하는데… 옛 동료인 소질 없는 소서러 사이먼과 새롭게 합류한 변신 천재 드루이드 '도릭’, 재미 빼고 다 가진 팔라딘 '젠크’까지 어딘가 2% 부족한 오합지졸로 가득한 이 팀, 과연 무사히 모험을 끝마칠 수 있을까?

<가디언즈 오브 갤럭시> 제작진이 선보이는
매력만점 롤플레잉 액션 어드벤처 무비가 온다!",,,,존 프란시스 데일리 / 조나단 골드스틴,크리스 파인 / 미셸 로드리게즈 / 레지 장 페이지 / 저스티스 스미스 / 소피아 릴리스,3.0,기대 이상! 이거보고 발더스게이트하면 도움되나요?,2025-06-24,https://an2-img.amz.wtchn.net/image/v2/kFt6ouuzc_S9JuWjxO0U4w.jpg?jwt=ZXlKaGJHY2lPaUpJVXpJMU5pSjkuZXlKdmNIUnpJanBiSW1SZk5Ea3dlRGN3TUhFNE1DSmRMQ0p3SWpvaUwzWXlMM04wYjNKbEwybHRZV2RsTHpFMk56Z3dPVFU0TURJNU56azVNVGMzTWpRaWZRLjRZSFd1MnBtYXdiNnRXcS1oT3VwRnk5RWlCY1h4cUE0cnBMUGdxeWdVaDQ=,
미 비포 유,,2016,드라마 / 로맨스,,,"6년 동안이나 일하던 카페가 문을 닫는 바람에 백수가 된 루이자는 새 직장을 찾던 중 촉망 받던 젊은 사업가였던 전신마비 환자 윌의 6개월 임시 간병인이 된다. 루이자의 우스꽝스러운 옷, 썰렁한 농담들, 속마음을 그대로 드러내는 얼굴 표정이 신경 쓰이는 윌. 말만 하면 바보 취급하고 망나니처럼 구는 윌이 치사하기만 한 루이자. 그렇게 둘은 서로의 인생을 향해 차츰 걸어 들어가는데...",,,,테아 샤록,에밀리아 클라크 / 샘 클라플린,2.0,비록 호감은 아니지만 현남친한테 너무 한거아니오?,2025-06-24,https://an2-img.amz.wtchn.net/image/v2/WkONQmiyVCafvdcGZaJUaA.jpg?jwt=ZXlKaGJHY2lPaUpJVXpJMU5pSjkuZXlKdmNIUnpJanBiSW1SZk5Ea3dlRGN3TUhFNE1DSmRMQ0p3SWpvaUwzWXhMMkZpYW5veU0yNXhPV2RxYm5CdWJXaGlZMmRoSW4wLmxQYk9tUjhhbHFPSXZYUFdGTnhHTFd4cWpMSFdESlJaSU9MV0pDNWthaHM=,
플립,,2010,틴에이저 / 로맨스 / 드라마,,,"단 한 순간, 세상이 뒤집혔다!

옆집에 이사 온 브라이스에게 첫눈에 반해버린 7살 소녀 줄리. 브라이스를 향한 줄리의 마음은 언제나 직진이지만, 브라이스는 줄리가 부담스럽기만 하다. 6년이 지나도 브라이스를 향한 마음이 꺾이지 않는 줄리는 브라이스에게 마음이 담긴 작고 소중한 선물을 매일매일 주기로 한다. 하지만 브라이스는 줄리의 마음이 담긴 선물을 쓰레기통에 버리다 들키고, 그 날 이후 줄리는 브라이스를 피하기 시작하는데…

어째서인지 그때부터 브라이스는 줄리가 신경 쓰이기 시작한다?!",,,,롭 라이너,콜런 맥올리프 / 매들린 캐롤 / 레베카 드 모네이,4.0,아들한테도보여주고싶은영화,2025-06-24,https://an2-img.amz.wtchn.net/image/v2/n4CpDBoiVQrgQKt1AfJRIA.jpg?jwt=ZXlKaGJHY2lPaUpJVXpJMU5pSjkuZXlKdmNIUnpJanBiSW1SZk5Ea3dlRGN3TUhFNE1DSmRMQ0p3SWpvaUwzWXlMM04wYjNKbEwybHRZV2RsTHpJNE56VTFNVFV5TmpNME1EQXhNRE1pZlEuNVdPeHJJTkhyTFFKS1pfblU5Wk8xZ0FKbV9qQXg2S2tISlNYcWZYSFdVMA==,
패밀리 맨,,2000,코미디 / 드라마 / 판타지 / 로맨스,,,"월스트리트 최고의 실력을 자랑하는 투자전문 벤처기업가이자, 플레이보이인 잭 캠벨(Jack Campbell: 니콜라스 케이지 분). 그는 13년 전 사랑하는 연인 케이트(Kate Reynolds: 티아 레오니 분)와의 약속을 뒤로 한 채 줄곧 성공만을 향해 달려온다. 그리고, 마침내 뉴욕 맨하탄의 펜트하우스와 꿈의 자동차 페라리 550M, 이천불짜리 최고급 양복에 그의 손길을 기다리며 항시 대기 중인 늘씬한 미녀들까지... 잭 자신은 성공한 자만이 누릴 수 있는 모든 것을 가졌다고 생각한다.  하얀 눈이 소담스레 내리는 크리스마스 이브, 모든 사람들이 가족의 품으로 돌아가는 그날도 늦게까지 일에 빠져있던 잭은 마지막으로 회사를 나와 텅 빈 도시를 걷다가 우연히 식료품가게에 들어선다. 그곳에서 잭은 복권을 바꾸러 왔다가 강도로 돌변한 거리의 부랑아 캐쉬를 만나 뜻밖의 상황에 처하지만 사업가적 수완을 발휘해 위기를 모면한다. 그리고 그 복권이 자신의 인생을 완전히 뒤바꿔 놓으리란 걸 꿈에도 모른 채, 자신의 집으로 돌아간다.",,,,브렛 래트너,니콜라스 케이지 / 테아 레오니,3.0,"가족의 소중함, 이게 크리스마스지",2025-06-24,https://an2-img.amz.wtchn.net/image/v2/HPOmOE9WdK5jJ9VaerXbvQ.jpg?jwt=ZXlKaGJHY2lPaUpJVXpJMU5pSjkuZXlKdmNIUnpJanBiSW1SZk5Ea3dlRGN3TUhFNE1DSmRMQ0p3SWpvaUwzWXhMMnQzY25Ock0ydGlZM2hpTjJSeWVteHBlV3BrSW4wLkRhWWlud3IxQnF3UElEcUZTYmpBeG5BeGVxc1RVWURNakxlUXR4OFRhRlU=,
이프 온리,,2004,코미디 / 드라마 / 판타지 / 로맨스,,,"“만약, 오늘이 연인과 함께하는 마지막이라면?”

바쁜 일상에 쫓겨 연인 ‘사만다’를 뒤로 미뤄왔던 ‘이안’. 사소한 다툼 끝에 그녀를 떠나보낸 그날 밤, 예상치 못한 사고로 그는 눈앞에서 가장 소중한 사람을 잃는다. 모든 것이 끝났다고 생각한 순간, 잠에서 깨어난 그의 앞에 믿을 수 없게도 똑같은 하루가 다시 펼쳐진다.

단 한 번, 다시 주어진 기회.
모든 후회의 순간을 되돌리듯
‘사만다’에게 다시 사랑을 전하려는 ‘이안’.

과연 그는, 그녀를 지킬 수 있을까?",,,,길 정거,제니퍼 러브 휴이트 / 폴 니콜스,2.0,와이프 최애영화 나는잘..,2025-06-24,https://an2-img.amz.wtchn.net/image/v2/GIxrzA6w0Euba2uio9vSGA.jpg?jwt=ZXlKaGJHY2lPaUpJVXpJMU5pSjkuZXlKdmNIUnpJanBiSW1SZk5Ea3dlRGN3TUhFNE1DSmRMQ0p3SWpvaUwzWXlMM04wYjNKbEwybHRZV2RsTHpJd01EazBPVFU1TmpjNE1qQTFJbjAucjVpU3d0Zi1kMG9FbWtNelppdk04US1aZjVhQVJITzJRSFl0eldBbmhhWQ==,
화이트 칙스,,2004,코미디 / 범죄,,,위장술 하나는 끝내주는만 정작 사건 해결은 못해본 FBI 명물 콤비 마커스와 케빈은 순간의 착각으로 거물급 마약상을 놓치는 일대 실수를 저지르고 만다. FBI에서 퇴출 위기에 몰린 둘은 얼떨결에 자선파티 참석을 위해 LA에 오는 호텔재벌 윌슨가 자매의 모두가 꺼려하는 경호를 떠맡게 된다. 하지만 첫날부터 호틀갑 자매의 귀하신 얼굴에 상처를 내는 대형사고를 치고 마는데...,,,,키넌 아이버리 웨이언스,숀 웨이언스 / 말론 웨이언스,4.5,진짜 언제봐도 개웃김,2025-06-24,https://an2-img.amz.wtchn.net/image/v2/6C6z830GxDIXqBtgUbMrSA.jpg?jwt=ZXlKaGJHY2lPaUpJVXpJMU5pSjkuZXlKdmNIUnpJanBiSW1SZk5Ea3dlRGN3TUhFNE1DSmRMQ0p3SWpvaUwzWXhMM0ozTXpCdVoyeHJaMjVpZFhWdWNtVXhlSFYxSW4wLlBPU0Q0Q1EtazZrQzlZYS1lZFplNWJiSzJBbnRvQ0V4Ykc3RkYzMlVFa00=,
청설,,2009,드라마 / 로맨스,,,손으로 말하는 ‘양양’과 그녀에게 첫눈에 반한 ‘티엔커’. 마음이 듣고 가슴으로 느낀 두남녀의 떨리는 연애 스토리를 담은 대만 첫사랑 로맨스 그 시작.,,,,청펀펀,펑위옌 / 진의함 / 진연희,4.0,유치하다고 볼수도있지만 순수해서 더 설렌다,2025-06-24,https://an2-img.amz.wtchn.net/image/v2/yINEY8AJroxTCRbTAXL29A.jpg?jwt=ZXlKaGJHY2lPaUpJVXpJMU5pSjkuZXlKdmNIUnpJanBiSW1SZk5Ea3dlRGN3TUhFNE1DSmRMQ0p3SWpvaUwzWXhMM0kwY0hkNFpXWjZibU50ZVdOd1lXWmxiWFpzSW4wLmlGNGR1QjRPR2pqVlhCX0d0RFVfdzNScjZQWWo3NXdvSHpLXzgtVlF6MmM=,
콜래트럴,,2004,스릴러 / 액션 / 범죄,,,"평범한 L.A.의 택시 운전사 맥스(제이미 폭스 분)는 돈을 모아 리무진 렌탈업을 하겠다는 소박한 꿈을 갖고 살고있다. 그는 어느날 밤, 우연히 타지에서 온 승객 빈센트(톰 크루즈 분)를 자신의 택시에 태우게 된다. 빈센트는 하룻밤동안 다섯 군데를 들러 볼일을 보고 새벽 6시까지 공항에 가야 한다며 택시를 전세 내자고 한다. 두 사람은 계약을 맺고, 맥스는 하룻밤 동안 빈센트의 여정에 동행하게 된다.  그러나 그는 곧 놀라운 사실을 알게 된다. 빈센트가 말한 다섯 가지의 볼일이란 바로 사람들을 죽이는 살인청부 일이었던 것. 빈센트는 마약조직에 불리한 증언을 한 증인들과 담당 검사를 살해하기위해 L.A.에 온 청부업자였던 것이다. 맥스는 그 상황에서 벗어나고자 몸부림치지만 그럴수록 더 깊숙이 개입하게 되는데...",,,,마이클 만,톰 크루즈 / 제이미 폭스,3.0,악역 톰크루즈 귀하다,2025-06-23,https://an2-img.amz.wtchn.net/image/v2/4xCcZzUKYN0PygQS_hmmbA.jpg?jwt=ZXlKaGJHY2lPaUpJVXpJMU5pSjkuZXlKdmNIUnpJanBiSW1SZk5Ea3dlRGN3TUhFNE1DSmRMQ0p3SWpvaUwzWXhMM0oyYm5NNFpuUjRiM1I2ZFdNNVoyWnNaamxvSW4wLmZyd2pYbmRCcHJMUzdjRk5vekFKbFRtWHRpSHd3XzJadDFRbTlYWlEyUnc=,
베리드,,2010,드라마 / 미스터리 / 스릴러,,,"이라크에서 근무하는 미국인 트럭 운전사 폴 콘로이(라이언 레이놀즈 분). 갑작스런 습격을 받고 눈을 떠보니 그는 어딘가에 묻혀 있다. 직감적으로 그곳이 땅 아래 관 속 임을 안 그. 그에게 주어진 것이라곤 라이터, 칼, 그리고 누구의 것인지 알 수 없는 핸드폰뿐이다. 과연 그는 탈출할 수 있을 것인가?",,,,로드리고 코르테스,라이언 레이놀즈,0.5,진짜 두번다시 보고싶지 않다,2025-06-23,https://an2-img.amz.wtchn.net/image/v2/0O6vkw8-4X9fs8maEDXw4g.jpg?jwt=ZXlKaGJHY2lPaUpJVXpJMU5pSjkuZXlKdmNIUnpJanBiSW1SZk5Ea3dlRGN3TUhFNE1DSmRMQ0p3SWpvaUwzWXhMM2R5ZVhaa2JubHFjSEp0YUdWM2NuQXhPR2wzSW4wLk9sbHN1SDNtSGZiUTl2d0tXRnlOLXY0NVpFeE5aWmhUQ0xGWjg3ellZSFU=,
매드맥스: 분노의 도로,,2015,액션 / 모험 / SF / 스릴러,,,"“세상이 멸망하면서 누가 미친 건지 알 수 없어졌다. 나인지 이 세상인지..”

핵전쟁으로 멸망한 22세기. 얼마 남지 않은 물과 기름을 차지한 독재자 임모탄 조가 살아남은 인류를 지배한다. 한편, 아내와 딸을 잃고 살아남기 위해 사막을 떠돌던 맥스(톰 하디)는 임모탄의 부하들에게 납치되어 노예로 끌려가고, 폭정에 반발한 사령관 퓨리오사(샤를리즈 테론)는 인류 생존의 열쇠를 쥔 임모탄의 여인들을 탈취해 분노의 도로로 폭주한다. 이에 임모탄의 전사들과 신인류 눅스(니콜라스 홀트)는 맥스를 이끌고 퓨리오사의 뒤를 쫓는데... 

끝내주는 날, 끝내주는 액션이 폭렬한다.",,,,조지 밀러,샤를리즈 테론 / 톰 하디 / 니콜라스 홀트,4.0,마스크쓰고싶은영화,2025-06-23,https://an2-img.amz.wtchn.net/image/v2/lYEpkbebSPt2D6uWEVfoxA.jpg?jwt=ZXlKaGJHY2lPaUpJVXpJMU5pSjkuZXlKdmNIUnpJanBiSW1SZk5Ea3dlRGN3TUhFNE1DSmRMQ0p3SWpvaUwzWXhMMnhzTjIxaWVXRnpZWHBrZG1NeGFHVXdZMlpxSW4wLnR1by11UDMtQ3NTbmtSRXZLTzcwWVpkZHNGdUZVMzNUMXJUR1RERlBkbmM=,
애프터썬,,2022,드라마,,,아빠와 20여 년 전 갔던 튀르키예 여행. 둘만의 기억이 담긴 오래된 캠코더를 꺼내자 그해 여름이 물결처럼 출렁이기 시작한다.,,,,샬롯 웰스,폴 메스칼 / 프랭키 코리오,4.0,"마지막까지 버티길 잘한영화
어린 딸의 기억속 어린 아빠에게 무엇을 해줄수있었을까",2025-06-23,https://an2-img.amz.wtchn.net/image/v2/N_WiNtZKCoosWMthzJNwDA.jpg?jwt=ZXlKaGJHY2lPaUpJVXpJMU5pSjkuZXlKdmNIUnpJanBiSW1SZk5Ea3dlRGN3TUhFNE1DSmRMQ0p3SWpvaUwzWXlMM04wYjNKbEwybHRZV2RsTHpFeU1USXhNREV6TmpNeU9EYzBPVEl3SW4wLnRlMl9IYm12SlZXWTVrU0phdEZxUHFhZFliRXNNUlJ6SmV0YWhGcUJPRVE=,
알라딘,,2019,모험 / 가족 / 판타지 / 뮤지컬 / 로맨스,,,"머나먼 사막 속 신비의 아그라바 왕국의 시대. 좀도둑 ‘알라딘’은 마법사 ‘자파’의 의뢰로 마법 램프를 찾아 나섰다가 주인에게 세 가지 소원을 들어주는 지니를 만나게 되고, 자스민 공주의 마음을 얻으려다 생각도 못했던 모험에 휘말리게 되는데…",,,,가이 리치,미나 마수드 / 윌 스미스 / 나오미 스콧,3.5,안심시켜주는 유쾌한 실사화,2025-06-20,https://an2-img.amz.wtchn.net/image/v2/rnX_7OObVokc8vywvdSpyw.jpg?jwt=ZXlKaGJHY2lPaUpJVXpJMU5pSjkuZXlKdmNIUnpJanBiSW1SZk5Ea3dlRGN3TUhFNE1DSmRMQ0p3SWpvaUwzWXlMM04wYjNKbEwybHRZV2RsTHpFMk5qSXpNemczTmpFNE1UYzNOVEkxTlRFaWZRLjJIbEMtakV6c0dITFZJS0xYbHNoUDRsYnRTTU9FckZEYjIzREVyTVBJdUk=,
인크레더블 헐크,,2008,액션 / 모험 / SF,,,"실험 중 감마선에 노출된 이후 분노를 통제할 수 없는 상태가 되면 괴력을 지닌 녹색 괴물 헐크로 변하게 되는 브루스 배너(에드워드 노튼). 필사적으로 치료제 개발에 매달리지만, 그의 능력을 이용하려는 정부와 군대의 끈질긴 추격을 받고 쫓기게 된다. 한편 헐크의 거대한 힘의 비밀을 파헤치던 이들은 헐크보다 더 파괴적인 어보미네이션을 만드는데 성공, 도시 전체를 집어삼키려 한다. 이에 브루스 배너는 정상적인 인생을 되찾으려던 계획을 버리고, 어보미네이션과 군대, 그리고 자기 자신과의 마지막 대결을 준비하는데...",,,,루이 르테리에,에드워드 노튼,3.0,이게 진짜지,2025-06-20,https://an2-img.amz.wtchn.net/image/v2/cEQTtN8ibB_ODNwwqf4b-Q.jpg?jwt=ZXlKaGJHY2lPaUpJVXpJMU5pSjkuZXlKdmNIUnpJanBiSW1SZk5Ea3dlRGN3TUhFNE1DSmRMQ0p3SWpvaUwzWXhMMjlsWjNKcVpHeDBabWwzWldGeGFtWnJNRE51SW4wLlBsX0NBRld0ejRXbXRJZ3FCeDgtVC1IVlhBSTJyVHItRTZfbTA3c3g2QWc=,
결혼 이야기,,2019,코미디 / 드라마,,,"아카데미상 후보에 지명된 감독 노아 바움백이 이야기하는 결혼에 관한 모든 것. 파경을 맞았지만, 관계를 유지해야 하는 한 가족을 예리하고 따뜻한 시선으로 바라본다.",,,,노아 바움백,스칼렛 요한슨 / 아담 드라이버,4.5,사랑해서 이렇게 되다니,2025-06-20,https://an2-img.amz.wtchn.net/image/v2/IOGN7oZqhggRY4FmImydDw.jpg?jwt=ZXlKaGJHY2lPaUpJVXpJMU5pSjkuZXlKdmNIUnpJanBiSW1SZk5Ea3dlRGN3TUhFNE1DSmRMQ0p3SWpvaUwzWXhMMnR1ZDJGamRqZ3hZek5oYW5Kck9HdDVlRGhoSW4wLmVhbUVuV1RpaUVKcjdvMmM0WGNKRFlrMlU2NUg5Yk90T3BCZWk2YWY4Nnc=,
아수라,,2016,범죄 / 액션,,,"강력계 형사 한도경(정우성)은 이권과 성공을 위해 각종 범죄를 저지르는 악덕시장 박성배(황정민)의 뒷일을 처리해주는 대가로 돈을 받는다. 악에 계속 노출되는 사이, 말기 암 환자인 아내의 병원비를 핑계로 돈 되는 건 뭐든 하는 악인의 길로 들어서게 된 한도경. 그의 약점을 쥔 독종 검사 김차인(곽도원)과 검찰수사관 도창학(정만식)은 그를 협박하고 이용해 박성배의 비리와 범죄 혐의를 캐려 한다. 각자의 이익과 목적을 위해 한도경의 목을 짓누르는 검찰과 박성배. 그 사이 태풍의 눈처럼 되어 버린 한도경은, 자신을 친형처럼 따르는 후배 형사 문선모(주지훈)를 박성배의 수하로 들여보내고, 살아남기 위해 혈안이 된 나쁜 놈들 사이에서 서로 물지 않으면 물리는 지옥도가 펼쳐진다.",,,,김성수,정우성 / 황정민 / 주지훈 / 곽도원,3.5,정우성땜에 진입장벽이 있지만 모티브가 된 그분을 떠올리며보면 이만한 영화가 없다,2025-06-20,https://an2-img.amz.wtchn.net/image/v2/tQAq0o6nxONxZ0nQO8X8WQ.jpg?jwt=ZXlKaGJHY2lPaUpJVXpJMU5pSjkuZXlKdmNIUnpJanBiSW1SZk5Ea3dlRGN3TUhFNE1DSmRMQ0p3SWpvaUwzWXhMM1Z5YjJsaGNteGxjSGxxYTJ4bFltZGtkbWhySW4wLlctc2FNeU1NLWZidmthQVpYZDNPNkROeDNqSDVjVFpLR09fclIxX3FQYW8=,
완벽한 타인,,2018,코미디 / 드라마,,,오랜만의 커플 모임에서 한 명이 게임을 제안한다. 바로 각자의 핸드폰을 테이블 위에 올려두고 통화 내용부터 문자와 이메일까지 모두 공유하자고 한 것. 흔쾌히 게임을 시작하게 된 이들의 비밀이 핸드폰을 통해 들통나면서 처음 게임을 제안했던 것과는 전혀 다른 상상치 못한 결말로 흘러가는데…. 상상한 모든 예측이 빗나간다.,,,,이재규,유해진 / 조진웅 / 이서진 / 염정아 / 김지수,4.0,사람참불편하게만드는영화네요,2025-06-20,https://an2-img.amz.wtchn.net/image/v2/dTaTUIdXFRn_IfWjrn65Ug.jpg?jwt=ZXlKaGJHY2lPaUpJVXpJMU5pSjkuZXlKdmNIUnpJanBiSW1SZk5Ea3dlRGN3TUhFNE1DSmRMQ0p3SWpvaUwzWXhMMmxsYVhob09YWjNjREp2Y0hGNWRuTjNiV3QySW4wLlQwcC1oSmpYMDZ3WF90NXRueXdiR2hfOF9xX2x6WTY3bGNBWnB0Y3VYRWc=,
그래비티,,2013,액션 / 드라마 / SF / 스릴러,,,허블 우주망원경을 수리하기 위해 우주를 탐사하던 라이언 스톤 박사는 폭파된 인공위성의 잔해와 부딪히면서 소리도 산소도 없는 우주 한 가운데에 홀로 남겨지는데…,,,,알폰소 쿠아론,산드라 블록,3.5,중력의 감사함을 깨닫게해주는 영화,2025-06-20,https://an2-img.amz.wtchn.net/image/v2/mnK-4IC0ADNGlFkSxFTmeQ.jpg?jwt=ZXlKaGJHY2lPaUpJVXpJMU5pSjkuZXlKdmNIUnpJanBiSW1SZk5Ea3dlRGN3TUhFNE1DSmRMQ0p3SWpvaUwzWXlMM04wYjNKbEwybHRZV2RsTHpFMk16RTJNRGN5TURBMk5UYzBOREExTURjaWZRLnpVYzhiSXhVTEtYQUltNHozRXhRSDNKVFp4NFZES29Ya2Y1eDlQYXFKZU0=,
프레스티지,,2006,드라마 / 미스터리 / SF / 스릴러,,,"로버트 앤지어(휴 잭맨)는 상류층 집안에서 자란 쇼맨십이 강한 마술사. 반면 고아로 사람들과 잘 어울리지 못하는 알프레드 보든(크리스찬 베일)은 아이디어를 남들에게 보여 줄 배짱은 없지만 누구보다도 뛰어난 재능을 가진 천재이다. 두 사람은 서로를 아끼는 친구이자 선의의 경쟁자. 그러나 그들이 최고라 자부했던 수중 마술이 실패로 돌아가면서 두 사람은 철천지 원수로 돌변한다. 상대방 마술의 비밀을 캐내려 경쟁을 벌이는 가운데, 로버트는 알프레드의 비밀을 알아내기 위해 자신의 조수이자 사랑하는 여인 올리비아(스칼렛 요한슨)를 알프레드에게 접근하게 만든다.",,,,크리스토퍼 놀란,크리스찬 베일 / 휴 잭맨,4.0,마술사아저씨들 이렇게까지 하셔야 했나요?,2025-06-20,https://an2-img.amz.wtchn.net/image/v2/Svzh-acuxH36AdibElYvyw.jpg?jwt=ZXlKaGJHY2lPaUpJVXpJMU5pSjkuZXlKdmNIUnpJanBiSW1SZk5Ea3dlRGN3TUhFNE1DSmRMQ0p3SWpvaUwzWXhMM1UyWW5WdWJHVm1lbmwxY3paaGNtdHBNakI0SW4wLkZuQ2x3UmtjZDR2SG5acTBhV0szQ25Pd1VLclJnMnp0SjFvUVRtNGtlQkU=,
향수 - 어느 살인자의 이야기,,2006,범죄 / 드라마 / 스릴러,,,"18세기 프랑스, 악취나는 생선 시장에서 태어나자마자 고아가 된 천재적인 후각의 소유자 장 바티스트 그르누이(벤 위쇼). 난생 처음 파리를 방문한 날, 그르누이는 지금껏 경험하지 못했던 여인의 매혹적인 향기에 끌린다. 그 향기를 소유하고 싶은 강렬한 욕망에 사로잡힌 그는 향수제조사 주세페 발디니(더스틴 호프만)를 만나 향수 제조 방법을 배워나간다. 파리를 떠나 향수의 낙원이라 불리는 프랑스 남동부의  그라스에서 본격적으로 향수를 만드는 기술을 배우는 그르누이. 한편 그라스에서는 아름다운 여인들이 머리카락을 모두 잘린 채 나체의 시신으로 발견되는 의문의 살인 사건들이 연이어 발생하는데...",,,,톰 티크베어,벤 위쇼 / 더스틴 호프만,4.0,주인공 참 더럽다 그래도 보게되는 영화,2025-06-20,https://an2-img.amz.wtchn.net/image/v2/-GVwCwsXvMtkSADUiXkLaw.jpg?jwt=ZXlKaGJHY2lPaUpJVXpJMU5pSjkuZXlKdmNIUnpJanBiSW1SZk5Ea3dlRGN3TUhFNE1DSmRMQ0p3SWpvaUwzWXhMM2RuY1dGNWRYQnhiV3h6Wm5WMlpXVjRkWHAzSW4wLlB0Ny1PNllKcFVBalo2bllUVDJyam5fOU9ORy00Nmg3VUxHYWplbGxhbzQ=,
기생충,,2019,드라마,,,"“폐 끼치고 싶진 않았어요”

전원백수로 살 길 막막하지만 사이는 좋은 기택(송강호) 가족. 장남 기우(최우식)에게 명문대생 친구가 연결시켜 준 고액 과외 자리는 모처럼 싹튼 고정수입의 희망이다. 온 가족의 도움과 기대 속에 박사장(이선균) 집으로 향하는 기우. 글로벌 IT기업 CEO인 박사장의 저택에 도착하자 젊고 아름다운 사모님 연교(조여정)가 기우를 맞이한다. 그러나 이렇게 시작된 두 가족의 만남 뒤로, 걷잡을 수 없는 사건이 기다리고 있었으니…",,,,봉준호,송강호 / 최우식 / 박소담 / 조여정 / 이선균,5.0,계급에 대한에 비유가 설명을 듣지않아도 자연스레 와닿는다 봉준호 작품 중 최고,2025-06-20,https://an2-img.amz.wtchn.net/image/v2/4fXGcnpr8CS5f2l3jE2Z-Q.jpg?jwt=ZXlKaGJHY2lPaUpJVXpJMU5pSjkuZXlKdmNIUnpJanBiSW1SZk5Ea3dlRGN3TUhFNE1DSmRMQ0p3SWpvaUwzWXhMM2gzY1d0aWEyeHRkbkJsZG5sNllXWjFabUp5SW4wLmMwUjdILXByVzhFVGhESDZQckNpc2M0RkhGOW1mdl9MRnE3RGswU1VRcUU=,
인터스텔라,,2014,모험 / 드라마 / SF,,,"세계 각국의 정부와 경제가 완전히 붕괴된 미래가 다가온다. 지난 20세기에 범한 잘못이 전 세계적인 식량 부족을 불러왔고, NASA도 해체되었다. 이때 시공간에 불가사의한 틈이 열리고, 남은 자들에게는 이 곳을 탐험해 인류를 구해야 하는 임무가 지워진다.  사랑하는 가족들을 뒤로 한 채 인류라는 더 큰 가족을 위해, 그들은 이제 희망을 찾아 우주로 간다.  그리고 우린 답을 찾을 것이다. 늘 그랬듯이...",,,,크리스토퍼 놀란,매튜 맥커너히 / 앤 해서웨이 / 제시카 차스테인,4.0,좋지만 언제봐도 머리가 따라가지못하는 구간이 발생..,2025-06-20,https://an2-img.amz.wtchn.net/image/v2/bw4jfVYFEl8JQKAtu6btTA.jpg?jwt=ZXlKaGJHY2lPaUpJVXpJMU5pSjkuZXlKdmNIUnpJanBiSW1SZk5Ea3dlRGN3TUhFNE1DSmRMQ0p3SWpvaUwzWXhMM2x5WVRKM1pqRmtOSFJoYkc5NU5YRXpPWFYzSW4wLmF5Wk5HNmhtejZsVF9UVU83ZXpYV015ak95UDZVdkR5ZlRNTzJKX2NVUG8=,
극한직업,,2018,코미디,,,"불철주야 달리고 구르지만 실적은 바닥, 급기야 해체 위기를 맞는 마약반. 더 이상 물러설 곳이 없는 팀의 맏형 고반장은 국제 범죄조직의 국내 마약 밀반입 정황을 포착하고 장형사, 마형사, 영호, 재훈까지 4명의 팀원들과 함께 잠복 수사에 나선다. 마약반은 24시간 감시를 위해 범죄조직의 아지트 앞 치킨집을 인수해 위장 창업을 하게 되고, 뜻밖의 절대미각을 지닌 마형사의 숨은 재능으로 치킨집은 일약 맛집으로 입소문이 나기 시작한다. 수사는 뒷전, 치킨장사로 눈코 뜰 새 없이 바빠진 마약반에게 어느 날 절호의 기회가 찾아오는데…

범인을 잡을 것인가, 닭을 잡을 것인가!",,,,이병헌,류승룡 / 이하늬 / 진선규 / 이동휘 / 공명,4.0,솔직히 이렇게 웃긴영화 얼마만이냐,2025-06-20,https://an2-img.amz.wtchn.net/image/v2/OivZbOIO9E4s7J0E69K0gg.jpg?jwt=ZXlKaGJHY2lPaUpJVXpJMU5pSjkuZXlKdmNIUnpJanBiSW1SZk5Ea3dlRGN3TUhFNE1DSmRMQ0p3SWpvaUwzWXhMMlJ4WTJwcVlXdDZOemhtYTNScE5ERjVibmN6SW4wLkFmQWNMQkV6dWpwUXEtZmtSMkFVcWJ0aU1CR1NjV1RrWHhpejJCSHR4V3c=,
올드보이,,2003,드라마 / 범죄 / 미스터리 / 스릴러,,,"오대수는 어느 날 술이 거나하게 취해 집에 돌아가는 길에 누군가에게 납치, 사설 감금방에 갇히게 된다. 중국집 군만두만을 먹으며 8평이라는 제한된 공간에서 그가 할 수 있는 일이라곤 텔레비전 보는 게 전부. 1년이 지났을 무렵, 뉴스를 통해 나오는 아내의 살해소식. 게다가 아내의 살인범으로 자신이 지목되고 있음을 알게 된 오대수는 복수와 탈출을 위해 감금방 한쪽 구석을 쇠젓가락으로 파기 시작한다. 감금 15년을 맞이하는 해, 마침내 사람 몸 하나 빠져나갈 만큼의 탈출구가 생겼을 때, 어이없게도 15년 전 납치됐던 바로 그 장소로 풀려나 있는 자신을 발견하게 된다.",,,,박찬욱,최민식 / 유지태 / 강혜정,4.5,박찬욱은 진짜 미친놈이다 최민식이 그정도로 잘못한거냐? 생각할수록 너무하네,2025-06-20,https://an2-img.amz.wtchn.net/image/v2/SIu5PC6XZLimKNLLHITyVA.jpg?jwt=ZXlKaGJHY2lPaUpJVXpJMU5pSjkuZXlKdmNIUnpJanBiSW1SZk5Ea3dlRGN3TUhFNE1DSmRMQ0p3SWpvaUwzWXhMM051ZEhZNVlYWnBlV0YxWnpKMmRuTTNlVE5pSW4wLnpmQkZ4eEJjMTdIQUg3WXRCOWVwbFpUOXhRTGxQOFh2R2hpYnRPMGRpYm8=,
쿵푸 허슬,,2004,액션 / 코미디 / 드라마,,,"천하무적 ‘도끼단’에 맞선 ‘돼지촌’의 숨은 고수들

법보다 도끼(?)가 앞서던 1940년대 중국 상하이. 난세를 틈타 어둠의 세력을 평정한 ‘도끼파’의 잔인함에 신음하고 있던 바로 그때, 너무 가난해서 뺏길 것도 없는 하층민만이 평화롭게 모여사는 ‘돼지촌’에 불의만 보면 잠수타는 소심한 건달 싱(주성치)이 흘러든다. 돼지촌을 폼나게 접수해서 도끼파 보스의 눈에 띄고 싶었던 싱의 협박은 도끼파와 돼지촌 주민 간의 전면대결로 이어지고, 놀랍게도 강호를 떠나 돼지촌에 숨어있던 강호의 고수들이 그 실체를 드러내는데…

불의만 보면 잠수타는 새로운 영웅이 온다!

예상치 못한 쿵푸 고수들의 등장으로 위기에 몰린 도끼파는 떠돌이 형제킬러 ‘심금을 울리는 가락’을 고용하는 한편 싱을 이용, 자신의 적수를 찾지못해 살짝 돌아버린 전설 속의 쿵푸달인 ‘야수’를 빼돌려 돼지촌을 접수할 음모를 꾸민다. 하지만 도끼단이 미처 계산하지 못한 최고의 고수는 바로 그들 내부에 있었음이 밝혀지는데…",,,,주성치,주성치,4.0,주성치 영화엔 감동이 있다,2025-06-20,https://an2-img.amz.wtchn.net/image/v2/vaxhX43Z-KcPLGXJ-tj-nQ.jpg?jwt=ZXlKaGJHY2lPaUpJVXpJMU5pSjkuZXlKdmNIUnpJanBiSW1SZk5Ea3dlRGN3TUhFNE1DSmRMQ0p3SWpvaUwzWXhMMmxuY1hOMk0zSjZlV000T1cxellXWmphbVV5SW4wLlNiRnQtNjhRYUlBMDk5Nk5qN1ZsQUZNMTZrajZDMXJxUkhZeGpQNDRlT2s=,
아메리칸 사이코,,2000,범죄 / 드라마,,,"패트릭 베이트만은 뉴욕 월스트리트 중심가의 금융사 P&P의 CEO이다. 상류계급인 약혼녀 에블린이 있으며, 자신의 친구 약혼녀와 바람을 피우고 있다. 그가 근무하는 곳은 아버지의 회사인 탓에 단지 자리만 채우면 되며 자신이 좋아하는 음악을 들으며 소일한다. 하루 일과는 헬스로 몸매를 만들고, 미용실에서 몇 단계에 걸친 꼼꼼한 스킨케어와 머리를 다듬으며, 값비싼 브랜드의 의상과 향수, 그리고 악세사리로 치장하는 일 등이다. 또한 아무나 예약할 수 없는 최고급 레스트랑에서의 저녁식사, 발렌티노 정장과 아르마니 넥타이, 올리버 피플스 안경테와 같은 브랜드 네임으로 상대의 가치를 매긴다.  그러나 그는 자신이 예약에 실패한 최상류층 레스토랑의 단골 고객인 친구 폴에게 적대감을 느낀다. 더군다나 자기 것보다 훨씬 고급스럽고 세련된 명함을 가진 폴을 자신의 아파트로 불러들인다. 그리고 '휴이 루이스 앤 더 뉴스'의 팝송을 들으며 그를 도끼로 난자한다. 시체는 패트릭의 옷장에 걸려진다. 패트릭이 수집한 아르마니 셔츠들과 함께. 행방불명된 폴의 행방을 찾기 위해 형사가 찾아온다.  그러나 패트릭은 형사의 수사망을 교묘히 빠져나가고 또 다른 희생자가 나타난다. 거리에서 만난 매춘부, 콜 걸, 파티장에서 만난 모델, 심지어 옛 애인까지. 그는 격렬한 정사 후 전기톱으로 난자를 하거나, 갖가지 도구를 이용해 살인을 한다. 물론 지나가던 행인을 아무 이유없이 죽이는 일도 서슴지 않는다. 그의 심리는 점점 더 분열되고, 그의 살인은 점점 더 무차별적, 비현실적으로 잔인해진다.",,,,메리 해론,크리스찬 베일 / 윌렘 데포 / 자레드 레토 / 조쉬 루카스 / 사만다 마티스,3.5,"스릴러인줄 알았는데 블랙코미디, 빵빵 터짐",2025-06-20,https://an2-img.amz.wtchn.net/image/v2/EeY2MY8a_-YYV4oAjyYu_Q.jpg?jwt=ZXlKaGJHY2lPaUpJVXpJMU5pSjkuZXlKdmNIUnpJanBiSW1SZk5Ea3dlRGN3TUhFNE1DSmRMQ0p3SWpvaUwzWXhMMlJsY0hObE4ySnZibUptZEhCeGMyWTJiR3gwSW4wLjh2d2IyMkdDejhXR0ZObFozRC0xQnZKQTE1T3llckpYREFYLXZZcUtDWkU=,
범죄와의 전쟁 : 나쁜놈들 전성시대,,2012,액션 / 범죄 / 드라마,,,"1982년 부산. 해고될 위기에 처한 비리 세관원 최익현(최민식)은 순찰 중 적발한 히로뽕을 일본으로 밀수출, 마지막으로 한 탕 하기 위해 부산 최대 조직의 젊은 보스 최형배(하정우)와 손을 잡는다. 익현은 탁월한 임기응변과 특유의 친화력으로 형배의 신뢰를 얻는데 성공한다. '주먹 넘버원' 형배와 '로비의 신' 익현은 함께 힘을 합쳐 부산을 접수하기 시작하고, 두 남자 앞에 나쁜 놈들의 전성시대가 펼쳐진다. 하지만 1990년 범죄와의 전쟁이 선포되자 조직의 의리는 금이 가고 넘버원이 되고 싶은 나쁜 놈들 사이의 배신이 시작된다. 살아남기 위해 벌이는 치열한 한판 승부, 최후에 웃는 자는 과연 누가 될 것인가?",,,,윤종빈,최민식 / 하정우,4.5,어쩌다보니 매년보게되는영화,2025-06-20,https://an2-img.amz.wtchn.net/image/v2/p_MAlWnKKiKxqZ5CBtUWLg.jpg?jwt=ZXlKaGJHY2lPaUpJVXpJMU5pSjkuZXlKdmNIUnpJanBiSW1SZk5Ea3dlRGN3TUhFNE1DSmRMQ0p3SWpvaUwzWXhMMjk1WW1nMmQyUTFjMjlyWTNSMGQyTmhlWGQwSW4wLi0wQm1TczFCa1hSYUZ2cmhYODBMVnFTc1psSHlWNjBYb1NKOFlnalhtcUk=,
바람,,2009,드라마 / 액션,,,"엄한 가정에서 자랐지만 형과 누나와는 다르게 간지나는 학창시절을 보내고 싶었던 짱구는 집안에서 유일하게 명문고에 진학하지 못해 골치덩이가 된다. 광춘상고는 교사들의 폭력과 학생들간 세력 다툼으로 부산일대에서 알아주는 악명 높은 학교. 광춘의 조회시간은 학교의 명성을 증명이라도 하듯 쓸만한 후배 물색으로 시작된다. 짱구는 입학 첫 날 ‘불법써클’몬스터의 카리스마에 압도 당하고... 학교 안에서 벌어지는 약육강식의 세계를 알아갈 무렵, 학교폭력 가담을 이유로 짱구 일행은 유치장 신세를 지게 된다. 짱구는 가까스로 정학만은 면하지만 다시 돌아온 학교에서 교내 불법 서클 ‘몬스터’의 유혹이 기다리고 있었는데...",,,,이성한,정우,4.0,아들 고등학교 들어가기전에 보여주면 도움이 될까?,2025-06-20,https://an2-img.amz.wtchn.net/image/v2/Acmtoi4ub8em1wioVejbPg.jpg?jwt=ZXlKaGJHY2lPaUpJVXpJMU5pSjkuZXlKdmNIUnpJanBiSW1SZk5Ea3dlRGN3TUhFNE1DSmRMQ0p3SWpvaUwzWXhMM1l6WTNKdE1YTjZibmR2ZEhoeWRqQnNiR3AzSW4wLlV4UDdsX0lyRi1tQkR0UVpVdnk3MlA0NTVKOENBWkJrQWNLZlE4U2NZRnM=,
시계태엽 오렌지,,1971,범죄 / 드라마 / SF / 스릴러,,,"노숙자 폭행, 집단 싸움, 차량 절도, 주택 침입… 10대 소년 ‘알렉스’는 친구들과 어울려 극악한 비행을 저지르고 다닌다. 여느 때와 다름없이 한 저택에 침입해 주인과 싸우고 달아나려던 순간 경찰에 검거된다. 살인죄가 적용되어 14년 형을 살게 된 ‘알렉스’. 좀 더 빨리 감옥을 탈출하고자 ‘루도비코 갱생 프로그램’에 자원한다. 루도비코 실험은 재소자에게 약물과 충격요법으로 각종 범죄에 대한 혐오를 불러일으키는 새로운 교화 방법이다. 과연 알렉스의 범죄 본능이 치료될 수 있을까? 스탠리 큐브릭 감독의 최고의 문제작. ",,,,스탠리 큐브릭,말콤 맥도웰 / 패트릭 매기,4.5,"인간은 교화되지 않는다, 대신 뿌린대로 거둔다",2025-06-20,https://an2-img.amz.wtchn.net/image/v2/VJAAVIDKAPJ4nACJqvvwzw.jpg?jwt=ZXlKaGJHY2lPaUpJVXpJMU5pSjkuZXlKdmNIUnpJanBiSW1SZk5Ea3dlRGN3TUhFNE1DSmRMQ0p3SWpvaUwzWXhMM294Y1cwM01uVjRhSEJtTmpKc2REZHJiSGRqSW4wLjFwdzJZcElRVzlIa0lWMmJPQTE0Mm5BOUZSNS04OThqUWkwM3hLRXZ2R0k=,
미드소마,,2019,드라마 / 공포 / 미스터리 / 스릴러,,,"90년에 한 번, 9일 동안 열리는 미드소마 축제에 초대된 대니와 친구들. 지지 않는 태양 아래, 불길함으로 가득한 호르가 마을에서 선택된 자만이 즐길 수 있는 공포의 축제가 시작된다.",,,,아리 애스터,플로렌스 퓨 / 잭 레이너,3.0,너무 기대치를 높이고 봤나?,2025-06-20,https://an2-img.amz.wtchn.net/image/v2/F0w51OhkV1NdIHBDLD_AmA.jpg?jwt=ZXlKaGJHY2lPaUpJVXpJMU5pSjkuZXlKdmNIUnpJanBiSW1SZk5Ea3dlRGN3TUhFNE1DSmRMQ0p3SWpvaUwzWXhMMkZrWW00NWFtRTBkamhqTlRaamRYRjBNWHBpSW4wLnVmYW9lSHRyRFNXXzFwaGlscmowQUVVUk5HT3hURzhmWC1ydzByemx5VVU=,
그린 나이트,,2021,모험 / 드라마 / 판타지,,,"˝녹색 기사의 목을 잘라 명예를 지켜라˝ 

크리스마스 이브, 아서왕과 원탁의 기사들 앞에 나타난 녹색 기사, ˝가장 용맹한 자, 나의 목을 내리치면 명예와 재물을 주겠다˝고 제안한다. 단, 1년 후 녹색 예배당에 찾아와 똑같이 자신의 도끼날을 받는다는 조건으로. 아서왕의 조카 가웨인이 도전에 응하고 마침내 1년 후, 5가지 고난의 관문을 거치는 여정을 시작하는데…

전설이 될 새로운 모험, 너의 목에 명예를 걸어라!",,,,데이빗 로워리,데브 파텔,4.5,어렵지만 이렇게 어려운거면 좋습니다,2025-06-20,https://an2-img.amz.wtchn.net/image/v2/zOr-pgNP4mo0cdRwmk9atA.jpg?jwt=ZXlKaGJHY2lPaUpJVXpJMU5pSjkuZXlKdmNIUnpJanBiSW1SZk5Ea3dlRGN3TUhFNE1DSmRMQ0p3SWpvaUwzWXlMM04wYjNKbEwybHRZV2RsTHpFMk1qYzJNRGM1T1RRME1UVTVNek00T1RraWZRLjN4c3UzcERHdFdHdU5qb1pwUVFIVUh1ZGtQNWtmdEIzOHBUVW5ZendNbVU=,
리플리,,1999,범죄 / 드라마 / 스릴러,,,호텔보이이자 피아노 연주로 생활하는 톰 리플리(맷 데이먼). 어느날 대학 재킷을 빌려입고 피아노 연주 대역을 하다 선박 부호 그린리프의 제의를 받는다. 이태리에서 빈둥대는 아들 디키 그린리프(주드 로)를 데려오면 천달러를 주겠다는 것. 디키가 좋아하는 재즈도 공부하면서 연구한 톰은 이태리로 가 디키를 만나는데 상류사회의 화려함과 디키의 연인 마지(기네스 팰트로)에게도 호감을 느낀다. 그러나 계약기간은 점차 만료되어 가는데...,,,,앤서니 밍겔라,맷 데이먼 / 기네스 팰트로 / 주드 로,3.5,맷데이먼의 잇몸 미소가 머릿속에서 떠나질않는다,2025-06-20,https://an2-img.amz.wtchn.net/image/v2/7AQrYQyXgcKeZF0-PB3ehw.jpg?jwt=ZXlKaGJHY2lPaUpJVXpJMU5pSjkuZXlKdmNIUnpJanBiSW1SZk5Ea3dlRGN3TUhFNE1DSmRMQ0p3SWpvaUwzWXlMM04wYjNKbEwybHRZV2RsTHpFMk1UTXpOekkxT1RJNE56VXdORGN3TXpVaWZRLkppMUE3UGFkc1pEblc5cE5IVlNHMjloaE9fRHdwSFhpOFlZZWU5Tmp2X2c=,
족구왕,,2013,코미디,,,"이름: 홍만섭, 나이: 24세. 신분: 식품영양학과 복학생. 학점: 2.1, 토익 점수: 받아본 적 없음. 스타일: 여자가 싫어하는 스타일. 여자 친구: 있어본 적 없음. 다시 읽어봐도 답 안 나오는 스펙의 주인공 만섭. 지금 당장 공무원 시험에 뛰어들어도 모자랄 판에 캠퍼스 퀸 안나에게 첫눈에 반하질 않나, 총장과의 대화 시간에 족구장을 만들어달라고 하질 않나 아주 그냥 ‘족구 하는 소리’만 하고 있다. 그런데 의외로 퀸카 안나가 요즘 남자애들 같지 않은 만섭의 천연기념물급 매력에 관심을 보이고, 만섭은 급기야 안나의 ‘썸남’인 ‘전직 국대 축구선수’인 강민을 족구 한판으로 무릎 꿇리기에 이른다. 이 사건으로 만섭은 ‘그저 그런 복학생’에서 순식간에 캠퍼스의 ‘슈퍼 복학생 히어로’가 되고, 취업준비장 같이 지루하던 캠퍼스는 족구 열풍에 휩싸인다. 학생들의 열화와 같은 관심 속에서 드디어 시작된 캠퍼스 족구대회! 누가 봐도 허술해 보이는 외인구단 만섭 팀은 복수심에 불타는 강민이 속한 최강 해병대팀을 이기고 사랑과 족구 모두를 쟁취할 수 있을까? 단 한편의 특급 코미디! 사랑과 족구를 그대에게 바친다!",,,,우문기,안재홍 / 황승언 / 정우식,4.0,족구에 미친게 너무 등신같아서 좋았던 영화,2025-06-20,https://an2-img.amz.wtchn.net/image/v2/rPK2uwCldVujbfgTn4xP2Q.jpg?jwt=ZXlKaGJHY2lPaUpJVXpJMU5pSjkuZXlKdmNIUnpJanBiSW1SZk5Ea3dlRGN3TUhFNE1DSmRMQ0p3SWpvaUwzWXhMM0p5YVRkcGREWXlOV05sTURkemVHVnJhbTV3SW4wLmxxX3NPU1pzVHFEUkloQUI1ZkdrLWtES1JmSWpNYk9CUXlOV0VvQXpIZlE=,
장고: 분노의 추적자,,2012,드라마 / 서부극,,,"1850년대 미국 남부, 현상금 사냥꾼인 닥터 킹 슐츠(크리스토프 발츠)에게 도움을 준 대가로 자유를 얻게 된 흑인 노예 장고(제이미 폭스). 그는 닥터 킹 슐츠와 함께 현상금 사냥꾼 일을 시작한다. 매일 무섭게 사냥 기술을 연마하는 장고의 목표는 오직 하나, 오래 전 다른 곳의 노예로 팔려간 아내를 찾아내 구하는 것이다.

장고는 집요한 추적 끝에 아내가 악덕 농장주 칼뱅 칸디에(레오나르도 디카프리오)의 손에 있다는 정보를 얻게 되고 그의 농장으로 향한다. 그리고 그곳에서 아내의 탈출을 위해 힘겨운 싸움을 시작하게 되는데…",,,,쿠엔틴 타란티노,제이미 폭스 / 크리스토프 발츠 / 레오나르도 디카프리오 / 케리 워싱턴 / 사무엘 L. 잭슨,5.0,"복수의 정석, 묵은 체증이 싹 내려가네",2025-06-20,https://an2-img.amz.wtchn.net/image/v2/x1u1bTk8QmoCvkOl06blfw.jpg?jwt=ZXlKaGJHY2lPaUpJVXpJMU5pSjkuZXlKdmNIUnpJanBiSW1SZk5Ea3dlRGN3TUhFNE1DSmRMQ0p3SWpvaUwzWXhMMmR6Tm1ZMGNEWnhaMlYyYVRaemNtMWphM1p5SW4wLlVHWGkwSkFLdTg0VV9DaXktOF9YdGlxQ3NWNlo3c19MbVJ0RFY1aXpmcWs=,
좋은 친구들,,1990,전기 / 범죄 / 드라마,,,"아일랜드계 이탈리아인 헨리 힐(레이 리오타)와 토미(조 페시)는 13살에 마피아에 입문해 지미(로버트 드 니로)와 함께 트럭이나 공항 화물을 훔치는 일을 한다. 결혼 후에도 마피아 생활을 계속하는 헨리는 이제 조직에서도 안정된 위치와 경제적 여유를 갖는다.  어느 날 헨리와 지미는 공항터미널 사건을 모의해 현금 6백만 달러라는 엄청한 돈을 훔친다. 이 사건을 은폐하기 위해 혈안이 된 지미는 모의에 참여했던 사람들을 죽이고, 토미는 마피아 조직에 가담했다가 살해당한다. 엎친데 덮친격으로 헨리마저 마약거래로 경찰서에 잡혀 들어가는데...",,,,마틴 스콜세지,로버트 드 니로 / 레이 리오타 / 조 페시,5.0,"조페시를 나홀로집에를 통해 첨 접한 사람으로써, 원래 이런거만 찍던 아저씨가 도대체 얼마를 받고 나홀로집에를 찍었을까란 생각이 듦",2025-06-20,https://an2-img.amz.wtchn.net/image/v2/Ez-U3TB0fNR3tw6kSKDJlg.jpg?jwt=ZXlKaGJHY2lPaUpJVXpJMU5pSjkuZXlKdmNIUnpJanBiSW1SZk5Ea3dlRGN3TUhFNE1DSmRMQ0p3SWpvaUwzWXlMM04wYjNKbEwybHRZV2RsTHpFMk9UYzNPRGs0T0RnMk5UQXhOelF5T0RZaWZRLkNKb2VBTm93aFdMZ3E1ZUVwaEQ1SWRSUHlWTlZEWWc5RFJmRE9OYnJnc00=,
괴물,,2023,드라마 / 미스터리,,,"[2024 문화다양성 주간 / 예수정 배우]
우리는 얼마나 자주 주변을, 세상을 원망하며 피해자를 자청하고 있는가. 스스로 괴물이되어버리기도, 누군 가를 괴물로 만들기도 하며 살고 있나?
*추천 대사: 몇몇 사람만 가질 수 있는 건 행복이라 부르지 않아.


“우리 동네에는 괴물이 산다” 

싱글맘 사오리(안도 사쿠라)는 아들 미나토(쿠로카와 소야)의 행동에서 이상 기운을 감지한다. 용기를 내 찾아간 학교에서 상담을 진행한 날 이후 선생님과 학생들의 분위기가 심상치 않게 흐르기 시작하고.
 
“괴물은 누구인가?” 

한편 사오리는 친구들로부터 따돌림을 당하고 있는 미나토의 친구 요리(히이라기 히나타)의 존재를 알게 되고 자신이 아는 아들의 모습과 사람들이 아는 아들의 모습이 다르다는 사실을 어렴풋이 깨닫는데… 태풍이 몰아치던 어느 날, 아무도 몰랐던 진실이 드러난다.",,,,고레에다 히로카즈,안도 사쿠라 / 나가야마 에이타 / 쿠로카와 소야 / 히이라기 히나타,5.0,결말은 무슨 뜻일까 그냥 저 꼬맹이들이 행복했음 좋겠다,2025-06-20,https://an2-img.amz.wtchn.net/image/v2/xIp2poC-gYfcts61WR-8RA.jpg?jwt=ZXlKaGJHY2lPaUpJVXpJMU5pSjkuZXlKdmNIUnpJanBiSW1SZk5Ea3dlRGN3TUhFNE1DSmRMQ0p3SWpvaUwzWXlMM04wYjNKbEwybHRZV2RsTHpjME5qazVNakF3TnpreU9EQXhOQ0o5LjRXUEFWRVhOM0hXRmNLRUJBTTZTSmJ4MFk3Yk92dU52YkpkakVDclV3M2c=,
미드 90,,2018,코미디 / 드라마,,,"누군가의 인생을 바꿀
우리 모두의 끝내주는 VHS TAPE

1990년대, LA. 스티비의 여름은 처음으로 뜨겁고 자유롭다. 그에게는 넘어져도 좋은 스케이트보드, 그리고 함께 일어서는 나쁜 친구들이 있다.",,,,조나 힐,서니 설직,5.0,"미쳤다 조나힐, 쫌만 젊었어도 스케이트 바로 사러갔다",2025-06-20,https://an2-img.amz.wtchn.net/image/v2/GHsCcHbdkh-sz9L0TXgjvw.jpg?jwt=ZXlKaGJHY2lPaUpJVXpJMU5pSjkuZXlKdmNIUnpJanBiSW1SZk5Ea3dlRGN3TUhFNE1DSmRMQ0p3SWpvaUwzWXhMM05qWlhkcFpXbHFaekowTm1rNGVXeDJjVEZ3SW4wLkh2dEtDMEFHaWxpZzM1QnVhbDQtQXdNYTgySkUtUlpEaTBwNTlUZUVKY3c=,
서브스턴스,,2024,공포 / 드라마,,,"더 나은 당신을 꿈꿔본 적 있는가?

한때 아카데미상을 수상하고 명예의 거리까지 입성한 대스타였지만, 지금은 TV 에어로빅 쇼 진행자로 전락한 엘리자베스(데미 무어). 50살이 되던 날, 프로듀서 하비(데니스 퀘이드)에게서 “어리고 섹시하지 않다”는 이유로 해고를 당한다. 돌아가던 길에 차 사고로 병원에 실려간 엘리자베스는 매력적인 남성 간호사로부터 ‘서브스턴스’라는 약물을 권유 받는다. 한 번의 주사로 “젊고 아름답고 완벽한” 수(마가렛 퀄리)가 탄생하는데... 단 한 가지 규칙, 당신에게 주어진 시간을 지킬 것. 각각 7일간의 완벽한 밸런스를 유지한다면 무엇이 잘못되겠는가?

‘기억하라, 당신은 하나다!’",,,,코랄리 파르자,데미 무어 / 마가렛 퀄리 / 데니스 퀘이드,3.0,와이프 태교 중인데 못보게 하길 잘했다,2025-06-20,https://an2-img.amz.wtchn.net/image/v2/yny-1MnJXG4kXi_cZg0qxA.jpg?jwt=ZXlKaGJHY2lPaUpJVXpJMU5pSjkuZXlKdmNIUnpJanBiSW1SZk5Ea3dlRGN3TUhFNE1DSmRMQ0p3SWpvaUwzWXlMM04wYjNKbEwybHRZV2RsTHpFeU56Z3hNekUxT1RRM05qWXhOelVpZlEuYlpYeElKUFFmSEVYcEM4ajQ1Yzc3ckw2THFIN3dHWXlmUVpXR3RMN2hqcw==,
라쇼몽,,1950,시대극 / 드라마 / 미스터리,,,"전란이 난무하는 헤이안 시대, 억수같은 폭우가 쏟아지는 나생문의 처마 밑에서 나무꾼과 스님이 심각한 표정으로 생각에 잠겨 있다. 잠시 비를 피하러 그곳에 들른 한 남자가 그들의 사정을 궁금해 한다. 나무꾼과 스님은 남자를 상대로 최근에 그 마을에 있었던 기묘한 사건을 들려준다.",,,,구로사와 아키라,미후네 토시로 / 쿄 마치코 / 모리 마사유키,4.0,"인간에 대한 실망과 믿음, 실망이 잦으니 작은 선함에서도 희망을 찾는다",2025-06-19,https://an2-img.amz.wtchn.net/image/v2/vV-GgMvAqS6cn4TLVxrzTQ.jpg?jwt=ZXlKaGJHY2lPaUpJVXpJMU5pSjkuZXlKdmNIUnpJanBiSW1SZk5Ea3dlRGN3TUhFNE1DSmRMQ0p3SWpvaUwzWXlMM04wYjNKbEwybHRZV2RsTHpFMk1USTVOekkwT1RNMk16RXhOemt3TnpVaWZRLkMwV250QjJlb0NnQXktdzdUTGxkbTk2elp0RTVLLXdBa2hJYTU1elF4T2M=,
배틀로얄,,2000,액션 / 전쟁 / 스릴러,,,"가까운 미래의 일본. 실업자 1천만명, 등교 거부 학생 80만명, 교내 폭력으로 순직한 교사 1200명. 실업자가 양산되고, 학생들은 학교를 파괴한다. 자신감을 잃은 어른들은 아이들을 두려워해 강력한 법률 하나를 제정한다. 이름하여 '신세기 교육 개혁법 배틀로얄'. BR법이라고도 하는 이 법률은 전국의 중학교 3학년 학급 중 무작위로 한 학급을 선발, 3일간 무인도에서 친구들끼리 실제로 서로를 죽이는 서바이벌 게임을 벌여 최후의 생존자만이 살아 돌아갈 수 있는 끔찍한 법률이다. 이번 배틀로얄의 대상으로 선정된 3학년 B반의 42명 학생들은 수학여행을 떠나는 길에 무인도로 납치되고, 어리둥절한 학생들 앞에 예전의 담임 선생이었던 기타노 선생이 등장하여 BR법과 전투 규칙에 대해 설명하는데...",,,,후카사쿠 킨지,후지와라 타츠야 / 마에다 아키 / 기타노 다케시,2.5,도랐나 니들 다 고백하러왔냐?,2025-06-18,https://an2-img.amz.wtchn.net/image/v2/cwV8KOnQ4YunUbjvFdygYQ.jpg?jwt=ZXlKaGJHY2lPaUpJVXpJMU5pSjkuZXlKdmNIUnpJanBiSW1SZk5Ea3dlRGN3TUhFNE1DSmRMQ0p3SWpvaUwzWXhMMnhoZW1ObmEzZG1hRGRtWkcxNWNuTnVhR0ZoSW4wLjNPNmZ2YmVDWVdDbXFmZUNGanZyTFBkcVJ5azhlaVIxeHlYeVBQZFotdTA=,
걸어도 걸어도,,2008,가족 / 드라마,,,"‘료타’와 가족들은 십여 년 전 바다에 빠진 소년을 구하려다 세상을 떠난 장남 ‘준페이’의 제사를 위해 매 여름 고향 집에 모인다

‘준페이’가 목숨을 구해준 ‘요시오’ 역시 기일마다 그들의 집을 찾아오고 그런 ‘요시오’를 놓아주자는 ‘료타’의 말과 함께 가족들은 묻어뒀던 속마음을 꺼내 놓는다.",,,,고레에다 히로카즈,키키 키린 / 아베 히로시 / 나츠카와 유이 / 하라다 요시오,2.5,"가족이란 참 아이러니하다, 따뜻한 영화처럼 보이지만 딱히 따뜻하지않은 영화",2025-06-16,https://an2-img.amz.wtchn.net/image/v2/2r5h6ifxf-yoNGEtVfeccw.jpg?jwt=ZXlKaGJHY2lPaUpJVXpJMU5pSjkuZXlKdmNIUnpJanBiSW1SZk5Ea3dlRGN3TUhFNE1DSmRMQ0p3SWpvaUwzWXlMM04wYjNKbEwybHRZV2RsTHpjeU9ESXlPVFkyT1Rjek9EY2lmUS5pdTJscl9zZll0dDJSSEszZHRLaXc4Ym1ndGN3bVNsbjlmMl84bUpYaTBF,
주,,2022,공포,,,"6년 전 종교적 금기를 깨고서 저주받은 여인. 이제, 자신의 행동이 초래한 결과로부터 딸을 지켜내야만 한다.",,,,케빈 코,채환안 / 고영헌 / 임경륜 / 원칭위,4.0,관객 참여형 공포,2025-06-11,https://an2-img.amz.wtchn.net/image/v2/_JrWly1scGwNbr6HrsEfwg.jpg?jwt=ZXlKaGJHY2lPaUpJVXpJMU5pSjkuZXlKdmNIUnpJanBiSW1SZk5Ea3dlRGN3TUhFNE1DSmRMQ0p3SWpvaUwzWXlMM04wYjNKbEwybHRZV2RsTHpFMk5qQXlPVFkxTURFMk5UY3hPVFU1TmpFaWZRLnMwNjFPZWVsYlhheGtTcXBOR2xuWW9MWFFoMnd6SUR6QXY3NzVlTllCblU=,
시빌 워: 분열의 시대,,2023,액션 / 전쟁 / 드라마,,,"세상이 둘로 갈라졌다.
당신은 어느 편인가?

극단적 분열로 역사상 최악의 내전이 벌어진 미국. 연방 정부의 무차별 폭격과 서로를 향한 총탄이 빗발치는 상황 속에서 기자 ‘리(커스틴 던스트)’와 ‘조엘(와그너 모라)’, ‘새미(스티븐 핸더슨)’, 그리고 ‘제시(케일리 스페니)’는 대통령을 인터뷰하기 위해 워싱턴으로 향한다. 내 편이 아니라면 바로 적이 되는 숨 막히는 현실, 이들은 전쟁의 순간을 누구보다 생생하게 마주하게 된다.

이것은 영화가 아니다.
진짜 공포다!",,,,알렉스 갈랜드,커스틴 던스트 / 와그너 모라 / 케일리 스패니 / 스티븐 맥킨리 헨더슨,2.5,기자의 사명감보다 사진에 미친걸로 보임,2025-06-09,https://an2-img.amz.wtchn.net/image/v2/fNMYecN6aeICbCIs2JjUHw.jpg?jwt=ZXlKaGJHY2lPaUpJVXpJMU5pSjkuZXlKdmNIUnpJanBiSW1SZk5Ea3dlRGN3TUhFNE1DSmRMQ0p3SWpvaUwzWXlMM04wYjNKbEwybHRZV2RsTHpFek56QXlOak0xTWpRMk5ETXpOamtpZlEucFh3d3RIWjFzN0FOQ3h4TjdPaG1lVlVmOTE2TEN2cVdxN0F3NkMzaThnVQ==,
원더풀 라이프,,1998,판타지 / 드라마,,,죽은 사람이라면 누구나 1주일간 머물러야 하는 저승과의 경계 지역 림보. 이곳의 면접관들은 매주 월요일마다 찾아오는 죽은 사람들에게 살아온 생애 중 가장 행복했던 한순간을 선택하라고 말한다.  면접관들은 그들이 선택한 기억을 영상에 담아 1주일 뒤 영원한 시간 속으로 사라질 때 마음속에 간직하고 떠날 수 있도록 도와준다. 만일 하나의 추억을 선택하지 못한 자는 계속해서 림보에 머물 수밖에 없다.  면접관들 중 첫사랑의 연인을 이승에 남겨두고 1945년 필리핀 해전에서 전사한 모치즈키도 그런 경우. 한편 후배 면접관 시오리는 그를 사랑하는데...,,,,고레에다 히로카즈,이우라 아라타 / 오다 에리카 / 테라지마 스스무,3.5,"영화가 끝나고 내게도 기회가 온다면 어떤 기억을 고를까라는 생각을 하게되는데, 그러면 앞으로 남은 인생을 어떻게 살아가야할까 라는 질문으로 바뀐다",2025-06-09,https://an2-img.amz.wtchn.net/image/v2/-yw3swK3lNCRR4HILwzF7Q.jpg?jwt=ZXlKaGJHY2lPaUpJVXpJMU5pSjkuZXlKdmNIUnpJanBiSW1SZk5Ea3dlRGN3TUhFNE1DSmRMQ0p3SWpvaUwzWXhMMmw2WlhSbmRIaHlPSFEzZW1ka2JIcDFkRFZtSW4wLnFvakxvdGcwOTNzOHhXQkRYQmc4YXB6RGpIaHRuRVd5MEhYX016RDJHLXM=,
7인의 사무라이,,1954,시대극 / 액션,,,"주민들은 황폐한 땅에서 어렵게 수확한 식량으로 한해 한해를 넘기는 빈촌에 살고 있다. 이 빈촌엔 보리 수확이 끝날 무렵이면 어김없이 산적들이 찾아와 모든 식량을 모조리 약탈해 간다. 싸워도 애원해도 소용이 없었다. 가만히 있을 수만은 없던 촌장의 결단으로 사무라이들을 모집하는데, 이들은 풍부한 전쟁 경험을 가진 감병위(勘兵衛)를 포함한 7명이었다. 감병위의 지휘하에 마을은 방위태세를 갖추고 전투훈련도 시작한다. 이윽고 산적들의 공격이 시작되어 치열한 사투가 벌어지고 산적들은 전멸한다. 하지만 마을사람들 다수와 7명 중 4명의 사무라이도 목숨을 잃는다. 마을엔 평화가 찾아오고 주민들은 벼농사에 여념이 없는데...",,,,구로사와 아키라,미후네 토시로 / 시무라 다케시,5.0,"70년전에 만들어진 영화를 내가 보고 있다니
정말 정직하게 재밌는 영화, CG따위 필요한가?",2025-06-05,https://an2-img.amz.wtchn.net/image/v2/Cf9YZ8wiDTjxcT9n_GjCSg.jpg?jwt=ZXlKaGJHY2lPaUpJVXpJMU5pSjkuZXlKdmNIUnpJanBiSW1SZk5Ea3dlRGN3TUhFNE1DSmRMQ0p3SWpvaUwzWXlMM04wYjNKbEwybHRZV2RsTHpFMk5EZ3pNVEF6TnpZek56RTFOVFl4TlRjaWZRLjRRSmN5NTlIcGwwbFZPUV9yUU8tUWhSSzRrbW56Y0ZRazhhbVpJUmI0XzA=,
캐리비안의 해적 - 망자의 함,,2006,스릴러 / 모험 / 판타지 / 액션,,,"블랙펄의 저주는 사라졌지만, 대신 그보다 더 끔찍한 재앙이 잭과 그의 선원들을 기다리고 있다. 사실, 잭은 바다의 지배자이자 유령선 ‘플라잉 더치맨’ 호의 선장인 데비 존스(빌 나이 분)에게 생명의 빚을 지고있는 몸. 잭이 특유의 약삭빠른 수법으로 이 계약에서 벗어날 묘수를 찾지 않는한, 그는 꼼짝없이 존스의 노예가 되어 ‘플라잉 더치맨’호에서 백년간 복역해야할 운명이다. 이런 상황때문에 엘리자베스와 윌의 결혼식은 무산되고, 두 사람은 잭의 위험천만한 모험담에 또 다시 엮이게 된다. 이들의 앞엔 무서운 바다 괴물과 섬의 식인종 원주민들, 점쟁이 티아 달마(나오미 해리스 분), 오래 전에 헤어진 윌의 아버지 부스트랩 빌 (스텔란 스카스가드 분) 등이 기다리고 있다.",,,,고어 버빈스키,조니 뎁 / 키이라 나이틀리 / 올랜도 블룸 / 빌 나이,4.0,근본,2025-06-04,https://an2-img.amz.wtchn.net/image/v2/itYLrD9gyDf8IZstCvKkXA.jpg?jwt=ZXlKaGJHY2lPaUpJVXpJMU5pSjkuZXlKdmNIUnpJanBiSW1SZk5Ea3dlRGN3TUhFNE1DSmRMQ0p3SWpvaUwzWXhMMmQwZUc0MWRuQjFiek5yWW5aM09ISmlOWE5pSW4wLi1vU0lqV21uRy1XcXcwWG5Eczc2RGxRVWQzWWhrQWh3RG9acU5OdFEta28=,
손님,,2015,판타지 / 공포,,,"1950년대의 어느 날, 떠돌이 악사 우룡(류승룡)과 영남(구승현) 부자는 서울로 가던 길에 우연히 지도에도 나오지 않는 산골 마을에 들어선다. 시끄러운 바깥세상과 달리 촌장(이성민)의 강력한 지도 아래 모든 게 평화롭고 풍족한 마을이지만 단 하나, 시도 때도 없이 출몰하는 쥐떼들이 골칫거리다. 마을의 골칫거리인 쥐떼를 쫓아주면 목숨보다 소중한 아들, 영남이의 폐병을 고칠 목돈을 준다는 약속을 믿고 우룡은 피리를 불어 쥐떼를 쫓아낸다. 하지만 그 날 이후, 마을의 비밀이 하나씩 드러나기 시작하면서 우룡과 마을 사람들은 설명할 수 없는 이상한 사건에 휘말리게 되는데...",,,,김광태,류승룡 / 이성민 / 천우희 / 이준,1.0,"참나 이것도 돈주고 봤네
정보의 비대칭 시절이다 억울하다",2025-06-04,https://an2-img.amz.wtchn.net/image/v2/dA0mo57HN8t9zSTHkkBhQQ.jpg?jwt=ZXlKaGJHY2lPaUpJVXpJMU5pSjkuZXlKdmNIUnpJanBiSW1SZk5Ea3dlRGN3TUhFNE1DSmRMQ0p3SWpvaUwzWXhMM0JpWTNJMGFYUnZkV1ppTUdFMGJtOWtZMkZvSW4wLm04WGRKcXJXNzRCcU53RVNUNS1SS1RHX1daMGdNY3k1dEdpMDZmR3BaYzg=,
크루엘라,,2021,모험 / 코미디 / 범죄 / 드라마,,,"처음부터 난 알았어. 내가 특별하단 걸. 그게 불편한 인간들도 있겠지만 모두의 비위를 맞출 수는 없잖아? 그러다 보니 결국, 학교를 계속 다닐 수가 없었지.

우여곡절 런던에 오게 된 나, 에스텔라는 재스퍼와 호레이스를 운명처럼 만났고 나의 뛰어난 패션 감각을 이용해 완벽한 변장과 빠른 손놀림으로 런던 거리를 싹쓸이 했어. 도둑질이 지겹게 느껴질 때쯤, 꿈에 그리던 리버티 백화점에 낙하산(?)으로 들어가게 됐어. 거리를 떠돌았지만 패션을 향한 나의 열정만큼은 언제나 진심이었거든. 

근데 이게 뭐야, 옷에는 손도 못 대보고 하루 종일 바닥 청소라니. 인내심에 한계를 느끼고 있을 때, 런던 패션계를 꽉 쥐고 있는 남작 부인이 나타났어. 천재는 천재를 알아보는 법! 난 남작 부인의 브랜드 디자이너로 들어가게 되었지. 꿈을 이룰 것 같았던 순간도 잠시, 세상에 남작 부인이 ‘그런 사람’이었을 줄이야…

그래서 난 내가 누군지 보여주기로 했어
잘가, 에스텔라 

난 이제 크루엘라야!",,,,크레이그 질레스피,엠마 스톤 / 엠마 톰슨,2.5,되돌아볼수록 오그라듬 어떻게봤지?,2025-06-04,https://an2-img.amz.wtchn.net/image/v2/zLrqRmbDjDtpJTlHF2i4LQ.jpg?jwt=ZXlKaGJHY2lPaUpJVXpJMU5pSjkuZXlKdmNIUnpJanBiSW1SZk5Ea3dlRGN3TUhFNE1DSmRMQ0p3SWpvaUwzWXlMM04wYjNKbEwybHRZV2RsTHpFMk1qRXlNamt6TVRFNU5EY3hOakE1TWpFaWZRLjBoVWxTbS01V0dwd3NRQWxNMDl4TjdERUU2b2dPMjZGSHppZHdocm1XeHc=,
엑스맨  2,,2003,액션 / 모험 / SF / 스릴러,,,"인간과의 관계가 더욱 더 나빠진 돌연변이들이 마침내 가공할만한 초능력의 힘으로 엄청난 공격을 하게 된다. 이 시기, 스트라이커 장군이 이끄는 안티 돌연변이 활동의 규모가 더욱 커지게 되고 이들은 사비에 박사의 저택을 공격한다. 이제 엑스맨은 사비에 박사는 물론, 돌연변이의 생존을 지켜야 하는 막중한 임무를 띄고 마침내 인간과의 전면전이 시작되는데…",,,,브라이언 싱어,휴 잭맨 / 패트릭 스튜어트 / 할리 베리 / 이안 맥켈런 / 팜케 얀센,2.0,이때까지도 유치함,2025-06-04,https://an2-img.amz.wtchn.net/image/v2/9q5WnWT39WrvNR9dx9ZVXQ.jpg?jwt=ZXlKaGJHY2lPaUpJVXpJMU5pSjkuZXlKdmNIUnpJanBiSW1SZk5Ea3dlRGN3TUhFNE1DSmRMQ0p3SWpvaUwzWXhMMmhsY1hkMFoySjNObXAxYm5ocGNubHJaV3hrSW4wLkFIdG1ld2FqM05ZSGdwSm9wTE9fTjRFS041clBTZU10a3dUbl9FS3ZaUjA=,
엑스맨 탄생: 울버린,,2009,액션 / 모험 / SF / 스릴러,,,"그들의 거대한 서막이 시작된다!
어린 시절 눈앞에서 아버지를 잃은 상처, 그리고 사랑하는 연인까지 지켜내지 못했던 과거의 기억은 울버린(휴 잭맨 분)을 더욱 강하게 만든다. 울버린을 포함해 스트라이커 대령의 지휘하에 전세계에서 선발된 강력한 돌연변이들이 스페셜 팀을 구성하고, 울버린은 인간이 참아낼 수 있는 고통의 한계치를 넘는 지옥 같은 프로젝트를 통해 ‘웨폰 X’로 다시 태어난다. 이제 울버린은 복수를 위해 스페셜 팀을 탈퇴하지만, 에이전트 제로(다니엘 헤니 분)가 울버린을 추격하는데…",,,,개빈 후드,휴 잭맨,2.5,아 너무 밀어줌,2025-06-04,https://an2-img.amz.wtchn.net/image/v2/uiUoX1tug6gUA08YO2EiTQ.jpg?jwt=ZXlKaGJHY2lPaUpJVXpJMU5pSjkuZXlKdmNIUnpJanBiSW1SZk5Ea3dlRGN3TUhFNE1DSmRMQ0p3SWpvaUwzWXhMMnQzT1hOeFluVjZkbkpvZEhwemNXMXZiV3RwSW4wLkIzOXBGWUtQeUZtT3JKb0J5R2F5S0hkc2toaHc4UWxUWEgyRWRRcm5zd00=,
엑스맨,,2000,액션 / 모험 / SF,,,"인류의 유전자 기술은 발전을 거듭하게 되고, 그 결과 인간은 진보된 새로운 변종의 돌연변이들을 만들어 인간의 생활을 윤택하게 만들고자 한다. 유전자 변이를 통해 창조되어 인간보다 더욱 진보된 지능과 운동신경 및 감각을 지니게 된 X-MEN들은 인류를 보호하기 위해 보이지 않은 곳에서 노력하고 있지만 정작 X-MEN의 초능력을 두려워 한 인간들은 그들을 경계하며 적대시 한다. 이들 X-MEN들은 텔레파시가 가능하거나 바람을 일으키는 등 강력하고 특수한 능력을 갖고 있는데, 찰스 사비에 박사는 이들의 초능력을 인류를 위한 길에 사용하고자 그들은 훈련시킨다. 그러나 매그니토를 위시하는 사악한 X-MEN 그룹을 인간을 지배하고자 하는 음모를 꾸미게 된다. 이에 찰스 사비에 박사가 이끄는 X-MEN들은 이를 저지하고자 이들과 맞서 싸우게 되는데...",,,,브라이언 싱어,휴 잭맨 / 패트릭 스튜어트 / 이안 맥켈런 / 팜케 얀센 / 제임스 마스던,2.0,아직은 유치할때,2025-06-04,https://an2-img.amz.wtchn.net/image/v2/nIc_9Q1xjNNIt_V5boTQVA.jpg?jwt=ZXlKaGJHY2lPaUpJVXpJMU5pSjkuZXlKdmNIUnpJanBiSW1SZk5Ea3dlRGN3TUhFNE1DSmRMQ0p3SWpvaUwzWXhMM0ozTVhNMGJIRndhMnBzWkdweGFuWjBjV1pwSW4wLk9ZaWZ0dzJUdHRnTDgydUVybmJXVkFJLU5adnRRWEI2MVdLTm1nTDVXYXM=,
길복순,,2023,액션,,,"회사에선 이름난 암살자. 집에선 십 대 딸을 둔 싱글맘. 죽이는 일? 그거야 쉽다. 진짜 어려운 건 애 키우는 일이지. 청부살인업계의 전설적인 킬러 길복순이 회사와 재계약 직전, 죽거나 또는 죽이거나, 피할 수 없는 대결에 휘말리게 되는 이야기",,,,변성현,전도연,2.0,엄마가 킬러이니 집안 꼴이 잘 돌아갈리가있나,2025-06-04,https://an2-img.amz.wtchn.net/image/v2/lZnOM6fJ1R36uYMe69VklQ.jpg?jwt=ZXlKaGJHY2lPaUpJVXpJMU5pSjkuZXlKdmNIUnpJanBiSW1SZk5Ea3dlRGN3TUhFNE1DSmRMQ0p3SWpvaUwzWXlMM04wYjNKbEwybHRZV2RsTHpFMk56YzRNRFUzTVRjM01qa3hNakEyTlRraWZRLlkyTHFRdXBfT3phbVNqT3cxM1ZBWVIzUi0xWV9BZjhuNV9LTDRUUUktQWs=,
폼포코 너구리 대작전,,1994,판타지 / 애니메이션 / 가족,,,"도쿄 근방의 타마 구릉지. 두 무리로 나뉘어 살던 너구리들은 도쿄의 개발 계획인 뉴타운 프로젝트로 인해 그들의 숲이 파괴되자, 이에 대항하기 위해 중지되어 있던 변신술의 부흥과 인간연구 5개년 계획을 추진하기로 합의한다. 또한 시코쿠와 사도 지방에 살고 있는 전설의 장로 등에게도 원군을 청하기로 하고 가위 바위 보 시합을 통해 사자를 보낸다. 너구리들은 외부의 원군이 오기를 기다리며, 변신술 특훈과 변신술을 이용한 게릴라 작전으로 인간들의 개발 계획과 공사를 방해하지만 결국 뉴타운 개발 계획 저지에는 효과가 거의 없다는 것을 깨닫게 된다. 이 때, 그토록 기다리던 전설의 장로 3명이 시코쿠 지방에서 도착하는데...",,,,다카하타 이사오,,4.5,"너구리 뽕알을 활용한 자연보호 메세지, 아주 잘 와닿습니다",2025-06-04,https://an2-img.amz.wtchn.net/image/v2/OLU5SLHsZUhHesBbIpxXwA.jpg?jwt=ZXlKaGJHY2lPaUpJVXpJMU5pSjkuZXlKdmNIUnpJanBiSW1SZk5Ea3dlRGN3TUhFNE1DSmRMQ0p3SWpvaUwzWXhMMk5qY0hkbWVXTTBkRzVtZVhCcFoyUTNjM1JrSW4wLnYwUXlZX1UzNnpjZ0ZueElIWV9YTno3UXNKUE5SdjlaX2hmMFFzNUxHZ00=,
노트북,,2004,로맨스 / 드라마,,,"""영혼을 바쳐 한 사람을 사랑했고, 그것만으로도 성공한 인생입니다""

노아(라이언 고슬링)는 여름 휴가를 맞아 잠시 시골로 내려온 밝고 아름다운 부잣집 아가씨 앨리(레이첼 맥아담스)에게 한 눈에 반한다. 서로에게 빠르게 빠져들어 뜨거운 여름을 보내는 두 사람. 그러나 너무나 다른 가정 환경으로 인해 강렬했던 노아와 앨리의 첫사랑은 이별을 맞는다. 시간이 흐른 후, 여전히 서로를 가슴속에 묻은 채 살던 두 사람은 우연히 재회하게 된다. 그러나 앨리의 곁엔 결혼을 약속한 완벽한 약혼자가 있는데...

<노트북> 개봉 20주년 기념, 기적 같은 세기의 러브스토리가 다시 시작된다!",,,,닉 카사베츠,레이첼 맥아담스 / 라이언 고슬링,2.0,"호들갑떠는 애들 많은데 그정돈가 싶다 ,,",2025-06-04,https://an2-img.amz.wtchn.net/image/v2/0BxndvCVSVDZzxq3aHNwAg.jpg?jwt=ZXlKaGJHY2lPaUpJVXpJMU5pSjkuZXlKdmNIUnpJanBiSW1SZk5Ea3dlRGN3TUhFNE1DSmRMQ0p3SWpvaUwzWXlMM04wYjNKbEwybHRZV2RsTHpFd05EYzBPVGc1TnpBeE5qSXpPQ0o5Lm8yVVdidm5lTXZHQkhmaUl4NjkxZDVNQXY2ZDdRWjNfNEhZd21GOEFMYk0=,
비스티 보이즈,,2008,드라마,,,"대한민국 최고의 럭셔리 신공간 청담동을 주름잡는 호스트. 그들은 화려한 청담동의 유흥업소에서 여성 고객들을 접대하며 자신들의 스타일리쉬한 삶을 유지한다. 여성들에게 초이스되기 위해 체력 관리는 물론 외모와 스타일을 가꾸며 자신에게 투자를 아끼지 않고, BMW를 타고 청담대로를 질주하는 그들의 밤은 낮보다 더욱 역동적이다. 화려한 밤의 세계에 몸 담고 있으면서도 부유했던 과거를 간직한 채 살아가는 청담동 No.1 호스트 승우(윤계상)와 사랑도 꿈도 내일로 미룬 채 오직 지금 이 순간만을 즐기는 호스트 바의 리더 재현(하정우). 그들은 오늘도 쿨하고, 폼나고, 화려한 라이프 스타일을 고수하며 럭셔리의 대명사 청담동을 배회한다. 그러던 중 승우는 순수한 듯, 자신과는 또 다른 면을 지닌 지원(윤진서)에게 끌리게 되고, 승우의 누나 한별(이승민)과 동거하던 재현은 새로운 공사 상대를 만나게 되면서 매일 반복되던 그들의 삶은 조금씩 변화하게 되는데…",,,,윤종빈,윤계상 / 하정우 / 윤진서,3.0,"하정우 왜케 디테일함, 당신뭐여",2025-06-04,https://an2-img.amz.wtchn.net/image/v2/PL_v-G7SfW5tVQh1x7l17Q.jpg?jwt=ZXlKaGJHY2lPaUpJVXpJMU5pSjkuZXlKdmNIUnpJanBiSW1SZk5Ea3dlRGN3TUhFNE1DSmRMQ0p3SWpvaUwzWXhMMlJ5TTJJNFpYcGhNMlZoYUhKcmJXRjJhWFpwSW4wLjRVX21mVzRmUC0zWTF6ckIzUmFhWDFrTEF5TVBkdmFRdnZ4VnltSlBVWkE=,
아비정전,,1990,범죄 / 드라마 / 로맨스,,,"발 없는 새처럼 정착하지 못하고 날아다닐 수 밖에 없는 아비(장국영). 바람기 많은 그는 축구경기장 매표소에서 일하는 수리진(장만옥)을 매일 찾아온다. 수리진은 그를 경계하면서도 자연스럽게 끌리고 만다. 곧 이들은 사랑에 빠지고, 수리진은 아비와 결혼을 생각하지만 아비는 관심 밖의 일이다. 아비는 루루(유가령)를 만나 또다른 사랑을 시작하고, 수리진과 멀어진다. 수리진은 아비의 집에 짐을 찾으러 갔다가 경찰관(유덕화)을 만나고 그에게서 위로를 받는다. 루루와의 사랑도 식어갈 때 쯤, 아비는 양어머니에게서 친어머니가 있는 곳을 알아내고 필리핀으로 가는데...",,,,왕가위,장국영 / 장만옥 / 유가령 / 유덕화,2.0,아빈지 뭔지는 나랑은 맞지 않았다,2025-06-04,https://an2-img.amz.wtchn.net/image/v2/LrYstoCSAnco4MFsxNykbQ.jpg?jwt=ZXlKaGJHY2lPaUpJVXpJMU5pSjkuZXlKdmNIUnpJanBiSW1SZk5Ea3dlRGN3TUhFNE1DSmRMQ0p3SWpvaUwzWXhMMjVsTkdsdlpHMW9ZWE54WW14MWVYSTBaMjEzSW4wLnNqMEFFYTZsaGxnOC1Ed2lXRGlPa00wNENkdlFwTS1SSlRkaFFPXzZKYnM=,
봄 여름 가을 겨울 그리고 봄,,2003,드라마,,,"사계절에 담긴 인생의 사계

봄... 업
만물이 생성하는 봄. 숲에서 잡은 개구리와 뱀, 물고기에게 돌을 매달아 괴롭히는 짓궂은 장난에 빠져 천진한 웃음을 터트리는 아이. 그 모습을 지켜보던 노승은 잠든 아이의 등에 돌을 묶어둔다. 잠에서 깬 아이가 울먹이며 힘들다고 하소연하자, 노승은 잘못을 되돌려놓지 못하면 평생의 업이 될 것이라 이른다.

여름...욕망
아이가 자라 17세 소년이 되었을 때, 산사에 동갑내기 소녀가 요양하러 들어온다. 소년의 마음에 소녀를 향한 뜨거운 사랑이 차오르고, 노승도 그들의 사랑을 감지한다. 소녀가 떠난 후 더욱 깊어가는 사랑의 집착을 떨치지 못한 소년은 산사를 떠나고...

가을... 분노
절을 떠난 후 십여년 만에 배신한 아내를 죽인 살인범이 되어 산사로 도피해 들어온 남자. 단풍만큼이나 붉게 타오르는 분노와 고통을 이기지 못하고 불상 앞에서 자살을 시도하자 그를 모질게 매질하는 노승. 남자는 노승이 바닥에 써준 반야심경을 새기며 마음을 다스리고... 남자를 떠나보낸 고요한 산사에서 노승은 다비식을 치른다.

겨울... 비움(公)
중년의 나이로 폐허가 된 산사로 돌아온 남자. 노승의 사리를 수습해 얼음불상을 만들고, 겨울 산사에서 심신을 수련하며 내면의 평화를 구하는 나날을 보낸다. 절을 찾아온 이름 모를 여인이 어린 아이만을 남겨둔 채 떠나고...

그리고 봄...
노인이 된 남자는 어느새 자라난 동자승과 함께 산사의 평화로운 봄날을 보내고 있다. 동자승은 그 봄의 아이처럼 개구리와 뱀의 입속에 돌맹이를 집어넣는 장난을 치며 해맑은 웃음을 터트리고 있다.",,,,김기덕,오영수 / 김기덕 / 김영민 / 서재경 / 하여진,4.0,"초등학교때 친구가 어머님이랑 보러간다 그래서 셋이 같이 봤던 기억이 난다 매우 당황했음

다커서 보니 더 좋았다 정말 한국적이고 아름답다",2025-06-04,https://an2-img.amz.wtchn.net/image/v2/r2uFZtj2v_wQmLDV8Vp2KQ.jpg?jwt=ZXlKaGJHY2lPaUpJVXpJMU5pSjkuZXlKdmNIUnpJanBiSW1SZk5Ea3dlRGN3TUhFNE1DSmRMQ0p3SWpvaUwzWXhMMjAzZEdoa2VXZDNZV05vTldNMFluSXhhMjV2SW4wLjBDc1pIUlBjYUN5YjRBMVRvRUhTaEExVnNxNXB4Um5EeEhFRVJnSWNRaU0=,
굿타임,,2017,스릴러 / 범죄 / 드라마,,,"지적장애 동생 ‘닉’과 그의 형 ‘코니'. 코니는 그들에게 비참함을 안겨주는 뉴욕을 떠나 새로운 삶을 찾으려 은행 털이를 결심한다. 하지만 현금 2만 달러를 들고 도주하던 형제는 그들의 계획이 엉망이 되었음을 깨닫고, 동생은 홀로 구치소에 수감된다. 코니는 경찰의 수사망을 따돌리고 동생을 구하기 위해, 또 형제를 옥죄는 뉴욕으로부터 탈출하기 위해 촌각을 다투는 사투를 벌이는데…",,,,조쉬 사프디 / 베니 사프디,로버트 패틴슨 / 베니 사프디,4.5,네온빛깔영화,2025-06-04,https://an2-img.amz.wtchn.net/image/v2/yKpXY29jdTl66UJ0WYaCSA.jpg?jwt=ZXlKaGJHY2lPaUpJVXpJMU5pSjkuZXlKdmNIUnpJanBiSW1SZk5Ea3dlRGN3TUhFNE1DSmRMQ0p3SWpvaUwzWXhMMmhqYVhGd1pIbG5OR0p1ZVcxaGREa3liemQxSW4wLkpjV190RHF4UUMxNXVMcWpicFBIcVhjOWdya0NwbHgyWmYwQlJjNkRiSTg=,
언컷 젬스,,2019,범죄 / 드라마 / 스릴러,,,"빚더미에 올라앉으니, 빚쟁이들의 분노가 하늘을 찌른다. 이대로 무너질 수는 없는 뉴욕의 보석상. 입만 살아 떠드는 그가 진정 살길을 모색한다. 한탕에 모든 것을 건다.",,,,베니 사프디 / 조쉬 사프디,아담 샌들러,4.5,아담 샌들러에 대한 편견이 다 깨짐,2025-06-04,https://an2-img.amz.wtchn.net/image/v2/GrWMD38E9jiR2YT49-QzhA.jpg?jwt=ZXlKaGJHY2lPaUpJVXpJMU5pSjkuZXlKdmNIUnpJanBiSW1SZk5Ea3dlRGN3TUhFNE1DSmRMQ0p3SWpvaUwzWXhMMjR6TW05d2NIcGxabmM0WjNsd2JXOTNhM1IzSW4wLm00TGJvUzEyZkVZajFJalM2NEwzam0zdXRXZjZ6MlJYX0ZMczNkOXE3b1E=,
더 킹: 헨리 5세,,2019,전기 / 드라마 / 역사,,,"왕좌를 이어받길 거부한 채 제멋대로 살고 있는 영국 왕자 할은 왕궁 생활을 뒤로 하고 평민들 사이에 섞여 살고 있다. 그러나 독재자였던 아버지의 죽음으로 인해, 할은 헨리 5세로 즉위하게 되고 그토록 도망치고자 했던 삶을 받아들여야만 하는 상황에 놓인다. 어린 나이에 왕이 된 할은 왕궁의 정치, 부왕이 넘기고 떠난 혼돈과 전쟁, 그리고 절친한 친구이자 멘토이지만 술에 찌든 나이든 기사 존 폴스타프와의 관계를 비롯해 왕궁 밖에서의 삶이 가져온 감정적인 짐까지 짊어진 채 자신의 길을 헤쳐나가야 한다.",,,,데이비드 미쇼,티모시 샬라메,3.5,"이제 패틴슨 나오는건 웬만한건 실패 안하는듯,",2025-06-04,https://an2-img.amz.wtchn.net/image/v2/BCPWovS6MXIiIbOmMPN-tg.jpg?jwt=ZXlKaGJHY2lPaUpJVXpJMU5pSjkuZXlKdmNIUnpJanBiSW1SZk5Ea3dlRGN3TUhFNE1DSmRMQ0p3SWpvaUwzWXhMM0J1TTNNd1ptOXNaakpzWTNGbE4zQnhNR3R5SW4wLkl5THVYRlp5S0tNS1V0M1dsZmpuLV9jbUF6eUJoN2lNS0RPLWNka3J6Nlk=,
기예르모 델토로의 피노키오,,2022,애니메이션 / 드라마 / 가족 / 판타지 / 음악 / 뮤지컬,,,"[2026 문화다양성 주간 / 만화가 고사리박사]
무엇이 저와 당신을 가족으로 만들까요. 기예르모 델 토로가 직접 밝힌 바에 따르면, 뮤지컬 영화보다는 ‘음악적 순간이 있는 영화’입니다．몇 번을 봐도 안으로 깊이 파고 듭니다. 가족으로부터 상처받은 사람도, 가족이 되고 싶은 이가 있는 사람도 반드시 경험해야 할 경이로운 완성도의 스톱모션 애니메이션입니다.



오스카 수상 감독 기예르모 델토로의 손에서 고전 동화가 새롭게 재탄생했다. 생명을 얻은 목각 인형의 이야기가 놀라운 스톱모션 뮤지컬로 스크린에 펼쳐진다.",,,,기예르모 델 토로 / 마크 구스타프손,,5.0,이담에 아이한테도 보여줘야지,2025-06-03,https://an2-img.amz.wtchn.net/image/v2/omlFspsI2yfUmsBPVdhrPA.jpg?jwt=ZXlKaGJHY2lPaUpJVXpJMU5pSjkuZXlKdmNIUnpJanBiSW1SZk5Ea3dlRGN3TUhFNE1DSmRMQ0p3SWpvaUwzWXlMM04wYjNKbEwybHRZV2RsTHpFMk5qZzBPRGs0T0RFek16WXdNREEyT1RraWZRLktXRkdQMnRraS1RVS1JRGN3bHlKYUNqcGk0S2o2dDBRTWttWURhZjdzQWc=,
박하사탕,,1999,드라마,,,"스무 살 첫사랑, 그 순수로 떠나는 시간여행
다시 시작하고 싶다! 다시 시작할 수 있다!

1999년 봄, 마흔 살 영호는 ‘가리봉 봉우회’ 야유회에 허름한 행색으로 나타난다. 그곳은 20년 전 첫사랑 순임과 소풍을 왔던 곳. 직업도 가족도 모두 잃고, 삶의 막장에 다다른 영호는 철로 위에서 “나 다시 돌아갈래”라고 절규한다. 영호의 절규는 기차의 기적소리를 뚫고, 시간을 거슬러 올라간다. 사흘 전 봄, 94년 여름, 87년 봄, 84년 가을, 80년 5월 그리고 마지막 79년 가을. 마침내, 영호는 스무 살 첫사랑 순임을 만난다.",,,,이창동,설경구 / 문소리 / 김여진,2.5,"영호의 행복했던 시절은 참 짧은거같다
근데 딱히 잘한것두 없다",2025-06-03,https://an2-img.amz.wtchn.net/image/v2/ZX0KdmHKbvqkhivsPlqFmA.jpg?jwt=ZXlKaGJHY2lPaUpJVXpJMU5pSjkuZXlKdmNIUnpJanBiSW1SZk5Ea3dlRGN3TUhFNE1DSmRMQ0p3SWpvaUwzWXhMM0J2Y0cxNWIzVTRZbXRuTTI1cVpIWXdiVFI0SW4wLndVNXA0TE13a3JZa1BfYzZacXMxaUJvcDMtVkV6VTduZnRja1FycTZrMkk=,
GP506,,2007,공포 / 미스터리,,,"“이 테이프가 발견되었을 때
우린 모두 죽어있어야 한다!”

폭우의 밤. 아무나 들어갈 수도 나올 수도 없는 비무장지대 내 최전방 경계초소(GP)에서 소대원 21명 중 의식불명 상태의 1명을 제외한 20명이 의문의 몰살을 당하는 사건이 발생했다. 사건 진상을 수사하기 위해 군당국은 21명의 수색대를 파견하지만, 폭우로 끊어진 도로는 수색대마저 GP506에 가두고 만다.

수색대 속에는 군 최고의 정예요원으로 평가 받는 노수사관(천호진)이 포함되어 있다. 아내의 장례식장까지 찾아간 군 장성은 몰살당한 시체 속에서 GP장(유중위)을 찾아오라고 명한다. 육사출신인 그가 참모총장의 아들이라는 사실에, 국방부 전체가 긴장한 것. 노수사관에게 주어진 시간은 그날 새벽 06시까지!

하지만, 새로운 사실이 밝혀진다. 시체는 19구, 생존자는 1명! 한 명의 흔적이 없다! 미로 같은 GP를 수색하던 중 발전실에서 의외의 인물, 살아있는 GP장(유중위)을 발견하게 된 것! 그러나 그는 본대 복귀만을 요구하며 의혹의 조짐을 보이기 시작하는데...",,,,공수창,천호진 / 조현재 / 이영훈 / 이로건,0.5,장난하나 좀비물이었잖아,2025-05-31,https://an2-img.amz.wtchn.net/image/v2/z4tVFHh_4P_RnhvucJ5UXg.jpg?jwt=ZXlKaGJHY2lPaUpJVXpJMU5pSjkuZXlKdmNIUnpJanBiSW1SZk5Ea3dlRGN3TUhFNE1DSmRMQ0p3SWpvaUwzWXhMM0V4WlhCbmNEUTBibUpzWW5OcGJXeHlaRzU0SW4wLnA4TDBjU1Z3Qzd6M0xQS1pHaF94TEJYa09mWWlrMGhMM3QwbVg0LV9OQzQ=,
서던 리치: 소멸의 땅,,2018,판타지 / 미스터리 / 공포 / 드라마 / SF / 스릴러 / 액션 / 모험,,,"불가사의한 이유로 사람들의 출입이 금지된 채 방치된 미국 해안지대에 펼쳐져 있는 미스터리한 엑스구역(Area X). 이곳과 관련된 사안을 다루는 비밀 정부 기관 ‘서던 리치(Southern Reach)’는 점점 커져가는 엑스구역의 정체를 파악하기 위해 ‘쉬머(Shimmer)’라 불리는 탐사대를 파견해왔다. 이에 가담했던 남편이 의식을 잃은 채 돌아오자, 전직 군인이자 생물학자인 레나는 남편을 구하기 위해 탐사대에 지원한다. 입구는 하나, 출구는 없다고 불리는 미지의 구역에 발을 디딘 레나와 대원들, 다가갈수록 더 깊이 빠져드는 엑스구역의 비밀에 한 발짝 다가서게 되는데…",,,,알렉스 갈랜드,나탈리 포트만 / 제니퍼 제이슨 리 / 테사 톰슨 / 오스카 아이작,2.0,"곰돌이: 헤…옾,,헤…옾",2025-05-31,https://an2-img.amz.wtchn.net/image/v2/vN2EqH5PQ4kIpLs1xGL_ug.jpg?jwt=ZXlKaGJHY2lPaUpJVXpJMU5pSjkuZXlKdmNIUnpJanBiSW1SZk5Ea3dlRGN3TUhFNE1DSmRMQ0p3SWpvaUwzWXhMM056TXpkaE5XZGliMmg2WW1odlpIZzBkMnhrSW4wLm9WeUxhU3VrNDdOSkVrYzUxYkhvUzAxa0RKUTY2NU1Gd3lONGx6TGV5ejA=,
방가? 방가!,,2010,코미디,,,"내추럴 본 동남아 삘~ 외모를 자랑하는, 낙방의 달인, 굴욕의 지존 방태식! 취업을 위해 부탄인 방가로 무한 변신 성공! 드디어 최강 백수의 타이틀을 벗다! 글로벌 시대를 정복한 변신의 달인 방가의 성공을 위한 눈물겨운 좌충우돌 코믹 분투 불타는 취업 성공기가 시작된다!",,,,육상효,김인권 / 김정태 / 신현빈 / 방대한 / 나자루딘,0.5,"와 이걸 돈주고봤던 기억이 난다
여주는 알고봤더니 한국인 배우라고 해서 깜놀함",2025-05-31,https://an2-img.amz.wtchn.net/image/v2/B4982CQPjx7tbPIbOImV0Q.jpg?jwt=ZXlKaGJHY2lPaUpJVXpJMU5pSjkuZXlKdmNIUnpJanBiSW1SZk5Ea3dlRGN3TUhFNE1DSmRMQ0p3SWpvaUwzWXhMMjFpWjJJM01tTjNNbkZyZVROc2QyeHRkWEU1SW4wLmMzOXNaWXVLVF84dHROSi1rZmhlc1NpelFKM283SEtja0RUUEViZGVvNFk=,
인비저블맨,,2020,공포 / SF / 스릴러,,,"모든 것을 통제하려는 소시오패스 남자에게서 도망친 세실리아. 그의 자살 소식과 함께 상속받게 된 거액의 유산. 하지만 그날 이후, 누구에게도 보이지 않는 존재가 느껴지기 시작했다!",,,,리 워넬,엘리자베스 모스,1.0,아이디어만 좋았음,2025-05-31,https://an2-img.amz.wtchn.net/image/v2/zMHLy0G9e40LUO9vFmiN0A.jpg?jwt=ZXlKaGJHY2lPaUpJVXpJMU5pSjkuZXlKdmNIUnpJanBiSW1SZk5Ea3dlRGN3TUhFNE1DSmRMQ0p3SWpvaUwzWXhMMmhqZFd0bmFHZzJZakIzTm1ock1EQjBaR0ZoSW4wLlpOSlItdkptVG5hbWNELVUwZEpINnhLd0s4YTMwMUhEQlh3Q1hFcEJ4b2s=,
업그레이드,,2018,액션 / SF / 스릴러,,,"하루 아침에 모든 것을 잃고 전신마비가 된 그레이. 인간의 모든 능력을 업그레이드하는 최첨단 두뇌 ‘스템’을 장착하고 이제, 아내를 죽인 자들을 직접 처단하기 위한 그의 통제 불능 액션이 시작 되는데…",,,,리 워넬,로건 마샬그린,2.5,ㅋㅋㅋ짭하디 나만 그렇게 생각한게 아니구나,2025-05-31,https://an2-img.amz.wtchn.net/image/v2/JjizAmBRkhSwJbSjPRL8_Q.jpg?jwt=ZXlKaGJHY2lPaUpJVXpJMU5pSjkuZXlKdmNIUnpJanBiSW1SZk5Ea3dlRGN3TUhFNE1DSmRMQ0p3SWpvaUwzWXhMM1JrT1hWNWRXaHBjemRpYTJWb1pEZ3dPSEI2SW4wLlBMa2kxQmRjUF92QTNoVmRBa3dTQjRiZm1jY3dlSkhFbHFOYllfdVRsS3M=,
바람계곡의 나우시카,,1984,애니메이션 / 판타지 / 가족,,,"천 년 전, 불의 7일간으로 불리는 전쟁이 끝난 후 지구는 죽음의 행성으로 변했다. 점점 커지는 곰팡이의 숲인 부해가 유독가스를 내뿜어 사람이 살 수 있는 땅도 얼마 남지 않았다. 자연과 대화를 나눌 수 있는 특별한 소녀 나우시카는 그 중 깨끗한 바람계곡에서 살고 있지만 부해는 이곳마저 먹어치울 듯 가깝게 다가온다. 그러나 위기는 인간들의 다툼에서 시작된다. 군사제국 토르메키아가 불의 7일간을 초래했던 병기 거신병을 부활시키려는 계획을 시작했기 때문. 바람계곡은 분쟁에 휘말리고 나우시카는 토르메키아와 맞서는 도시 국가 페지테의 인질이 된다. 그 와중에 나우시카는 부해가 지구를 정화하고 있었다는 사실을 깨닫는데...",,,,미야자키 하야오,,4.0,자연을 사랑합시다,2025-05-31,https://an2-img.amz.wtchn.net/image/v2/_qTleSYiHaGup3taxvhiCQ.jpg?jwt=ZXlKaGJHY2lPaUpJVXpJMU5pSjkuZXlKdmNIUnpJanBiSW1SZk5Ea3dlRGN3TUhFNE1DSmRMQ0p3SWpvaUwzWXlMM04wYjNKbEwybHRZV2RsTHpnMU5EUTVNakUwTWpRMU56RTFNRFFpZlEuMzFwbm9ScjFqM0pKRDZ1ZHFOUmhzRFYwa3owbl9hUld2cEdrVmRVbEthUQ==,
붉은 돼지,,1992,애니메이션 / 판타지 / 전쟁 / 액션,,,"제1차 세계대전이 끝난 후, 전쟁의 기억을 지우기 위해 스스로 돼지로 변한 이탈리아 공군의 에이스 비행사 포르코 롯소. 그는 이탈리아 근해의 무인도에서 혼자 지내며 그의 의지대로 자유롭게 날고 하늘의 해적을 소탕한다. 젊은 시절 인간의 모습을 한 얼굴은 지나의 레스토랑의 벽에 걸려 있는 사진 속에 유일하게 남아 있다. 사람들로부터 붉은 돼지로 불리는 포르코 롯소는 미국인 조종사 도널드 커티스의 공격으로 비행기가 파손되자, 비행기 제작자인 피콜로에게 수리를 요청한다. 피콜로의 손녀인 피오는 포르코 롯소와 함께 지내며 온갖 모험을 겪으면서 조금씩 그를 좋아하게 되는데...",,,,미야자키 하야오,,3.0,"커서보니 낭만있고, 어렸을땐 돼지가 주인공이라 싫었다",2025-05-31,https://an2-img.amz.wtchn.net/image/v2/3SppdueHJWnszrTJI4ujhg.jpg?jwt=ZXlKaGJHY2lPaUpJVXpJMU5pSjkuZXlKdmNIUnpJanBiSW1SZk5Ea3dlRGN3TUhFNE1DSmRMQ0p3SWpvaUwzWXhMMmx5YVhkdmIyeGlkSGhyWW5Ka2VXNTJjbXQzSW4wLmg0ZnVNZVFyVWpMMThPZEZjel9jYlN1S09oZ2tpdlk1TFRvNTh6YVVFa3c=,
이웃집 토토로,,1988,애니메이션 / 가족 / 판타지,,,"1955년 일본의 아름다운 시골 마을, 상냥하고 의젓한 11살 사츠키와 장난꾸러기에 호기심 많은 4살의 메이 는 사이좋은 자매로 아빠와 함께 도시를 떠나 시골로 이사온다. 자상한 아빠 쿠사카베 타츠오는 도쿄에서 대학 연구원이며, 입원 중이지만 따뜻한 미소를 잃지 않는 엄마가 있다. 곧 퇴원하실 엄마를 공기가 맑은 곳에서 맞이하기 위해서다. 숲 한복판에 금방이라도 쓰러질 것처럼 낡은 집을 보며 자매는 새로운 환경에 대한 호기심으로 잔뜩 들뜬다. 그러던 어느 날 사츠키가 학교에 간 동안 메이는 숲에서 정령을 만나다. 메이는 그 정령에게 토토로란 이름을 붙여주는데...",,,,미야자키 하야오,,4.0,보고나면 건강해지는 느낌,2025-05-31,https://an2-img.amz.wtchn.net/image/v2/NVYK4jgLcYDrpAgqBF4WxQ.jpg?jwt=ZXlKaGJHY2lPaUpJVXpJMU5pSjkuZXlKdmNIUnpJanBiSW1SZk5Ea3dlRGN3TUhFNE1DSmRMQ0p3SWpvaUwzWXhMMjFwZDJReGRXMTBjM2x2TVc5cGRtMWxZbTkwSW4wLklXMFNlbFA3Si1nZ1ZudUdKUmlPT0NIdVVTdkQ2ZjRfMkJXa2IyMXYtQkU=,
아기공룡 둘리: 얼음별 대모험 리마스터링,,1996,애니메이션 / 코미디 / 가족 / SF / 모험,,,"아기공룡 둘리는 1억 년 전 거대한 빙산 조각에 갇혀 엄마와 헤어지게 되고 그 안에서 깊은 잠에 빠지게 된다. 어느 날 한강으로 빙산 조각이 흘러 들어오게 되고 조금씩 얼음이 깊은 잠에서 깨어난 둘리는 우연히 쌍문동에 사는 소시민 고길동의 집에 머물게 되는데, 호기심 많고 말썽꾸러기인 둘리로 인해 고길동의 집은 그날부터 하루도 맘 편할 날이 없다.

거기에 ‘공포의 공갈 젖꼭지’ 희동이, 외계인 도우너, 귀부인 타조 또치, 가수지망생 마이콜이 가세하고 이들은 타임 코스모스를 타고 빨리 어른이 되기 위해 미래로 여행을 떠난다. 그러나 타임 코스모스의 작동실수로 이들은 우주의 미로 속, 얼음별로 향하게 되고 그곳에서 둘리는 꿈에 그리던 엄마를 만나게 된다. 하지만 얼음별은 우주의 악당 바요킹에 의해 지배당하고 있었고 둘리 일행은 바요킹의 추격에 쫓기기 시작한다.",,,,김수정 / 임경원,,2.0,아들한테 보여주려고 봤더니 생각보다 대사가 필터링이 안된게 많아서 당황,2025-05-31,https://an2-img.amz.wtchn.net/image/v2/KApSBOvfNtXaa9-IsyEVuQ.jpg?jwt=ZXlKaGJHY2lPaUpJVXpJMU5pSjkuZXlKdmNIUnpJanBiSW1SZk5Ea3dlRGN3TUhFNE1DSmRMQ0p3SWpvaUwzWXlMM04wYjNKbEwybHRZV2RsTHpFMk9UQTFNakV5TXpRMU1qRTVOakl5TVRFaWZRLjVNVnVnbEMwMWxRTkhzVGFtc0Y5bDhtTmRZeWQxMVZNX0RCcVBvYml4Yjg=,
소시지 파티,,2016,판타지 / 모험 / 코미디 / 애니메이션,,,"마트 밖 세상으로의 탈출을 꿈꾸던 소시지 프랭크와 핫도그 빵 브렌다는 마침내 기회를 잡으나, 반품되어 돌아온 허니 마스타드가 바깥세상에 대한 진실을 폭로하고 둘은 충격에 빠진다.",,,,그렉 티어난 / 콘래드 버논,,3.0,살다살다 이렇게 저급한 애니메이션은 첨봄,2025-05-31,https://an2-img.amz.wtchn.net/image/v2/B7v904qWuEhOZRKANciDHQ.jpg?jwt=ZXlKaGJHY2lPaUpJVXpJMU5pSjkuZXlKdmNIUnpJanBiSW1SZk5Ea3dlRGN3TUhFNE1DSmRMQ0p3SWpvaUwzWXhMM0psZUhCbGRIRTJhSFpvYW1KcWEyVm9NR1YxSW4wLmZpZFlwTFlUTXhXc3dGQk5XcE5Tb3dZYkVSNjlKNE1jUzZuRmxEZS1teDg=,
위대한 쇼맨,,2017,뮤지컬 / 드라마,,,"쇼 비즈니스의 창시자이자, 꿈의 무대로 전세계를 매료시킨 남자 ‘바넘’의 이야기에서 영감을 받아 탄생한 오리지널 뮤지컬 영화 <위대한 쇼맨>. <레미제라블> 이후 다시 뮤지컬 영화로 돌아온 휴 잭맨부터 잭 에프론, 미셸 윌리엄스, 레베카 퍼거슨, 젠다야까지 할리우드 최고의 배우들이 합류해 환상적인 앙상블을 선보인다. 여기에 <미녀와 야수> 제작진과 <라라랜드> 작사팀의 합류로 더욱 풍성해진 비주얼과 스토리, 음악까지 선보일 <위대한 쇼맨>은 ‘우리는 누구나 특별하다’는 메시지로 관객들에게 재미는 물론, 감동까지 선사할 것이다.",,,,마이클 그레이시,휴 잭맨 / 미셸 윌리엄스 / 잭 에프론,4.0,휴잭맨이 노래하는 영화 안좋아합니다만 이건 예외입니다,2025-05-31,https://an2-img.amz.wtchn.net/image/v2/UVOfrF46zzO8FLH-7EZNIA.jpg?jwt=ZXlKaGJHY2lPaUpJVXpJMU5pSjkuZXlKdmNIUnpJanBiSW1SZk5Ea3dlRGN3TUhFNE1DSmRMQ0p3SWpvaUwzWXhMM2R5WkdSd2VYVnFZelp6YTNWb1ltTmtjWFZySW4wLmdnblE2SU5nV3NLX3g0dnUybmZWU0xkT3Z3bzYyY3BUMmp0LUhoTWx3Qlk=,
엔드 오브 에반게리온,,1997,애니메이션 / 액션,,,"‘신세기 에반게리온’ TV 시리즈의 완결판-‘ 

카오루’의 죽음 이후 공황 상태에 빠진 ‘신지’. 한편, 네르프 총사령관 ‘겐도’는 ‘서드 임팩트’ 즉, ‘인류보완계획’을 놓고 ‘제레’와 갈등을 벌인다. 이에 ‘제레’는 양산형 에바를 투입해 네르프 본부와 에바 파일럿들을 향해 총공격을 감행하고 맹공에 혼수 상태였던 ‘아스카’까지 완전히 폭주한다. ‘신지’는 ‘미사토’의 도움으로 겨우 초호기에 오르지만, 인류의 운명을 결정해야 하는 상황에 한계에 부딪히게 되는데…",,,,안노 히데아키 / 츠루마키 카즈야,,4.0,이해가 잘 안되어도 좋은 애니입니다,2025-05-31,https://an2-img.amz.wtchn.net/image/v2/WvAJXwfit4UOnfOtViCHIg.jpg?jwt=ZXlKaGJHY2lPaUpJVXpJMU5pSjkuZXlKdmNIUnpJanBiSW1SZk5Ea3dlRGN3TUhFNE1DSmRMQ0p3SWpvaUwzWXlMM04wYjNKbEwybHRZV2RsTHpVeU5qTTFOalE0TnpVMU9UUXhOQ0o5Lks1d3BaczMxRko3NnJhdTVBMTk0MEc2V2RfbzFvSXdaNTgxRlZmM2NIZU0=,
브레이킹 배드 무비: 엘 카미노,,2019,드라마 / 액션,,,<브레이킹 배드> 제시 핑크맨의 이야기,,,,빈스 길리건,아론 폴,3.5,너라도 잘 살아라 제시,2025-05-31,https://an2-img.amz.wtchn.net/image/v2/p0vITOw79DZ_PS18BOwtTg.jpg?jwt=ZXlKaGJHY2lPaUpJVXpJMU5pSjkuZXlKdmNIUnpJanBiSW1SZk5Ea3dlRGN3TUhFNE1DSmRMQ0p3SWpvaUwzWXhMMlJzYW1GMWJHMWtNREI1ZW5sbFluQmlNMjVsSW4wLmNvUExzZ1ZHcEZkTGNvb2d3X3RvcFVwRkVpMGgySUluWEhpZjBER0U2NWc=,
셔터,,2004,공포 / 미스터리 / 스릴러,,,"셔터를 누르는 순간,
귀신이 살아난다!

25살의 사진작가 '턴'과 그의 여자친구 '제인'. 대학동창의 결혼식에 다녀오던 길에 한 여자를 차로 치고 만다. 두려움에 뺑소니를 치고 마는 그들... 다음날, '턴'은 자신이 찍은 사진 속에서 형체를 구분하기 어려운 무언가를 발견하기 시작한다.

두려움의 원인을 찾아 결국 사고 현장을 다시 찾게 되는 그들. 그러나 그 도로 위에선 어떤 사건 사고도 보고된 바 없다! 점점 더 혼란과 공포 속으로 빠져드는 '턴'과 '제인'. 뿐만 아니라 ‘턴’의 대학동창들은 하나 둘 의문의 자살을 시작하는데...

턴과 제인은 의문의 사진들이 찍힌 현장을 찾아 다시 셔터를 누르기 시작한다. 그리고 사진 속 ‘그것’이 그들에게 무언가를 말하려 한다는 것을 깨닫게 된다!

그들은 언제나 당신 옆에 있다...
당신이 원하건 원하지 않건 그들은 바로 당신 곁에 서서 당신에게 무언가를 말하고 있다!!!",,,,반종 피산다나쿤 / 팍품 웡품,아난다 에버링엄 / 나타위라눗 통미 / 아치타 시카마나 / 운노프 찬파이불,4.0,언제봐도 무서움 하 개싫다 진짜,2025-05-31,https://an2-img.amz.wtchn.net/image/v2/RYlvNy7lISRZ9_3xolwwDA.jpg?jwt=ZXlKaGJHY2lPaUpJVXpJMU5pSjkuZXlKdmNIUnpJanBiSW1SZk5Ea3dlRGN3TUhFNE1DSmRMQ0p3SWpvaUwzWXhMMkptYUhOck5tbGtaM2QzYVdadGFHbHVZemxuSW4wLm5LRGpQdkpZS0pBVmE2VHBfLXQ1czlpeFItTloxWXFmbE84VlRIYUxSSzQ=,
잭 스나이더의 저스티스 리그,,2021,액션 / 모험 / 판타지,,,슈퍼맨의 최후의 희생이 헛되지 않았다는 확신을 가진 브루스 웨인은 다가오는 거대한 파멸의 위협으로부터 세계를 보호하기 위해 메타휴먼팀을 영입할 계획을 가지고 다이애나 프린스와 힘을 합친다. 하지만 브루스는 상상한 것보다 어려운 문제를 알게 된다.,,,,잭 스나이더,벤 애플렉 / 헨리 카빌 / 에이미 아담스 / 갤 가돗 / 레이 피셔,3.5,러닝타임 빼고 다 좋았음 직전에 나온 저스티스리그는 대체 왜 그따구로 편집한거임?,2025-05-31,https://an2-img.amz.wtchn.net/image/v2/L5vUIjOGdItVinsPzXEiMQ.jpg?jwt=ZXlKaGJHY2lPaUpJVXpJMU5pSjkuZXlKdmNIUnpJanBiSW1SZk5Ea3dlRGN3TUhFNE1DSmRMQ0p3SWpvaUwzWXlMM04wYjNKbEwybHRZV2RsTHpFMk1UWTFOalExTXprMk1Ea3hNVGMxTURZaWZRLm5Iakp4NXAxbWhVVnVwYzB5VDdMWHBnV0JBR0JOQmszSkF5cFpuTkxvVm8=,
패션 오브 크라이스트,,2004,드라마,,,"전 세계가 주목한 최고의 화제작
역사상 가장 위대한 희생의 기록!

열두 제자 중 유다의 배신으로 붙잡힌 예수. 제사장들과 불신으로 가득 찬 군중들은 신성모독죄라는 죄명 하에 그에게 십자가 형을 선고한다. 사람들의 탄식과 야유 속에 예수는 골고다 언덕을 오르는데...

끝없는 사랑으로 인류의 죄를 대신한 예수 그리스도.
그의 마지막 12시간을 만나다.",,,,멜 깁슨,짐 카비젤 / 크리스토 지브코브,1.0,왜 우리 엄마는 어린 누나와 나를 데리고 이영화를 보러 갔엇나,2025-05-31,https://an2-img.amz.wtchn.net/image/v2/0VuWKiKdj-AH925f8Np6Hg.jpg?jwt=ZXlKaGJHY2lPaUpJVXpJMU5pSjkuZXlKdmNIUnpJanBiSW1SZk5Ea3dlRGN3TUhFNE1DSmRMQ0p3SWpvaUwzWXhMM2Q1TTNsc01IQTNNbmw1ZUdGMmVta3pjVEowSW4wLjJ5N3FLa09kV2YyS2tJN1o4a2xWX3ZJMnNZMnhfeTd4U01xQ2p1bzFzT1U=,
캐빈 인 더 우즈,,2011,공포 / 스릴러,,,"기분전환을 위해 인적이 드문 숲으로 여행을 떠난 다섯 명의 친구들. GPS에도 나오지 않는 마을 입구의 ‘돌아가라’는 경고문이 신경 쓰였지만 그들은 숲 속의 외딴 오두막에 도착해 짐을 푼다. 그러던 중 주인을 알 수 없는 기이한 물건들로 가득 찬 지하실을 발견하고 심상치 않은 기운을 감지하지만, 오두막에서는 이미 상상하지 못한 일들이 그들을 기다리고 있는데...",,,,드류 고다드,크리스틴 코놀리 / 크리스 헴스워스 / 안나 허치슨 / 프란 크랜즈 / 제시 윌리엄스,2.5,은근 꿀잼,2025-05-31,https://an2-img.amz.wtchn.net/image/v2/CnkIVrWzSgQKt8lJb3V4-g.jpg?jwt=ZXlKaGJHY2lPaUpJVXpJMU5pSjkuZXlKdmNIUnpJanBiSW1SZk5Ea3dlRGN3TUhFNE1DSmRMQ0p3SWpvaUwzWXhMM0UzWVdreWNYaGhiR0Z6TVRVemNXczNZVFptSW4wLjVRSTFJOGhxcmg1Tjk2emhwa21LTnA2X29YTE1vT1dJNGdzSHJKR056a00=,
더 수어사이드 스쿼드,,2021,액션 / 모험 / 코미디 / SF,,,"“우리는 격하게 세상을 구하고 싶다!”

살고 싶다면 무조건 성공시켜라! 최강 우주 빌런에 맞선, 자살특공대에게 맡겨진 `더` 대책 없는 작전. 팀플레이가 `더` 불가능한 최악의 안티히어로들. 최고의 팀워크를 기대한다면 “죽.는.다!”",,,,제임스 건,마고 로비 / 이드리스 엘바 / 존 시나 / 조엘 키나만 / 다니엘라 멜키오르,1.0,왜케 별로지,2025-05-31,https://an2-img.amz.wtchn.net/image/v2/sxDVSU5WZou2jmZhNKzhXA.jpg?jwt=ZXlKaGJHY2lPaUpJVXpJMU5pSjkuZXlKdmNIUnpJanBiSW1SZk5Ea3dlRGN3TUhFNE1DSmRMQ0p3SWpvaUwzWXlMM04wYjNKbEwybHRZV2RsTHpFMk1qYzFNak0zTnpVNE1UTTBNRGMzTkRraWZRLkhHZkVMdmFQLW94a1pGYmt2SmpaV3gtTHhraGFDS241R2NVTW5laENSa28=,
줄무늬 파자마를 입은 소년,,2008,드라마 / 역사 / 전쟁,,,나치 장교인 아버지를 따라 베를린에서 폴란드로 이사 온 호기심 많은 8살 소년 브루노는 집 뒤 철조망 너머 ‘농장’이 궁금해진다. 어느 날 철조망을 사이에 두고 만난 줄무늬 파자마를 입은 소년 ‘슈무엘’과 친구가 된 브루노는 사라진 슈무엘의 아빠를 찾기 위해 비밀 작전을 제안하는데…,,,,마크 허만,에이사 버터필드 / 잭 스캔론,3.0,마지막 장면 …,2025-05-31,https://an2-img.amz.wtchn.net/image/v2/Qn9_1GNGjfKx90S3FHoYoA.jpg?jwt=ZXlKaGJHY2lPaUpJVXpJMU5pSjkuZXlKdmNIUnpJanBiSW1SZk5Ea3dlRGN3TUhFNE1DSmRMQ0p3SWpvaUwzWXlMM04wYjNKbEwybHRZV2RsTHpReU9ERXdOVGM0TmpJd01EazJJbjAuVGg3RzRLS0p6Ukw3OHAxMmZUZ1gzWWwtNXluMDA5ZkU5OFF4QTdCOXFYYw==,
패스트 라이브즈,,2023,로맨스 / 드라마,,,"[2026 문화다양성 주간 / 만화가 고사리박사]
이 영화를 보고서야 비로소 진정으로 ‘되고 싶은 것’을 깨달았습니다. 만화가가 되고 싶었던 것도 다른 어떤 것이 되고 싶었던 것도 아닙니다. 쭈욱 ‘이방인’이 되고 싶었습니다. 그렇게 훌쩍 떠나서 지나간 생을 돌아보듯, 떠나온 삶을 회상하고 싶습니다. 그리고 다시는 돌아오고 싶지 않습니다.



12살의 어느 날,
'해성'의 인생에서 갑자기 사라져버린 첫 사랑, '나영'.

12년 후, '나영'은 뉴욕에서 작가의 꿈을 안고 살아가다 SNS를 통해 우연히 어린시절 첫 사랑 '해성'이 자신을 찾고 있었다는 사실을 알게 된다. 또 한 번의 12년 후, 인연의 끈을 붙잡기 위해 용기 내어 뉴욕을 찾은 '해성'. 수많은 ""만약""의 순간들이 스쳐가며, 끊어질 듯 이어져온 감정들이 다시 교차하게 되는데…

우리는 서로에게 기억일까? 인연일까?
<패스트 라이브즈>



[수상내역]
2024
58회 전미 비평가 협회상 작품상

2023
2023 시카고 인디 비평가 협회상 독립영화상, 각본상, 신인상(셀린 송)
2023 하와이 영화 비평가 협회상 신인감독상, 각본상, 여우주연상
2023 오스틴 비평가 협회상 신인작품상, 각본상
2023 노스 캐롤라이나 비평가 협회상 신인감독상
2023 샌프란시스코 베이 지역 영화 비평가 협회상 각본상
2023 뉴 멕시코 비평가 협회상 감독상, 각본상, 남자배우상(유태오)
2023 시애틀 비평가 협회상 작품상
2023 플로리다 중부 평론가 협회상 신인작품상
2023 오클라호마 비평가 협회상 신인작품상
2023 미국 여성 영화기자 협회상 여성 각본가상
제7회 아스트라 필름 어워드 신인작품상
2023 디스커싱 필름 비평가협회상 독립영화상, 신인작품상
2023 그레이터 웨스턴 뉴욕 비평가협회상 작품상, 각본상, 신인감독상
2023 유타 비평가 협회상 작품상, 감독상, 각본상
2023 온라인 여성평론가 협회상 작품상, 신인감독상, 각본상
2023 애틀란타 비평가 협회상 신인작품상
2023 필라델피아 비평가 협회상 신인감독상
2023 흑인 비평가 협회상 각본상
2023 여성 비평가 협회상 여성감독 작품상, 여성 스토리텔러상
2023 더블린 비평가 협회상 작품상, 감독상
2023 인디아나 영화기자 협회상 신인감독상
2023 뉴욕 온라인 비평가 협회상 올해의 영화, 신인감독상
2023 워싱턴 DC 비평가 협회상 각본상
2023 라스 베이거스 비평가 협회상 신인감독상
2023 플로리다 비평가 협회상 신인작품상, 각본상
2023 보스턴 온라인 비평가 협회상 영화 TOP 10
2023 보스턴 비평가 협회상 신인감독상
2023 피닉스 비평가 협회상 작품상
2023 미국 비평가 협회 주관 행사 영화부문 여우주연상(그레타 리)
제19회 부쿠레슈티국제영화제 작품상
제11회 미들버그영화제 신인감독상
제50회 겐트영화제 국제경쟁 특별언급상(그레타 리, 유태오, 존 마가로)
제23회 골든 트레일러 어워즈 최우수 로맨스 작품상
제39회 산타바바라국제영화제 버추오소스상(그레타 리)
제16회 아시아 태평양 스크린 어워즈 감독상
2023 영국 비평가 협회상 각본상
2023 LA 비평가 협회상 뉴 제너레이션상(셀린 송)
2023 할리우드 비평가 협회상 독립영화상, 각본상, 여우주연상
제89회 뉴욕 비평가 협회상 신인작품상
2023 미국영화연구소 올해의 10대 영화
2023 전미 비평가 위원회 올해의 영화, 신인감독상
제33회 고담 어워즈 최우수 작품상",,,,셀린 송,그레타 리 / 유태오,1.0,유태오 연기땜에 몰입이 안됨,2025-05-31,https://an2-img.amz.wtchn.net/image/v2/OqvR_tvhD3JGFihs8XVkQQ.jpg?jwt=ZXlKaGJHY2lPaUpJVXpJMU5pSjkuZXlKdmNIUnpJanBiSW1SZk5Ea3dlRGN3TUhFNE1DSmRMQ0p3SWpvaUwzWXlMM04wYjNKbEwybHRZV2RsTHpFM05qYzBOVGM0T0RRMU5UazVNQ0o5LkJTdUl3R25UZ2NUZTBWaXBOVGtBRUktazdOblhjZEtTcVh0R2ZtekdaYnM=,
피에타,,2012,드라마 / 스릴러,,,"‘강도(이정진)’은 끔찍한 방법으로 채무자들의 돈을 뜯어내며 살아가는 남자다. 피붙이 하나 없이 외롭게 자라온 그에게 어느 날 ‘엄마’라는 여자(조민수)가 불쑥 찾아 온다. 여자의 정체에 대해 끊임없이 의심하며 혼란을 겪는 강도. 태어나 처음 자신을 찾아온 그녀에게 무섭게 빠져들기 시작한다. 그러던 어느 날 여자는 사라지고, 곧이어 그와 그녀 사이의 잔인한 비밀이 드러나는데…",,,,김기덕,조민수 / 이정진,1.0,돈주고본게 가장 충격,2025-05-31,https://an2-img.amz.wtchn.net/image/v2/qvt9j82QPNvDYKZqYPPn1g.jpg?jwt=ZXlKaGJHY2lPaUpJVXpJMU5pSjkuZXlKdmNIUnpJanBiSW1SZk5Ea3dlRGN3TUhFNE1DSmRMQ0p3SWpvaUwzWXhMMmMyZFRWNE9IbGlhM0IyWlRGa2NqWmtkV1pwSW4wLmxDTFFqd3F4NmE1QW1yZGlPaXFtRTJaOVEzRERPS2xxOEZsTEkwTWhsOUk=,
시카리오: 암살자의 도시,,2015,액션 / 범죄 / 드라마 / 미스터리 / 스릴러,,,"하나의 작전, 서로 다른 목표. 당신이 믿었던 정의가 파괴된다. 사상 최악의 마약 조직을 소탕하기 위해 미국 국경 무법지대에 모인 FBI요원 케이트(에밀리 블런트)와 CIA 소속의 작전 총 책임자 맷(조슈 브롤린), 그리고 작전의 컨설턴트로 투입된 정체불명의 남자 알레한드로(베니치오 델 토로). 누구도 믿을 수 없는 극한 상황 속, 세 명의 요원들은 서로 다른 목표를 향해 움직인다. [제20회 부산국제영화제]",,,,드니 빌뇌브,에밀리 블런트 / 조쉬 브롤린 / 베니시오 델 토로,4.0,덕분에 멕시코 갈일 없을것 같습니다,2025-05-31,https://an2-img.amz.wtchn.net/image/v2/46LE4xbm2JNTu7sZgWNpzg.jpg?jwt=ZXlKaGJHY2lPaUpJVXpJMU5pSjkuZXlKdmNIUnpJanBiSW1SZk5Ea3dlRGN3TUhFNE1DSmRMQ0p3SWpvaUwzWXhMMlpuWkdSdmNXcHNNMjF2Y2paelkzWnllREIxSW4wLnBBTU1KaW5kcUZTV0psbEFKTlJkZGZqZHdyaWlZMGRUVldxT0ZlLUdFTTg=,
그대들은 어떻게 살 것인가,,2023,애니메이션 / 모험 / 판타지 / 드라마 / 가족,,,"화재로 어머니를 잃은 11살 소년 ‘마히토’는 아버지와 함께 어머니의 고향으로 간다. 어머니에 대한 그리움과 새로운 보금자리에 적응하느라 힘들어하던 ‘마히토’ 앞에 정체를 알 수 없는 왜가리 한 마리가 나타나고, 저택에서 일하는 일곱 할멈으로부터 왜가리가 살고 있는 탑에 대한 신비로운 이야기를 듣게 된다. 그러던 어느 날, ‘마히토’는 사라져버린 새엄마 ‘나츠코’를 찾기 위해 탑으로 들어가고, 왜가리가 안내하는 대로 이세계(異世界)의 문을 통과하는데…!",,,,미야자키 하야오,,2.0,해설을 봐도 모르겠어요,2025-05-31,https://an2-img.amz.wtchn.net/image/v2/XM1Hmp6TCwUkJ9qt0taLSg.jpg?jwt=ZXlKaGJHY2lPaUpJVXpJMU5pSjkuZXlKdmNIUnpJanBiSW1SZk5Ea3dlRGN3TUhFNE1DSmRMQ0p3SWpvaUwzWXlMM04wYjNKbEwybHRZV2RsTHpFMk9UVXpOVGN6T0RJeE9EWXlOakkyTlRnaWZRLjdySGlNMFZDbHVULUZONHoxcld5LXFEamlUY3RaWDNGYUxxcG8wM09UOWc=,
첨밀밀,,1996,드라마 / 로맨스,,,"[10년의 세월을 가로지른 엇갈림, 그리고 운명적인 재회]

1986년, 중국 톈진에서 갓 홍콩으로 이주한 소군은 홍콩 생활에 능숙한 이요와 운명적으로 만난다. 등려군의 노래를 매개로 급속도로 가까워진 두 사람은 낯선 타향살이 속에서 서로의 유일한 안식처가 되어간다. 하지만 두 사람 사이에는 넘을 수 없는 현실의 벽이 존재한다. 소군에게는 고향에서 그를 기다리는 약혼녀가 있고, 이요에게는 성공을 거머쥐어야 한다는 간절한 꿈이 있다.

서로를 향한 마음이 깊어질수록 죄책감과 현실적인 불안함은 커져만 가고, 소군과 이요는 결국 엇갈린 선택을 하며 헤어지게 된다. 홍콩에서 뉴욕까지, 10년의 세월을 돌아 다시 마주하게 된 두 사람. 긴 시간을 가로지른 이들의 운명적 로맨스가 다시 스크린에 펼쳐진다.",,,,진가신,장만옥 / 여명,5.0,왜 부모님 세대가 홍콩영화를 그리도 좋아했는지 알것같다,2025-05-31,https://an2-img.amz.wtchn.net/image/v2/x_Op7wlIyYAiA_zlI2Zefw.jpg?jwt=ZXlKaGJHY2lPaUpJVXpJMU5pSjkuZXlKdmNIUnpJanBiSW1SZk5Ea3dlRGN3TUhFNE1DSmRMQ0p3SWpvaUwzWXlMM04wYjNKbEwybHRZV2RsTHpJME9EYzNOakU0TkRJMU5qWXpNeUo5LnNkSUFjZkF0dGtIRERRMXp5MFFkaEtfMzlQMnhTNVYzRmwwUFJrMVQ1M28=,
무간도,,2002,액션 / 범죄 / 드라마 / 미스터리 / 스릴러,,,홍콩 경찰의 비밀 요원인 진영인(양조위). 경찰학교에서 훈련을 받다가 발탁된 그는 범죄 조직 삼합회에 잠입하여 10년째 조직원을 위장한 스파이로 살아가고 있다. 전과 8범에 2번의 형기를 치른 완벽한 범죄자가 되어 있는 그는 현재 보스 한침이 가장 신임하는 심복이기도 하다. 삼합회의 숨은 조직원 유건명(유덕화). 18살 때부터 경찰에 잠입해 스파이로 활동해온 그는 현재 경찰 내에서 가장 뛰어난 강력반 요원으로 인정받고 있다. 경찰로서의 경력이 벌써 10년째에 이르는 그는 이제 그만 조직원으로서의 신분을 버리고 싶어한다.,,,,유위강 / 맥조휘 / 맥조휘,유덕화 / 양조위,4.0,"깡패 두목으로 나오는 아저씨 왜케 좋냐, 첨밀밀 보고와서 그런가",2025-05-31,https://an2-img.amz.wtchn.net/image/v2/zkwFcsUFFd3_ZNF14Lo61Q.jpg?jwt=ZXlKaGJHY2lPaUpJVXpJMU5pSjkuZXlKdmNIUnpJanBiSW1SZk5Ea3dlRGN3TUhFNE1DSmRMQ0p3SWpvaUwzWXhMM05rZVdSeE5XMXNPV3A2WVdOM2VuVjZiV0Y1SW4wLkdQUWp0ZnN3ejB4bkVxc0lCX2ZNNUJxdFVaeFhXd2drRjdVbDVHRU02NEE=,
타짜: 원 아이드 잭,,2019,범죄 / 드라마,,,"전설적인 타짜인 ‘짝귀’의 아들 ‘도일출’은 한쪽 눈을 실명한 정체불명의 타짜 ‘애꾸’를 만나면서 진정한 고수들의 세계에 입문하게 된다. ‘애꾸’로부터 무엇이든 될 수 있고 누구든 이길 수 있는 무적의 카드 ‘원 아이드 잭’을 받고 모인 특별한 ‘꾼’들.

이들의 인생을 건 베팅이 시작된다.",,,,권오광,박정민 / 류승범 / 최유화,0.5,OCN에 나오는거 슬쩍만 봐도 개열받음,2025-05-31,https://an2-img.amz.wtchn.net/image/v2/8mACv7rgWYtSq9CvAZY7BA.jpg?jwt=ZXlKaGJHY2lPaUpJVXpJMU5pSjkuZXlKdmNIUnpJanBiSW1SZk5Ea3dlRGN3TUhFNE1DSmRMQ0p3SWpvaUwzWXhMMjg1ZFdscWEyUndZblprYVdka2VHOTZOWGx4SW4wLng5M25sbzJiTENMXzVsSTRzR2ZabnR0WXdSWEpLWXJWeWZ3OExRMzV4WjQ=,
타짜 - 신의 손,,2014,드라마,,,"어린 시절부터 삼촌 ‘고니’를 닮아 도박에 타고난 소질을 보이던 ‘대길’은 고향을 떠나 서울 강남의 하우스에서 심부름꾼으로 일하며 호시탐탐 판에 끼어들 기회를 노린다. 충청도에서 원정 온 호구들을 상대로 화려하게 데뷔한 ‘대길’은 하우스의 판돈을 몽땅 끌어 모으며 타짜로서 나날이 승승장구하던 도중, 가장 친했던 고향 친구의 배신으로 모든 것을 잃게 된다. 강남 하우스를 떠나 전국을 떠돌던 ‘대길’은 ‘고니’의 옛 파트너 ‘고광렬’을 만나게 되고, 다시금 재기를 노리는데...",,,,강형철,최승현 / 신세경 / 곽도원 / 이하늬,0.5,왜케 가볍게 만들어버리냐? 최악이었음. 물론 타짜 3를 보기 전까지…,2025-05-31,https://an2-img.amz.wtchn.net/image/v2/XSwCto88EdKQJrQyOFWEqQ.jpg?jwt=ZXlKaGJHY2lPaUpJVXpJMU5pSjkuZXlKdmNIUnpJanBiSW1SZk5Ea3dlRGN3TUhFNE1DSmRMQ0p3SWpvaUwzWXhMM3BzZDJGdmFtMWhhR04wWW05NmNUSjNhSEI2SW4wLjJUbHNOaE9HajM2Q1JDaFZtM2JhdGJIbGZVS0lYREd1a0diSXU0LWN4dm8=,
타짜,,2006,드라마,,,"가구공장에서 일하며 남루한 삶을 사는 고니는 대학보다 가난을 벗어나게 해줄 돈이 우선인 청년. 어느 날 고니는 가구공장 한 켠에서 박무석 일행이 벌이는 화투판에 끼게 되지만, 고니는 그 판에서 3년 동안 모아두었던 돈 전부를 날리고 만다. 그것이 전문 도박꾼들이 짜고 친 판이었단 사실을 뒤늦게 안 고니는 박무석 일행을 찾아 나서고, 도박으로 시비가 붙은 한 창고에서 우연인 듯 필연처럼 전설의 타짜 평경장을 만난다. 그리고 잃었던 돈의 다섯 배를 따면 화투를 그만두겠단 약속을 하고, 그와 함께 본격적인 꽃싸움에 몸을 던지기 위한 동행길에 오른다.",,,,최동훈,조승우 / 김혜수 / 백윤식 / 유해진,4.5,러닝타임 중 눈감고 암데나 찍어도 재밌음 명작이 맞다,2025-05-31,https://an2-img.amz.wtchn.net/image/v2/PKAMLv766zVR-u00xoTJUQ.jpg?jwt=ZXlKaGJHY2lPaUpJVXpJMU5pSjkuZXlKdmNIUnpJanBiSW1SZk5Ea3dlRGN3TUhFNE1DSmRMQ0p3SWpvaUwzWXlMM04wYjNKbEwybHRZV2RsTHpFMk16YzFOamd4TmpJeE5URXdOVGs0TXpRaWZRLk1BdzhQUjBId3QzaEU3UEZ4d2ZId19IOW9lRlhma1VrMWo3cUQyVEFvSlU=,
연애의 목적,,2005,로맨틱 코미디 / 로맨스 / 코미디,,,"고등학교 영어교사 '유림'은 한 살 연상의 미술교생 '홍'에게 호시탐탐 수작을 건다. 너무도 당당하게 '연애'를 요구하는 유림은 일면 귀엽고, 일면 능청스럽고, 일면 약아빠졌다. 파트너쉽을 핑계로 단둘이 갖게 된 술자리에서 유림은 기회를 틈타 솔직하게 고백한다. ""같이 자고 싶어요!"" 그런데 이 여자 홍도 만만치 않다. ""나랑 자려면 50만원 내요."" 서로간의 밀고 당기는 줄다리기가 반복 되면서 그들은 어느새 '연애'에 진입하게 된다. 그리고 목적 없던 연애에 '목적'이 생기면서 그들의 연애는 골치가 아파진다. 과연, 연애의 목적은?",,,,한재림,박해일 / 강혜정,3.5,시대를 잘 타고났다 다행인줄 알아라,2025-05-31,https://an2-img.amz.wtchn.net/image/v2/nLmMzRc4-YVzaM8MG0PQJQ.jpg?jwt=ZXlKaGJHY2lPaUpJVXpJMU5pSjkuZXlKdmNIUnpJanBiSW1SZk5Ea3dlRGN3TUhFNE1DSmRMQ0p3SWpvaUwzWXhMM3AwTldkcGNYWmxOVzFvZVdsa2JteDBlRzl0SW4wLndtdkhzUDZCZmU2RGZxZ0FVYWhtLXo1YXg0X3RiMTJVVjdmN0RDNEpNems=,
대부 2,,1974,범죄 / 드라마,,,"시칠리섬의 꼴레오네 마을. 비토 꼴레오네는 지역 마피아에게 가족을 모두 잃고 뉴욕으로 건너온다. 특유의 사업 수완, 약자에 대해 연민을 지닌 비토 꼴레오네는 이탈리아 이민자들의 크고 작은 일들을 해결해주면서 존재감을 키워나가며 모두의 ‘대부(代父)’로 성장한다.

아버지 돈 비토 꼴레오네와 가장 다르면서도 닮은 마이클. 비토 꼴레오네에 이어서 꼴레오네 家의 새로운 후계자로 ‘대부(代父)’의 자리에 오르게 된다. 마이클은 가족 사업에서 범죄와 불법적인 흔적을 정리하면서 네바다 라스베이거스로 본거지를 옮기고 카지노 사업에 주력하면서 세력을 확장한다. 하지만 반대 세력들에 의해 암살 타깃이 되고 격동의 시대 속 마이클은 가족의 사업과 자신을 지키기 위해 피의 전쟁을 결심하게 된다.",,,,프랜시스 포드 코폴라,알 파치노 / 로버트 듀발 / 다이앤 키튼 / 로버트 드 니로,5.0,"대부 시리즈 중 최고
드니로 이 아저씨 이탈리아 사람 아니라고 진짜?",2025-05-29,https://an2-img.amz.wtchn.net/image/v2/dWhPQ9RbXL8MAWYDPWEXvQ.jpg?jwt=ZXlKaGJHY2lPaUpJVXpJMU5pSjkuZXlKdmNIUnpJanBiSW1SZk5Ea3dlRGN3TUhFNE1DSmRMQ0p3SWpvaUwzWXhMMmwxYkRjMWVUVTJZWGRvYW5Kd04ydG1iV3QxSW4wLkJqNmJ5eWl5anZxTy16VTMxdUl0bkE5RlRiVzMtcDMtQ0xpUXlGTnNNRnc=,
라이트하우스,,2019,드라마 / 판타지 / 역사 / 공포 / 미스터리 / 스릴러,,,"1890년대, 동떨어진 섬의 등대를 지키게 된 두 등대지기의 이야기. 고독과 외로움에 시달리는 두 명의 등대 관리인이 제정신을 잃고 끔찍한 악몽으로부터 위협을 받는다.",,,,로버트 에거스,로버트 패틴슨 / 윌렘 데포,2.5,도라버렸다 참 어렵다,2025-05-29,https://an2-img.amz.wtchn.net/image/v2/4EDZA5Uc8phgeiUpTWUXrg.jpg?jwt=ZXlKaGJHY2lPaUpJVXpJMU5pSjkuZXlKdmNIUnpJanBiSW1SZk5Ea3dlRGN3TUhFNE1DSmRMQ0p3SWpvaUwzWXlMM04wYjNKbEwybHRZV2RsTHpFMk5qSXdPRE0zTURrM09ESXdORGMyTURnaWZRLmduWnYwa2xnNG93TDJEUmlVMTdSbEd4NDBCMkRjOHQ1MF9EWnRYak9BbTg=,
헤이트풀 8,,2015,액션 / 스릴러 / 서부극 / 범죄,,,"비밀을 지닌 8명의 방문자, 눈보라 속에 갇히다! 

레드 락 타운으로 ‘죄수’를 이송해가던 ‘교수형 집행인’은 설원 속에서 우연히 ‘현상금 사냥꾼’, ‘보안관’과 합류하게 된다. 그리고 거센 눈보라를 피해 산장으로 들어선 4명은 그곳에 먼저 와있던 또 다른 4명, ‘연합군 장교’, ‘이방인’, ‘리틀맨’, ‘카우보이’를 만나게 된다. 큰 현상금이 걸린 ‘죄수’를 호시탐탐 노리는 이들에게 ‘교수형 집행인’은 경고를 하지만 이를 비웃기라도 하듯 참혹한 독살 사건이 일어난다. 각자 숨겨둔 비밀이 하나씩 밝혀지면서 서로를 향한 불신이 커져만 가고 팽팽한 긴장감 속에 증오의 밤은 점점 깊어지는데...",,,,쿠엔틴 타란티노,사무엘 L. 잭슨 / 커트 러셀 / 제니퍼 제이슨 리 / 월튼 고긴스 / 데미안 비쉬어,4.5,서로 극혐하는 인간들이 입만 털어도 세시간 후딱 지나간다,2025-05-29,https://an2-img.amz.wtchn.net/image/v2/Kciob_hOvIXCqCAoI9NGCw.jpg?jwt=ZXlKaGJHY2lPaUpJVXpJMU5pSjkuZXlKdmNIUnpJanBiSW1SZk5Ea3dlRGN3TUhFNE1DSmRMQ0p3SWpvaUwzWXhMM1Z4Tm5wM1pYZDFhM0ZyZW1sdE9YWjNiM1JrSW4wLnpJYTE4bm4wZ3NjYVltWTVwMEh3Ukt4MTNHN0RRMzIyWGNVenFPSFJodnc=,
원스 어폰 어 타임... 인 할리우드,,2019,코미디 / 드라마,,,"1969년 세계를 떠들썩하게 했던 ‘배우 샤론 테이트 살인 사건’을 기발하게 뒤집은 타란티노 감독의 마스터피스!

1969년 할리우드, 잊혀져 가는 액션스타 ‘릭 달튼’과 그의 스턴트 배우 겸 매니저인 ‘클리프 부스’는 과거의 영광을 되찾기 위해 고군분투하지만 새로운 스타들에 밀려 큰 성과를 거두진 못한다.

그러던 어느 날 ‘릭’의 옆집에 할리우드에서 가장 핫한 ‘로만 폴란스키’ 감독과 배우 ‘샤론 테이트’ 부부가 이사 오자 ‘릭’은 새로운 기회가 생길 수도 있다고 기뻐하지만 인사조차 나누지 못한다.

형편상 더 이상 함께 일할 수 없게 된 ‘릭’과 ‘클리프’는 각자의 길을 가기로 하고 ‘릭’의 집에서 술을 거나하게 마시던 중 뜻하지 않은 낯선 방문객을 맞이하게 되는데…",,,,쿠엔틴 타란티노,레오나르도 디카프리오 / 브래드 피트,5.0,"솔직히 아무 배경지식 없이 봤을때도 좋았던 영화
배경지식을 알고 보면 세배는 더 재밌음
그리고 빵형 연기가 진국, 세시간넘는 영화를 몇번봤는지 모르겠다",2025-05-29,https://an2-img.amz.wtchn.net/image/v2/7pjzpQ4Vzq3DXXZ37ij4wQ.jpg?jwt=ZXlKaGJHY2lPaUpJVXpJMU5pSjkuZXlKdmNIUnpJanBiSW1SZk5Ea3dlRGN3TUhFNE1DSmRMQ0p3SWpvaUwzWXhMMk13WW14aWNXTjZlR3RvZW1Ka1pYSndlWFoySW4wLk9aa255ZzAwZXdwVE1SblZuckhJbnhVb0VoTHlKYmZGWDJ4VFlfRGczd2M=,
아이리시맨,,2019,전기 / 범죄 / 드라마,,,"20세기 미국 정치 이면에 존재했던 악명높은 인물들과 연루된 한 남자의 시선으로 장기 미제 사건의 대명사 ‘지미 호파 실종 사건’을 그려낸다. 지미 호파는 1950-60년대 미국 정계를 좌지우지했던 거대노동조합의 우두머리로 1975년 실종됐지만, 아직까지 그 사건의 실체가 밝혀지지 않았다. 지미 호파 실종 사건은 미국 역사상 가장 유명한 장기 미제 사건 중 하나이다. 영화는 여러 악명높은 범죄조직 및 인사들과 연루돼 지미 호파 실종의 용의자로 지목되었던 프랭크 시런의 시선을 통해, 미국 근대사의 한 페이지를 장식한 지미 호파의 장대한 이야기를 보여준다.",,,,마틴 스콜세지,로버트 드 니로 / 알 파치노 / 조 페시,5.0,"걍 나한텐 스콜세지판 범죄와의 전쟁임
어디서부터든 틀어놓고 밥먹을때 보기 좋음",2025-05-29,https://an2-img.amz.wtchn.net/image/v2/BxUkqE7cYuMGffOAaF89BA.jpg?jwt=ZXlKaGJHY2lPaUpJVXpJMU5pSjkuZXlKdmNIUnpJanBiSW1SZk5Ea3dlRGN3TUhFNE1DSmRMQ0p3SWpvaUwzWXhMM3A2YUhOdk9XMXNibmh6Y1RKdWJIZ3pNbWxtSW4wLkpjM1ZRR0JaWDJ0SHB6SU4tdjFtRzJrdmtNRHhFUGdWZzlRS1U0YkFjZ1U=,
버닝,,2018,미스터리,,,"“이제 진실을 얘기해봐”

유통회사 알바생 종수(유아인)는 배달을 갔다가 어릴 적 같은 동네에서 살았던 해미(전종서)를 만나고, 그녀에게서 아프리카 여행을 간 동안 자기가 키우는 고양이를 돌봐 달라는 부탁을 받는다. 여행에서 돌아온 해미는 아프리카에서 만난 벤(스티븐 연)이라는 정체불명의 남자를 종수에게 소개한다.

어느 날 벤은 해미와 함께 종수의 집으로 찾아와 자신의 비밀스러운 취미에 대해 고백한다. 그때부터 종수는 무서운 예감에 사로잡히게 되는데...",,,,이창동,유아인 / 전종서 / 스티븐 연,5.0,"이창동 아저씨 호감동 + 1
(스윙스 연기가 저거였구나)",2025-05-28,https://an2-img.amz.wtchn.net/image/v2/4_aGeImybN-YvFG7ufSFbg.jpg?jwt=ZXlKaGJHY2lPaUpJVXpJMU5pSjkuZXlKdmNIUnpJanBiSW1SZk5Ea3dlRGN3TUhFNE1DSmRMQ0p3SWpvaUwzWXhMM294ZVc5NmRtMTZlSEoyT0dkc2JXeDJkWHB6SW4wLnRzQmZsZlZGSkIxX2UtV2RDelJrci1lcnZSU056dkVDeWFjMXR4eTY1dVk=,
남한산성,,2017,드라마 / 시대극 / 전쟁 / 액션 / 역사,,,"1636년 인조 14년 병자호란. 청의 대군이 공격해오자 임금과 조정은 적을 피해 남한산성으로 숨어든다. 추위와 굶주림, 절대적인 군사적 열세 속 청군에 완전히 포위된 상황, 대신들의 의견 또한 첨예하게 맞선다. 순간의 치욕을 견디고 나라와 백성을 지켜야 한다는 이조판서 ‘최명길’(이병헌)과 청의 치욕스런 공격에 끝까지 맞서 싸워 대의를 지켜야 한다는 예조판서 ‘김상헌’(김윤석). 그 사이에서 ‘인조’(박해일)의 번민은 깊어지고, 청의 무리한 요구와 압박은 더욱 거세지는데... 나아갈 곳도 물러설 곳도 없는 고립무원의 남한산성. 나라의 운명이 그곳에 갇혔다.",,,,황동혁,이병헌 / 김윤석 / 박해일 / 고수 / 박희순,3.5,묵직한 영화 좋았다,2025-05-28,https://an2-img.amz.wtchn.net/image/v2/tG98A9V63aaBrA-HS2QvKQ.jpg?jwt=ZXlKaGJHY2lPaUpJVXpJMU5pSjkuZXlKdmNIUnpJanBiSW1SZk5Ea3dlRGN3TUhFNE1DSmRMQ0p3SWpvaUwzWXhMMmN6ZEdsNmVIVXdaV1Z0Y0dGeGJHVmxjMkZxSW4wLk1GVnBmMm5FSTkwQV80WGFUNUswRngzRUVaUWVMc3cyblVCX3JPWGJkY3M=,
밀양,,2007,로맨스 / 드라마,,,"신애는 교통사고로 죽어버린 남편의 고향 밀양으로 아들 준을 데리고 이사한다. 오는 길에 고장난 차를 고쳐주러 온 카센터 사장 종찬의 렉카를 타고 밀양으로 들어가는 세 사람. 신애는 남편의 고향에 덩그러니 정착한 모자를 측은하게 보는 사람들에게 애써 씩씩하게 군다. 종찬은 이 속모를 여자를 그날부터 졸졸 따른다. 살 집을 구해주고, 피아노 학원을 봐주고, 그녀를 따라 땅을 보러 다니며 그의 하루 일과는 시작된다. 늘 네댓 걸음 뒤에서, 부르면 다가서고 밀쳐내면 물러나면서.",,,,이창동,송강호 / 전도연,3.5,불편한 장면의 연속 중 그저 해맑은 송강호가 어서 나오기만을 기다림,2025-05-28,https://an2-img.amz.wtchn.net/image/v2/kuyq03S8cD-P2WgtYhGpgQ.jpg?jwt=ZXlKaGJHY2lPaUpJVXpJMU5pSjkuZXlKdmNIUnpJanBiSW1SZk5Ea3dlRGN3TUhFNE1DSmRMQ0p3SWpvaUwzWXhMMkUyYzJoMWJXZHRkekF4WW5CNk5UQnNkWGh2SW4wLmtyRndJbk8wN2xiVjVWRlpWMzdwWGhRWTJSRXBELWw4V3F6Z1VxTHNFUkE=,
하얼빈,,2024,액션 / 드라마,,,"1908년 함경북도 신아산에서 안중근이 이끄는 독립군들은 일본군과의 전투에서 큰 승리를 거둔다. 대한의군 참모중장 안중근은 만국공법에 따라 전쟁포로인 일본인들을 풀어주게 되고, 이 사건으로 인해 독립군 사이에서는 안중근에 대한 의심과 함께 균열이 일기 시작한다. 1년 후, 블라디보스토크에는 안중근을 비롯해 우덕순, 김상현, 공부인, 최재형, 이창섭 등 빼앗긴 나라를 되찾기 위해 마음을 함께하는 이들이 모이게 된다. 이토 히로부미가 러시아와 협상을 위해 하얼빈으로 향한다는 소식을 접한 안중근과 독립군들은 하얼빈으로 향하고, 내부에서 새어 나간 이들의 작전 내용을 입수한 일본군들의 추격이 시작되는데…

진심과 의심 사이,
우리는 반드시 하얼빈으로 간다",,,,우민호,현빈 / 박정민 / 조우진 / 전여빈 / 박훈,3.5,"정민업 ~ 정민업 ~
동욱다운 ~ 동욱다운 ~",2025-05-26,https://an2-img.amz.wtchn.net/image/v2/vk7n6K7KKGy_SopKADkLSA.jpg?jwt=ZXlKaGJHY2lPaUpJVXpJMU5pSjkuZXlKdmNIUnpJanBiSW1SZk5Ea3dlRGN3TUhFNE1DSmRMQ0p3SWpvaUwzWXlMM04wYjNKbEwybHRZV2RsTHpZeU56TXdOekkxTmpjM016TXpNRElpZlEuWkZyajAwZGNtU0JuZWtQZDVaeURJUWU5NWVrWXl0SDRhX0RxR1FVNElncw==,
어느 가족,,2018,범죄 / 드라마,,,할머니의 연금과 물건을 훔쳐 생활하며 가난하지만 웃음이 끊이지 않는 어느 가족. 우연히 길 위에서 떨고 있는 한 소녀를 발견하고 집으로 데려와 가족처럼 함께 살게 된다. 그런데 뜻밖의 사건으로 가족이 뿔뿔이 흩어지게 되고 각자 품고 있던 비밀과 간절한 바람이 드러나게 되는데…,,,,고레에다 히로카즈,릴리 프랭키 / 안도 사쿠라 / 마츠오카 마유 / 죠 카이리 / 키키 키린,4.5,"가족보다 가족같은, 그러나 결국 가족은 아닌 그런 가족",2025-05-26,https://an2-img.amz.wtchn.net/image/v2/Ix7_1wDavImico9D5oyziA.jpg?jwt=ZXlKaGJHY2lPaUpJVXpJMU5pSjkuZXlKdmNIUnpJanBiSW1SZk5Ea3dlRGN3TUhFNE1DSmRMQ0p3SWpvaUwzWXhMMnQ2YzNsdWJITmlkV0ptYW5SM09URnZjR2s0SW4wLl9zUXhYNW01dVZ5aEs2NTUzT3ZUcjRhWUdaN0J4c0ljR3B1WXpnN05wcFE=,
그렇게 아버지가 된다,,2013,드라마 / 가족,,,"[2025 문화다양성 주간 / 예술가 양정욱] 
가족 간의 유대와 사랑을 탐구하는 이야기입니다. 이 영화는 부모와 자녀 사이의 복잡한 감정을 사실적으로 그려내며 서로가 이해하고 받아들이는 과정의 중요성을 생각하게 합니다. 

자신을 닮은 똑똑한 아들, 그리고 사랑스러운 아내와 함께 만족스러운 삶을 누리고 있는 성공한 비즈니스맨 료타는 어느 날 병원으로부터 한 통의 전화를 받는다. 6년 간 키운 아들이 자신의 친자가 아니고 병원에서 바뀐 아이라는 것. 료타는 삶의 방식이 너무나도 다른 친자의 가족들을 만나고 자신과 아들의 관계를 돌아보면서 고민과 갈등에 빠지게 되는데…",,,,고레에다 히로카즈,후쿠야마 마사하루 / 오노 마치코 / 릴리 프랭키 / 마키 요코 / 니노미야 케이타,4.5,피는 물보다 진한가?,2025-05-25,https://an2-img.amz.wtchn.net/image/v2/-N6J2sr_qf2TzJ_Y2IlxBw.jpg?jwt=ZXlKaGJHY2lPaUpJVXpJMU5pSjkuZXlKdmNIUnpJanBiSW1SZk5Ea3dlRGN3TUhFNE1DSmRMQ0p3SWpvaUwzWXhMM1poYjJ3NGNIQm5kSGg2TW5RMmQydDVOSFZwSW4wLmpQSDVtUGdxZ3hRRGhtWl9rNVpHcEEtZEdXVHVySjIzcWVJdE9lMUdFMUk=,
스위스 아미 맨,,2016,코미디 / 드라마 / 판타지 / 모험 / 로맨스,,,외딴 무인도. 한 남자가 목을 매려다 멀리 보이는 사람의 형상을 발견한다. 재빨리 뛰어가 그 남자의 몸에 귀를 대어 보지만 사람이 아닌 시체. 정신 없이 웃기는 코미디였다가 마지막엔 찔끔 눈물까지 흘리게 만드는 감동의 버디 무비. [제20회 부천국제판타스틱영화제][제18회 서울국제청소년영화제],,,,다니엘 콴 / 다니엘 쉐이너트,폴 다노 / 다니엘 래드클리프,4.5,"솔직히 졸라 좋았다
물론 와이프한테 욕은 먹었다",2025-05-20,https://an2-img.amz.wtchn.net/image/v2/0woiF_wJPsBzPEKtCxzhoA.jpg?jwt=ZXlKaGJHY2lPaUpJVXpJMU5pSjkuZXlKdmNIUnpJanBiSW1SZk5Ea3dlRGN3TUhFNE1DSmRMQ0p3SWpvaUwzWXhMMnd3ZUc1M05ucGpaSGhsYUdJeFp6WTFabVZ0SW4wLjRoRVhrRkNjLUVCMnQ2djFIZkRnS2M4UlVkMGFDVzZCYWpRWHF4RHlBQkE=,
데어 윌 비 블러드,,2007,드라마,,,"1898년 지독한 알콜 중독자에 부인도 없이 홀로 아들을 키우며 아무도 거들떠 보지 않는 황무지 사막 한가운데서 금을 캐는 무일푼 광부. 어느날 이곳에서 그는 석유 유전을 발굴하면서 일확천금의 행운을 누리게 된다. 야심찬 석유 개발과 함께 시작된 야망과 꿈은 어느새 탐욕과 폭력으로 바뀌게 되고, 쉴새 없이 샘솟는 석유와는 반대로 이들 사이에는 사랑과 존경, 희망, 믿음 등이 사라져만 가는데…",,,,폴 토머스 앤더슨,다니엘 데이 루이스 / 폴 다노,4.5,"다니엘 데이 레이스 아저씨는 참 연기를 잘하시는군요
게다가 폴 다노까지 나오다니 추천 안할수가 없다",2025-05-20,https://an2-img.amz.wtchn.net/image/v2/Af2I8AYAWDSYXEwM82aOfg.jpg?jwt=ZXlKaGJHY2lPaUpJVXpJMU5pSjkuZXlKdmNIUnpJanBiSW1SZk5Ea3dlRGN3TUhFNE1DSmRMQ0p3SWpvaUwzWXhMMjEyYlRWaWNHUnFlR1Z4WjNobWNHSnNaemw2SW4wLkJIRTBxSkdKTHZVekdJbjF0emptb0d0aS1DbzZKcnNCMFdxVTE2T3I3OHM=,
행오버,,2009,코미디 / 드라마 / 범죄,,,더그의 결혼식을 앞두고 친구 세 명은 함께 라스베가스로 총각 파티를 떠난다. 멋진 호텔에서 한껏 즐거운 밤을 보낸 이들은 아침에 친구인 더그가 사라진 사실을 알게 된다. 아무 생각도 해낼 수 없던 이들은 지난 밤 만났던 사람들에게 친구를 수소문하고 우여곡절 끝에 그를 결혼식장에 데려간다.,,,,토드 필립스,브래들리 쿠퍼 / 에드 헬름스 / 잭 갈러피아나키스 / 저스틴 바사 / 헤더 그레이엄,2.0,누가 젤 병신인가 포스터로는 짐작 못했음,2025-05-20,https://an2-img.amz.wtchn.net/image/v2/lPpNsYMoFF-wsjX2Zu8l6Q.jpg?jwt=ZXlKaGJHY2lPaUpJVXpJMU5pSjkuZXlKdmNIUnpJanBiSW1SZk5Ea3dlRGN3TUhFNE1DSmRMQ0p3SWpvaUwzWXhMMk4wYlROamVtbHVjMkZpY0d0bE1YRTNlV2hsSW4wLkxxWW9wRlJPTERuQ3J0cTVrYld3RzFzaVZVWjROdnQxYS1YUG8tWG80YUU=,
히든 피겨스,,2016,역사 / 드라마,,,"천부적인 수학 능력의 흑인 여성 '캐서린 존슨'(타라지 P.헨슨). NASA 흑인 여성들의 리더이자 프로그래머 '도로시 본'(옥타비아 스펜서). 흑인 여성 최초 NASA 엔지니어를 꿈 꾸는 '메리 잭슨'(자넬 모네). 미국과 러시아의 치열한 우주 개발 경쟁으로 보이지 않는 전쟁이 벌어지고 있던 시절, 천부적인 두뇌와 재능을 가진 그녀들이 NASA 최초의 우주궤도 비행 프로젝트에 선발된다.

하지만, 흑인이라는 이유로 800m 떨어진 유색인종 전용 화장실을 사용해야 하고, 여자라는 이유로 중요한 회의에 참석할 수 없으며, 공용 커피포트 조차 용납되지 않는 따가운 시선에 점점 지쳐 간다. 한편, 우주궤도 비행 프로젝트는 난항을 겪게 되고, 해결방법은 오직 하나, 비전을 제시할 수 있는 새로운 수학 공식을 찾아내는 것뿐인데…",,,,테오도어 멜피,타라지 P. 헨슨 / 옥타비아 스펜서 / 자넬 모네 / 케빈 코스트너 / 커스틴 던스트,2.5,"재밌음 ocn 스타일 + 가점을 줄수있을듯
근데 왜인지 조금 오그라들었던 기억이,,,",2025-05-20,https://an2-img.amz.wtchn.net/image/v2/VE2tzdmV9IgUiGLxPfnt-A.jpg?jwt=ZXlKaGJHY2lPaUpJVXpJMU5pSjkuZXlKdmNIUnpJanBiSW1SZk5Ea3dlRGN3TUhFNE1DSmRMQ0p3SWpvaUwzWXhMMk5sYTJoNE1YZHJaVFZ6YjJWeVptZDFaSFJ6SW4wLlJqMDlqcnFQOW8wODdFSDIxaWRpVlJRVXBRclcwTkhlNkhqc1pOb2tOQ0U=,
카지노,,1995,드라마 / 범죄,,,"조그만 동네에서 자란 에이스는 도박에서 언제나 이기는 재주를 타고 났다. 그 때문에 그는 마피아 보스들에게 알려지고, 보스들은 그를 보호하기 위해 니키를 붙여준다. 니키는 비록 몸집은 작지만 상대가 얼마나 크든지간에 먼저 제압해 버리는 능력을 갖고 있는 갱. 오랫동안 니키와 에이스는 완벽한 팀을 이루게 된다. 그러나 라스베가스로 진출한 에이스는 니키가 라스베가스로 온다는 소식을 접하고 니키의 포악한 성질이 걱정돼 꺼려한다. 에이스의 심정을 눈치채고 있던 니키는 라스베가스에서 자신의 독특한 방법인 폭력으로 나름대로의 영역을 넓혀나가고, 에이스는 합법적인 카지노를 운영하면서 자신의 입지를 굳혀 가는데...",,,,마틴 스콜세지,로버트 드 니로 / 샤론 스톤 / 조 페시,2.5,조패시랑 드니로 조합은 항상 좋다 근데 아이리시맨 보고 왔더니 영화 자체는 좀 아쉬움,2025-05-20,https://an2-img.amz.wtchn.net/image/v2/2XJzPwk-QuhlFNe_GjfauA.jpg?jwt=ZXlKaGJHY2lPaUpJVXpJMU5pSjkuZXlKdmNIUnpJanBiSW1SZk5Ea3dlRGN3TUhFNE1DSmRMQ0p3SWpvaUwzWXhMMmszZFdScVpYUXhaMjFzY1c5aVluWnJjV2t6SW4wLjBYWjFURU5NNFNzb1NmTTEtdmpSTEUxWkpXNVBpbXRkZHlOMUlnR0pzU0E=,
파워 오브 도그,,2021,드라마 / 로맨스 / 서부극,,,"1925년, 필과 조지 형제는 미국 몬타나에서 대규모 농장을 운영하고 있다. 어느 날, 과부인 로즈가 운영하고 있는 레스토랑에서 식사를 하게 된 필과 농장 일꾼들은 숫기 없는 로즈의 아들 피터를 조롱하게 된다. 한편 로즈에게 연민의 정을 품고 있던 조지는 그녀에게 청혼을 하고, 로즈와 피터를 집으로 들여오게 되지만 이를 못마땅하게 여긴 필은 로즈 모자를 심리적으로 괴롭히기 시작한다. 2009년 〈브라이트 스타〉 이후 12년 만에 선보이는 제인 캠피온의 장편 극영화 〈파워 오브 도그〉는 광활한 몬타나 초원을 배경으로 펼쳐지는 미스터리와 로맨틱한 요소를 동시에 갖춘 그녀의 또 다른 수작이다. 필과 로즈 역을 맡은 베네딕트 컴버배치와 커스틴 던스트의 명품 연기도 이 작품을 봐야 할 이유 중 하나.",,,,제인 캠피온,베네딕트 컴버배치 / 커스틴 던스트 / 제시 플레몬스 / 코디 스밋 맥피,3.0,"영화보는 내내 어쩌라는건가 했는데 해설 코멘트보고 띠용한 영화
나같은 사람은 해설을 봐야 그제서야 영화가 완성 …",2025-05-20,https://an2-img.amz.wtchn.net/image/v2/NlD_FB0s9S5fKZb8G4wioQ.jpg?jwt=ZXlKaGJHY2lPaUpJVXpJMU5pSjkuZXlKdmNIUnpJanBiSW1SZk5Ea3dlRGN3TUhFNE1DSmRMQ0p3SWpvaUwzWXlMM04wYjNKbEwybHRZV2RsTHpFMk16WTVOalV5TnpZeU5Ea3dORGt6T1RFaWZRLnVWMDBFcUdEWUZac3J3c3dHeFR3a0kxSHdpNjlLb2YwTGJZeHhMOXJlZ28=,
이처럼 사소한 것들,,2024,드라마,,,"1985년 아일랜드의 소도시, 빌 펄롱은 석탄을 팔며 아내, 다섯 딸과 함께 소박하게 살아가고 있다. 크리스마스를 앞둔 어느 날, 지역 수녀원에 석탄을 배달하러 간 빌 펄롱은 숨겨져 있던 어떤 진실을 마주하게 된다.",,,,팀 밀란츠,킬리언 머피 / 에밀리 왓슨,3.0,킬리언 머피는 이래서 좋다 라고 이해되는 작품 중 하나,2025-05-20,https://an2-img.amz.wtchn.net/image/v2/AYpxcjXZigDFjsCrLITdjQ.jpg?jwt=ZXlKaGJHY2lPaUpJVXpJMU5pSjkuZXlKdmNIUnpJanBiSW1SZk5Ea3dlRGN3TUhFNE1DSmRMQ0p3SWpvaUwzWXlMM04wYjNKbEwybHRZV2RsTHpJME5UQXlORFkwTkRnek1EY3pNak1pZlEuWW9QRjN5TXgxUG12Ni1JZ0FESHBPdzFWb2Q3Q3pIanJKWEdsdE1mc1Ftaw==,
쉬리,,1999,액션 / 드라마 / 로맨스,,,"국가 비밀기관 OP의 특수요원인 중원(한석규)과 장길(송강호)은 최근 일어난 암살 사건을 수사 중이다. 제보를 약속한 무기밀매상 보스 임봉주가 눈앞에서 저격당하자, 둘은 저격 스타일을 보고 북한 특수요원 이방희가 활동을 재개했음을 안다. 북에서는 이방희의 특수교관이었던 박무영(최민식)이 북한 특수 8군단과 함께 내려오고 유중원과 이장길은 최근의 암살이 국방부에서 개발한 CTX와 관련이 있다는 사실을 알게 된다. 이를 깨달은 둘은 국방과학 연구소로 향하지만 이미 박무영이 CTX를 탈취한 상태다. 항상 적은 한 발 앞서 OP의 상황을 알게되고 OP 내부에서는 서로를 의심하게 된다. 명현(김윤진)과 결혼을 앞둔 중원은 명현을 피신시키는데...",,,,강제규,한석규 / 최민식 / 송강호 / 김윤진,2.5,"솔직히 다른건 잘 모르겠다, 턱선이 갸름한 최민식을 볼수있어서 좋다",2025-05-20,https://an2-img.amz.wtchn.net/image/v2/fDE5z1_-hXObe5Kjd7urqA.jpg?jwt=ZXlKaGJHY2lPaUpJVXpJMU5pSjkuZXlKdmNIUnpJanBiSW1SZk5Ea3dlRGN3TUhFNE1DSmRMQ0p3SWpvaUwzWXlMM04wYjNKbEwybHRZV2RsTHpFeU56UXpNVEF3TnpZek1UY3dOVEF6SW4wLkJBdjJYb2RUaV9meURiaXZNWDlCc3lGRUI0V3ZObXRieTVmMDlNRGljN0U=,
북북서로 진로를 돌려라,,1959,모험 / 미스터리 / 스릴러 / 액션,,,뉴욕의 광고업자 로저 O. 손힐(캐리 그랜트)은 어느 날 정부 요원 조지 캐플란으로 오인 받고 두 명의 괴한에게 납치된다. 그는 어느 저택에서 술을 강제로 마신 뒤 버려져 음주운전으로 체포된다. 다음날 홀어머니와 함께 현장으로 가보지만 그곳의 내부는 전날 밤과 전혀 다른 모습이었다. 손힐은 그 저택 주인이 UN 외교관이란 이야기를 듣고 UN 본부 로비에서 그에게 면회를 신청하나 엉뚱한 사람이 나왔다가 현장에서 등에 칼을 맞고 쓰러진다. 손힐은 삽시간에 살인범 누명까지 뒤집어쓰게 되고 경찰과 적 스파이들로부터 추격을 당한다. 그래서 그는 자신의 결백을 입증해 줄 수 있는 단 하나의 인물인 캐플란을 찾으러 시카고행 열차에 몸을 싣고 그 곳에서 우연히 만난 금발의 미녀 이브 켄들(에바 마리 세인트)과 사랑을 속삭이는데.,,,,알프레드 히치콕,캐리 그랜트 / 에바 마리 세인트 / 제임스 메이슨,3.5,아 맥거핀이 이거군요?,2025-05-20,https://an2-img.amz.wtchn.net/image/v2/kLLMkOS8mDVkW8zey2oi0w.jpg?jwt=ZXlKaGJHY2lPaUpJVXpJMU5pSjkuZXlKdmNIUnpJanBiSW1SZk5Ea3dlRGN3TUhFNE1DSmRMQ0p3SWpvaUwzWXlMM04wYjNKbEwybHRZV2RsTHpFMk5URTFNell3TlRVeU1EZ3lPVEUyTmpraWZRLlNnTEd5aldNSVJDUmZrS1dqUnctb0h4eGRIRDZkYmk0dk90NG9Dc3Mxb1k=,
승부,,2025,드라마,,,"세계 최고 바둑 대회에서 국내 최초 우승자가 된 조훈현. 전 국민적 영웅으로 대접받던 그는 바둑 신동이라 불리는 이창호를 제자로 맞는다.

“실전에선 기세가 8할이야”

제자와 한 지붕 아래에서 먹고 자며 가르친 지 수년. 모두가 스승의 뻔한 승리를 예상했던 첫 사제 대결에서 조훈현은 전 국민이 지켜보는 가운데, 기세를 탄 제자에게 충격적으로 패한다. 오랜만에 패배를 맛본 조훈현과 이제 승부의 맛을 알게 된 이창호. 조훈현은 타고난 승부사적 기질을 되살리며 다시 한번 올라갈 결심을 하게 되는데…",,,,김형주,이병헌 / 유아인,2.0,OCN 스타일,2025-05-11,https://an2-img.amz.wtchn.net/image/v2/dU1Wpv61k12PMd0r3JRLtQ.jpg?jwt=ZXlKaGJHY2lPaUpJVXpJMU5pSjkuZXlKdmNIUnpJanBiSW1SZk5Ea3dlRGN3TUhFNE1DSmRMQ0p3SWpvaUwzWXlMM04wYjNKbEwybHRZV2RsTHpFMk9UZzFPVGN6TXpZME1ETXpOREVpZlEub0xETUhxZE1weHRHT3NVUEJzNHk4YjZZSzZ5YmF3aHVkTExkNEhCSkVEMA==,
드라이브 마이 카,,2021,드라마,,,"누가 봐도 아름다운 부부 가후쿠와 오토. 우연히 아내의 외도를 목격한 가후쿠는 이유를 묻지 못한 채 갑작스럽게 아내의 죽음을 맞이하게 된다.

2년 후 히로시마의 연극제에 초청되어 작품의 연출을 하게 된 가후쿠. 그는 그곳에서 자신의 전속 드라이버 미사키를 만나게 된다. 말없이 묵묵히 가후쿠의 차를 운전하는 미사키와 오래된 습관인 아내가 녹음한 테이프를 들으며 대사를 연습하는 가후쿠.

조용한 차 안에서 두 사람은 점점 마음을 열게 되고, 서로가 과거의 아픔에서 벗어나지 못한 것을 알게 된다. 그리고 눈 덮인 홋카이도에서 내면에 깊숙이 자리 잡은 서로의 슬픔을 들여다보게 되는데….",,,,하마구치 류스케,니시지마 히데토시 / 미우라 토코,5.0,곱씹을수록 좋은 영화같다,2025-05-01,https://an2-img.amz.wtchn.net/image/v2/E2s8NjmNSlBL6GMSuGvXKg.jpg?jwt=ZXlKaGJHY2lPaUpJVXpJMU5pSjkuZXlKdmNIUnpJanBiSW1SZk5Ea3dlRGN3TUhFNE1DSmRMQ0p3SWpvaUwzWXlMM04wYjNKbEwybHRZV2RsTHpFMk56QXlPRGs1TlRNNU1qSXlNakU0TXpraWZRLmRiU2ZlV3FiU1ZsYnpQMnFLTDVnV1hBRkg3UXlMQWtXNEpuU2UtcU53ejg=,
아무도 모른다,,2004,드라마,,,"크리스마스 전에는 돌아오겠다는 메모와 약간의 돈을 남긴 채 어디론가 떠나버린 엄마. 열두 살의 장남 아키라, 둘째 교코, 셋째 시게루, 그리고 막내인 유키까지 네 명의 아이들은 엄마를 기다리며 하루하루를 보낸다. 아키라는 동생들을 돌보며 헤어지지 않으려고 최선을 다하지만, 겨울이 지나고 봄이 되어도 엄마는 나타나지 않는다. 시간이 흐를수록 엄마가 빨리 돌아오지 않을 것이라는 생각을 한 네 명의 아이들은 감당하기 벅찬 시간들을 서로에게 의지하며 함께 보내기 시작하는데…",,,,고레에다 히로카즈,야기라 유야 / 키타우라 아유 / 키무라 히에이 / 시미즈 모모코,4.5,차라리 아무도 몰랐으면 싶다가도 ..,2025-05-01,https://an2-img.amz.wtchn.net/image/v2/BZIO30heW2t69g-7InzcTQ.jpg?jwt=ZXlKaGJHY2lPaUpJVXpJMU5pSjkuZXlKdmNIUnpJanBiSW1SZk5Ea3dlRGN3TUhFNE1DSmRMQ0p3SWpvaUwzWXhMM2huY25ac1lXVjZkbXBxYjNOalpHWnpaMnc0SW4wLjJpZE5EWFpfZ1NfeXplbVNacW0xZUtnRlpqb01uUzg1WXZPZTd2TXdWZmM=,
파수꾼,,2010,드라마 / 틴에이저,,,"""잘못된 건 없어, 처음부터 너만 없었으면 돼…""

한 소년이 죽었다. 평소 아들에게 무심했던 소년의 아버지(조성하)는 아들의 갑작스런 공백에 매우 혼란스러워하며 뒤늦은 죄책감과 무력함에, 아들 기태(이제훈)의 죽음을 뒤쫓기 시작한다. 아들의 책상 서랍 안, 소중하게 보관되어 있던 사진 속에는 동윤(서준영)과 희준(박정민)이 있다. 하지만 학교를 찾아가 겨우 알아낸 사실은 한 아이는 전학을 갔고 한 아이는 장례식장에 오지도 않았다는 것. 뭔가 이상하다.

그러던 중, 간신히 찾아낸 희준은 ‘기태와 제일 친했던 것은 동윤’이라고 말하며 자세한 대답을 회피한다. 결국 아버지의 부탁으로 동윤을 찾아나선 희준. 하지만, 학교를 자퇴하고 떠나버린 친구는 어디에도 없다.

천진하고 순수했던 그 시절, 미성숙한 소통의 오해가 불러 일으킨 비극적 파국. 독단적 우정이 가져온 폭력과 그 상처의 전염은 우리를 아프고 충격적인 결말로 이끌어간다.

서로가 전부였던 이 세 친구들 사이에서
과연 무슨 일이 벌어진 걸까?",,,,윤성현,이제훈 / 서준영 / 박정민,3.5,박정민 영화 중에 제일 낫다고 봄,2025-05-01,https://an2-img.amz.wtchn.net/image/v2/vFjoITmJJbdoUFQ1JqBIJA.jpg?jwt=ZXlKaGJHY2lPaUpJVXpJMU5pSjkuZXlKdmNIUnpJanBiSW1SZk5Ea3dlRGN3TUhFNE1DSmRMQ0p3SWpvaUwzWXhMM0pyY210NmFubDBOR1poWlRneFpXOXZhbWhpSW4wLk1nOWI1N2VMQnZ4Zmg2TDhQWHhwWUw0SVJRa1BFMGM5djk5UWZQUDBlaWM=,
